num_acc;lum;agg;inter;atm;col;dep;date
2014001164;2;1;1;2;7;290;05/07/2014
2014001165;1;1;1;8;7;290;24/08/2014
2014001166;1;1;1;1;7;290;24/08/2014
2014001167;1;2;1;1;6;290;21/09/2014
2014001168;2;2;1;2;6;290;07/10/2014
2014001169;3;1;1;1;3;290;15/11/2014
2014001170;3;1;1;6;6;290;05/01/2014
2014001171;5;2;1;2;6;290;08/01/2014
2014001172;3;1;1;8;6;290;17/01/2014
2014001173;1;2;1;2;6;290;24/01/2014
2014001174;1;2;1;1;3;290;22/02/2014
2014001175;1;1;2;7;1;290;05/03/2014
2014001176;1;1;1;1;3;290;10/03/2014
2014001177;1;1;1;1;1;290;31/05/2014
2014001178;1;2;1;1;3;290;17/06/2014
2014001179;1;1;1;3;6;290;25/08/2014
2014001180;1;1;1;1;1;290;12/09/2014
2014001181;1;1;2;1;3;290;16/09/2014
2014001182;1;1;1;1;3;290;23/09/2014
2014001183;3;1;1;1;6;290;27/09/2014
2014001184;1;1;1;1;7;290;25/11/2014
2014001185;1;1;1;1;4;560;08/07/2014
2014001186;3;1;1;2;6;560;24/01/2014
2014001187;3;1;1;1;7;560;27/01/2014
2014001188;3;1;1;2;1;560;30/01/2014
2014001189;1;1;1;1;7;560;01/02/2014
2014001190;1;1;1;1;1;560;04/03/2014
2014001191;1;1;1;1;1;560;15/05/2014
2014001192;1;2;1;1;6;560;28/05/2014
2014001193;1;1;1;8;3;560;01/07/2014
2014001194;1;2;1;1;3;560;02/07/2014
2014001195;1;1;1;1;1;560;06/07/2014
2014001196;3;1;1;8;1;560;17/10/2014
2014001197;1;1;1;1;3;560;20/11/2014
2014001198;3;1;6;1;6;560;27/12/2014
2014001199;1;2;1;8;6;560;23/01/2014
2014001200;1;1;6;7;6;560;25/01/2014
2014001201;3;1;1;1;6;560;06/03/2014
2014001202;1;1;1;1;2;560;10/04/2014
2014001203;1;2;1;1;6;560;19/04/2014
2014001204;1;1;2;1;6;560;23/05/2014
2014001205;3;1;1;1;6;560;01/06/2014
2014001206;2;1;1;1;6;560;21/06/2014
2014001207;1;1;6;6;3;560;04/07/2014
2014001208;1;1;1;1;7;560;29/12/2014
2014001209;1;1;1;1;1;560;09/01/2014
2014001210;3;1;1;1;7;560;14/01/2014
2014001211;1;1;2;1;3;560;24/02/2014
2014001212;1;1;1;1;1;560;28/02/2014
2014001213;1;2;1;1;6;560;27/07/2014
2014001214;1;1;1;6;6;560;01/01/2014
2014001215;1;1;1;8;5;560;06/01/2014
2014001216;1;1;1;1;3;560;18/02/2014
2014001217;1;1;3;1;1;560;25/04/2014
2014001218;1;1;1;1;4;560;27/06/2014
2014001219;3;1;1;1;7;560;28/06/2014
2014001220;1;2;1;8;7;560;17/07/2014
2014001221;1;1;1;1;1;560;22/09/2014
2014001222;1;1;1;1;3;560;11/10/2014
2014001223;2;2;9;5;3;560;21/11/2014
2014001224;5;2;1;1;1;560;20/01/2014
2014001225;1;2;1;1;6;560;25/01/2014
2014001226;1;2;1;1;7;560;23/02/2014
2014001227;5;2;1;1;6;560;21/03/2014
2014001228;1;2;1;1;3;560;28/03/2014
2014001229;1;1;1;1;4;560;09/07/2014
2014001230;3;1;1;1;7;560;31/08/2014
2014001231;1;2;1;1;3;560;19/09/2014
2014001232;3;1;9;1;7;560;20/10/2014
2014001233;5;2;1;1;6;560;08/11/2014
2014001234;3;1;1;8;1;560;13/11/2014
2014001235;1;1;3;1;5;560;22/11/2014
2014001236;2;1;1;8;1;560;09/01/2014
2014001237;5;2;1;1;3;560;06/03/2014
2014001238;1;2;1;1;3;560;26/07/2014
2014001239;1;2;1;1;6;560;16/08/2014
2014001240;4;2;1;3;6;560;10/01/2014
2014001241;1;1;6;1;3;560;14/08/2014
2014001242;5;2;1;1;7;560;09/09/2014
2014001243;1;1;1;3;1;560;12/11/2014
2014001244;1;2;1;1;3;560;17/11/2014
2014001245;2;2;1;5;6;560;20/01/2014
2014001246;3;1;1;8;1;560;11/02/2014
2014001247;2;1;1;7;7;560;04/03/2014
2014001248;1;2;6;2;2;560;02/03/2014
2014001249;1;1;1;1;1;560;17/08/2014
2014001250;1;1;1;1;2;560;03/09/2014
2014001251;4;2;1;1;7;560;26/09/2014
2014001252;1;1;6;1;3;560;13/10/2014
2014001253;1;1;1;1;7;560;09/10/2014
2014001254;1;1;1;1;1;560;19/10/2014
2014001255;3;1;1;1;6;560;31/12/2014
2014001256;3;1;1;2;7;560;09/02/2014
2014001257;3;1;1;2;6;560;14/02/2014
2014001258;1;2;3;1;3;560;14/05/2014
2014001259;1;1;3;1;3;560;01/08/2014
2014001260;1;2;1;1;6;560;12/09/2014
2014001261;1;1;2;8;3;560;04/10/2014
2014001262;1;1;1;8;1;560;16/10/2014
2014001263;1;1;1;1;6;560;10/01/2014
2014001264;1;1;1;1;6;560;12/01/2014
2014001265;1;1;1;1;1;560;16/03/2014
2014001266;1;1;1;7;2;560;16/03/2014
2014001267;2;1;1;2;6;560;07/04/2014
2014001268;1;1;1;1;6;560;09/05/2014
2014001269;2;1;1;1;1;560;20/05/2014
2014001270;3;1;1;1;6;560;09/06/2014
2014001271;1;1;1;7;6;560;16/06/2014
2014001272;1;1;1;2;1;560;06/07/2014
2014001273;1;2;1;1;6;560;06/07/2014
2014001274;1;1;1;1;1;560;24/07/2014
2014001275;1;1;1;1;7;560;05/09/2014
2014001276;1;1;1;1;5;560;26/02/2014
2014001277;1;1;1;1;1;560;06/08/2014
2014001278;1;1;1;1;6;560;05/10/2014
2014001279;2;1;1;2;2;560;03/11/2014
2014001280;1;1;1;1;1;560;28/11/2014
2014001281;3;1;1;8;1;560;16/01/2014
2014001282;1;2;1;1;6;560;04/02/2014
2014001283;3;1;6;1;6;560;14/03/2014
2014001284;1;2;1;1;6;560;15/03/2014
2014001285;1;2;1;1;1;560;16/03/2014
2014001286;1;1;1;1;7;560;24/04/2014
2014001287;1;1;1;1;7;560;26/05/2014
2014001288;1;1;1;1;3;560;31/05/2014
2014001289;1;1;1;1;1;560;18/06/2014
2014001290;1;1;1;1;1;560;02/07/2014
2014001291;2;2;1;7;1;560;25/07/2014
2014001292;1;2;1;7;6;560;02/09/2014
2014001293;2;1;1;2;1;560;19/12/2014
2014001294;1;1;1;1;2;560;12/03/2014
2014001295;1;1;5;8;1;560;26/04/2014
2014001296;1;1;1;8;1;560;01/05/2014
2014001297;1;1;1;1;3;560;21/07/2014
2014001298;1;1;1;1;6;560;28/10/2014
2014001299;3;1;1;1;5;560;18/11/2014
2014001300;1;1;6;1;3;140;24/10/2014
2014001301;3;1;1;8;1;140;31/12/2014
2014001302;3;1;1;1;6;140;10/01/2014
2014001303;1;1;2;1;3;140;24/04/2014
2014001304;1;2;2;8;3;140;14/08/2014
2014001305;1;1;1;1;7;140;29/11/2014
2014001306;3;1;1;6;6;140;28/12/2014
2014001307;2;1;1;8;6;140;09/01/2014
2014001308;3;1;1;1;1;140;16/01/2014
2014001309;5;1;1;2;3;140;27/02/2014
2014001310;2;1;2;1;3;140;04/03/2014
2014001311;1;1;6;1;3;140;18/03/2014
2014001312;4;2;1;1;6;140;11/05/2014
2014001313;1;1;3;3;3;140;25/05/2014
2014001314;1;1;1;8;1;140;28/05/2014
2014001315;3;1;2;1;3;140;10/11/2014
2014001316;5;2;3;3;6;140;01/01/2014
2014001317;1;2;1;1;3;140;13/01/2014
2014001318;2;1;1;8;1;140;12/02/2014
2014001319;3;1;1;5;6;140;13/03/2014
2014001320;1;1;1;1;1;140;01/04/2014
2014001321;1;1;1;1;1;140;24/04/2014
2014001322;3;1;1;1;6;140;08/05/2014
2014001323;1;1;1;1;2;140;14/05/2014
2014001324;1;2;1;1;1;140;13/06/2014
2014001325;1;1;1;1;3;140;15/06/2014
2014001326;1;1;1;1;1;140;25/06/2014
2014001327;1;2;1;1;6;140;01/07/2014
2014001328;1;1;1;1;3;140;14/09/2014
2014001329;1;2;1;1;1;140;17/09/2014
2014001330;1;1;1;2;3;140;03/11/2014
2014001331;5;2;1;1;1;140;01/12/2014
2014001332;1;1;1;1;6;140;07/12/2014
2014001333;4;2;1;1;6;140;25/12/2014
2014001334;5;2;2;1;3;140;07/01/2014
2014001335;1;2;2;1;3;140;10/03/2014
2014001336;5;2;2;1;6;140;11/03/2014
2014001337;1;1;3;1;3;140;12/06/2014
2014001338;2;2;3;2;6;140;17/08/2014
2014001339;1;2;1;1;1;140;08/10/2014
2014001340;1;2;2;2;3;140;12/10/2014
2014001341;1;2;2;1;3;140;22/11/2014
2014001342;5;2;1;1;1;140;28/11/2014
2014001343;1;1;1;8;1;140;01/12/2014
2014001344;1;2;1;1;6;140;11/01/2014
2014001345;1;1;1;1;7;140;05/04/2014
2014001346;1;1;3;5;3;140;09/04/2014
2014001347;3;1;2;1;1;140;02/05/2014
2014001348;3;2;1;1;6;140;23/08/2014
2014001349;1;2;1;1;7;140;04/09/2014
2014001350;3;1;1;1;6;140;14/10/2014
2014001351;1;2;1;1;6;140;18/04/2014
2014001352;5;1;1;1;3;140;10/06/2014
2014001353;3;2;1;2;3;140;06/07/2014
2014001354;2;1;1;2;6;140;29/09/2014
2014001355;1;1;1;1;1;140;10/10/2014
2014001356;3;1;6;3;1;140;02/12/2014
2014001357;1;1;1;1;7;140;17/06/2014
2014001358;1;1;1;1;1;140;20/11/2014
2014001359;3;1;6;1;6;140;15/03/2014
2014001360;1;1;1;1;6;140;25/04/2014
2014001361;1;2;2;1;3;140;27/06/2014
2014001362;1;1;1;1;7;140;26/07/2014
2014001363;1;1;1;1;4;140;21/08/2014
2014001364;1;1;2;1;5;140;05/09/2014
2014001365;3;1;1;8;6;140;28/03/2014
2014001366;2;2;1;1;6;140;20/06/2014
2014001367;3;1;1;1;6;140;03/07/2014
2014001368;1;1;1;1;7;140;26/07/2014
2014001369;1;1;1;1;1;140;05/11/2014
2014001370;1;1;2;1;6;140;06/11/2014
2014001371;1;1;2;1;3;140;22/11/2014
2014001372;1;1;1;2;3;140;17/01/2014
2014001373;1;1;1;1;1;140;19/01/2014
2014001374;3;1;1;1;1;140;09/03/2014
2014001375;1;2;2;1;3;140;25/09/2014
2014001376;2;2;1;2;3;140;17/11/2014
2014001377;1;1;7;1;7;140;01/12/2014
2014001378;1;1;1;1;3;140;25/12/2014
2014001379;3;1;1;1;3;140;25/01/2014
2014001380;1;1;1;6;3;140;07/02/2014
2014001381;1;1;1;1;1;140;22/10/2014
2014001382;3;2;1;1;6;140;29/11/2014
2014001383;3;1;1;3;1;140;31/01/2014
2014001384;3;1;1;3;6;140;28/02/2014
2014001385;1;1;1;1;6;140;01/03/2014
2014001386;2;2;2;1;3;140;10/03/2014
2014001387;1;1;1;1;3;140;16/03/2014
2014001388;1;1;1;1;6;140;09/06/2014
2014001389;1;1;1;2;7;140;29/07/2014
2014001390;1;1;1;1;1;140;27/08/2014
2014001391;1;1;3;8;3;140;30/08/2014
2014001392;1;1;1;1;3;140;28/09/2014
2014001393;1;1;1;1;3;140;28/09/2014
2014001394;3;1;1;3;1;140;16/10/2014
2014001395;1;1;1;1;6;140;15/11/2014
2014001396;2;1;1;1;1;140;22/11/2014
2014001397;1;1;1;8;6;140;25/12/2014
2014001398;2;1;1;1;6;140;13/01/2014
2014001399;5;2;1;2;6;140;17/01/2014
2014001400;1;2;1;1;6;140;11/04/2014
2014001401;1;2;1;1;6;140;03/05/2014
2014001402;3;1;1;3;7;140;28/08/2014
2014001403;1;2;1;1;6;140;13/10/2014
2014001404;2;1;3;7;3;140;05/11/2014
2014001405;1;1;1;8;6;140;15/01/2014
2014001406;1;1;2;1;3;140;19/03/2014
2014001407;1;1;1;1;1;140;05/04/2014
2014001408;1;1;1;1;3;140;23/07/2014
2014001409;1;1;1;1;1;140;26/07/2014
2014001410;3;1;1;2;6;140;01/10/2014
2014001411;1;2;1;2;6;140;05/02/2014
2014001412;2;1;1;1;3;140;01/03/2014
2014001413;1;1;1;1;3;140;11/04/2014
2014001414;1;1;2;1;1;140;25/05/2014
2014001415;1;2;1;1;3;140;24/06/2014
2014001416;2;1;1;2;7;140;13/10/2014
2014001417;3;1;1;1;6;140;07/11/2014
2014001418;1;1;9;1;2;500;09/03/2014
2014001419;2;1;1;1;6;500;16/05/2014
2014001420;1;2;2;1;3;500;19/05/2014
2014001421;1;1;1;1;6;500;10/09/2014
2014001422;1;1;2;1;1;500;17/09/2014
2014001423;3;1;1;1;1;500;22/02/2014
2014001424;3;1;1;1;6;500;06/04/2014
2014001425;1;1;1;2;1;500;06/10/2014
2014001426;2;1;1;1;1;500;23/05/2014
2014001427;1;1;1;1;1;500;06/09/2014
2014001428;1;1;1;1;1;940;20/01/2014
2014001429;1;1;1;1;4;940;05/03/2014
2014001430;1;1;2;1;3;500;12/01/2014
2014001431;2;1;8;7;3;940;17/04/2014
2014001432;1;1;6;1;4;940;09/04/2014
2014001433;2;1;1;2;7;940;06/05/2014
2014001434;2;1;1;2;7;940;10/07/2014
2014001435;5;1;1;8;5;940;11/08/2014
2014001436;5;1;1;1;2;940;18/09/2014
2014001437;1;1;1;1;6;940;08/10/2014
2014001438;5;1;1;1;4;940;11/10/2014
2014001439;1;1;1;1;2;940;14/10/2014
2014001440;5;1;1;1;6;940;23/10/2014
2014001441;5;2;8;1;3;940;08/11/2014
2014001442;1;1;2;1;5;500;29/04/2014
2014001443;1;2;3;1;1;500;26/07/2014
2014001444;2;2;1;1;6;500;14/09/2014
2014001445;3;1;1;1;6;500;22/09/2014
2014001446;1;2;2;8;6;500;14/11/2014
2014001447;1;1;3;1;3;500;06/03/2014
2014001448;1;1;3;1;3;500;29/03/2014
2014001449;1;1;1;1;1;500;20/07/2014
2014001450;1;2;1;1;6;500;14/08/2014
2014001451;1;2;3;1;1;500;24/09/2014
2014001452;1;2;1;1;6;500;25/10/2014
2014001453;5;2;1;1;6;500;23/12/2014
2014001454;1;1;1;8;1;500;13/01/2014
2014001455;1;1;1;1;6;500;25/04/2014
2014001456;1;1;1;1;2;500;30/05/2014
2014001457;1;1;3;1;2;500;06/06/2014
2014001458;1;2;4;1;3;500;25/06/2014
2014001459;3;1;1;1;1;500;12/07/2014
2014001460;3;1;2;1;3;500;28/07/2014
2014001461;1;1;1;1;6;500;18/08/2014
2014001462;1;1;1;2;1;500;28/08/2014
2014001463;1;1;1;1;1;500;01/09/2014
2014001464;2;2;1;1;6;500;20/09/2014
2014001465;1;1;1;8;3;500;13/10/2014
2014001466;1;1;1;1;1;500;08/11/2014
2014001467;3;1;1;8;6;500;05/12/2014
2014001468;3;1;2;1;3;500;14/12/2014
2014001469;1;1;2;1;3;500;18/06/2014
2014001470;1;1;2;1;1;500;14/07/2014
2014001471;1;1;1;1;3;500;10/08/2014
2014001472;3;1;1;1;6;500;06/12/2014
2014001473;5;2;5;2;3;500;07/12/2014
2014001474;1;1;1;1;1;500;02/05/2014
2014001475;1;2;3;8;1;500;20/05/2014
2014001476;1;1;1;1;6;500;17/10/2014
2014001477;1;1;4;1;3;500;06/11/2014
2014001478;3;1;2;2;3;500;19/12/2014
2014001479;3;1;2;2;1;500;20/02/2014
2014001480;3;1;3;1;3;500;18/02/2014
2014001481;1;1;1;1;6;500;22/03/2014
2014001482;1;1;1;1;3;500;19/06/2014
2014001483;1;1;6;7;3;500;07/07/2014
2014001484;1;1;1;1;6;500;27/10/2014
2014001485;1;1;3;8;3;500;11/01/2014
2014001486;1;1;1;8;1;500;09/02/2014
2014001487;1;2;1;1;6;500;25/04/2014
2014001488;1;1;3;1;2;500;31/05/2014
2014001489;1;1;1;1;1;500;08/06/2014
2014001490;1;1;3;1;1;500;09/06/2014
2014001491;1;1;1;1;1;500;31/07/2014
2014001492;1;2;3;1;3;500;01/11/2014
2014001493;5;2;1;2;6;500;22/11/2014
2014001494;3;1;1;5;6;500;17/12/2014
2014001495;1;2;1;2;7;500;06/02/2014
2014001496;1;1;1;8;6;500;28/04/2014
2014001497;1;1;1;1;6;500;04/07/2014
2014001498;1;2;1;1;7;500;20/07/2014
2014001499;1;1;1;1;5;500;23/10/2014
2014001500;1;1;1;1;7;500;13/04/2014
2014001501;1;1;1;1;3;500;15/06/2014
2014001502;2;1;1;1;6;500;22/06/2014
2014001503;1;1;3;1;3;500;14/08/2014
2014001504;1;2;3;1;5;500;21/09/2014
2014001505;2;1;3;8;3;500;01/11/2014
2014001506;2;2;1;1;6;500;29/12/2014
2014001507;1;1;1;7;3;500;31/03/2014
2014001508;1;1;1;1;1;500;14/05/2014
2014001509;1;1;6;1;2;500;28/05/2014
2014001510;1;1;2;1;3;500;26/06/2014
2014001511;1;1;6;1;3;500;10/07/2014
2014001512;1;1;1;1;6;500;03/08/2014
2014001513;1;1;1;3;7;500;07/10/2014
2014001514;3;1;6;5;7;500;18/11/2014
2014001515;3;1;3;1;2;500;20/01/2014
2014001516;2;1;2;2;1;500;24/01/2014
2014001517;3;1;1;8;6;500;15/02/2014
2014001518;3;1;1;1;6;500;02/03/2014
2014001519;1;1;3;1;2;500;09/04/2014
2014001520;1;2;6;1;3;500;07/06/2014
2014001521;1;1;2;1;3;500;22/06/2014
2014001522;3;1;1;1;6;500;12/07/2014
2014001523;1;1;3;8;3;500;08/11/2014
2014001524;1;1;1;1;6;500;11/11/2014
2014001525;1;1;1;1;7;500;14/11/2014
2014001526;1;1;3;2;2;500;02/12/2014
2014001527;3;2;1;3;6;500;07/01/2014
2014001528;4;2;3;1;6;500;18/01/2014
2014001529;3;1;2;3;3;500;31/01/2014
2014001530;1;1;2;1;1;500;04/02/2014
2014001531;2;1;2;3;2;500;06/02/2014
2014001532;1;2;1;2;2;500;28/04/2014
2014001533;1;2;1;3;1;500;27/04/2014
2014001534;3;1;1;1;3;500;13/06/2014
2014001535;1;2;2;1;6;500;16/06/2014
2014001536;2;2;2;1;3;500;20/09/2014
2014001537;1;2;1;1;6;500;12/09/2014
2014001538;5;2;1;1;6;500;04/10/2014
2014001539;1;1;1;1;6;500;05/10/2014
2014001540;1;1;2;1;2;500;11/10/2014
2014001541;1;1;1;1;7;500;18/10/2014
2014001542;5;2;1;2;6;500;11/12/2014
2014001543;1;2;1;1;3;500;16/12/2014
2014001544;3;1;1;8;7;500;25/01/2014
2014001545;1;1;1;1;1;500;26/04/2014
2014001546;1;1;1;1;1;500;15/05/2014
2014001547;1;2;3;1;3;500;16/05/2014
2014001548;1;1;1;1;1;500;15/05/2014
2014001549;1;1;2;1;3;500;17/05/2014
2014001550;1;2;1;1;6;500;15/10/2014
2014001551;3;1;2;8;3;10;06/01/2014
2014001552;3;2;2;1;3;10;06/01/2014
2014001553;3;1;1;1;2;10;08/01/2014
2014001554;1;2;2;1;3;10;26/01/2014
2014001555;1;2;2;1;3;10;27/01/2014
2014001556;1;2;1;2;1;10;05/02/2014
2014001557;1;1;3;3;2;10;15/02/2014
2014001558;1;2;2;1;3;10;22/02/2014
2014001559;1;2;1;2;3;10;26/02/2014
2014001560;5;2;2;1;3;10;01/03/2014
2014001561;5;2;2;1;1;10;15/03/2014
2014001562;3;2;1;1;6;10;18/03/2014
2014001563;1;2;1;1;4;10;21/03/2014
2014001564;3;1;1;1;6;10;12/04/2014
2014001565;1;1;2;1;3;10;22/04/2014
2014001566;1;2;3;2;6;10;02/05/2014
2014001567;1;2;6;2;6;10;02/05/2014
2014001568;1;2;1;1;7;10;09/05/2014
2014001569;1;1;3;1;5;10;19/05/2014
2014001570;1;2;2;1;4;10;24/05/2014
2014001571;1;2;2;1;3;10;28/05/2014
2014001572;1;2;1;1;3;10;02/06/2014
2014001573;1;2;1;1;2;10;05/06/2014
2014001574;1;2;6;7;3;10;12/06/2014
2014001575;1;2;1;1;6;10;16/06/2014
2014001576;1;1;1;1;6;10;18/06/2014
2014001577;1;2;6;1;2;10;23/06/2014
2014001578;1;2;3;1;3;10;24/06/2014
2014001579;1;1;1;1;1;10;25/06/2014
2014001580;1;1;2;1;3;10;26/06/2014
2014001581;1;2;1;8;6;10;28/06/2014
2014001582;1;2;2;1;6;10;01/07/2014
2014001583;1;1;1;1;4;10;01/07/2014
2014001584;1;2;1;6;2;10;03/07/2014
2014001585;5;2;6;2;6;10;05/07/2014
2014001586;5;2;2;1;3;10;06/07/2014
2014001587;5;2;1;1;6;10;06/07/2014
2014001588;1;2;2;2;6;10;11/07/2014
2014001589;5;2;2;1;3;10;17/07/2014
2014001590;1;2;3;1;4;10;24/07/2014
2014001591;1;2;1;1;1;10;01/08/2014
2014001592;1;2;1;1;3;10;15/08/2014
2014001593;1;1;1;1;1;10;28/08/2014
2014001594;1;2;1;1;6;10;10/09/2014
2014001595;1;2;1;1;6;10;14/09/2014
2014001596;1;2;2;1;3;10;30/09/2014
2014001597;3;2;2;1;6;10;30/09/2014
2014001598;1;2;1;7;6;10;03/10/2014
2014001599;5;2;1;2;5;10;10/10/2014
2014001600;1;2;2;1;3;10;14/10/2014
2014001601;3;1;1;1;4;10;24/10/2014
2014001602;5;2;1;3;6;10;03/11/2014
2014001603;1;1;2;8;3;10;10/11/2014
2014001604;1;2;1;1;4;10;10/11/2014
2014001605;5;2;1;2;5;10;16/11/2014
2014001606;1;2;2;1;2;10;22/11/2014
2014001607;5;2;2;2;3;10;26/11/2014
2014001608;5;1;1;2;3;10;26/11/2014
2014001609;3;1;1;5;3;10;26/11/2014
2014001610;5;2;2;2;2;10;02/12/2014
2014001611;1;2;3;2;3;10;10/12/2014
2014001612;1;2;9;2;6;10;16/12/2014
2014001613;1;1;1;3;4;10;18/12/2014
2014001614;1;2;0;5;6;10;19/12/2014
2014001615;5;2;1;2;6;10;20/12/2014
2014001616;1;1;1;2;6;610;05/02/2014
2014001617;2;2;3;2;2;610;15/01/2014
2014001618;1;1;1;2;7;610;13/02/2014
2014001619;3;1;1;1;6;610;21/04/2014
2014001620;1;1;1;1;7;610;07/06/2014
2014001621;3;1;1;1;6;610;16/06/2014
2014001622;1;1;2;1;3;610;11/07/2014
2014001623;3;2;3;1;3;610;06/11/2014
2014001624;3;1;2;1;1;610;07/11/2014
2014001625;3;1;2;1;3;610;09/12/2014
2014001626;1;1;2;8;3;610;16/01/2014
2014001627;3;1;1;8;6;610;19/01/2014
2014001628;3;1;1;6;6;610;07/02/2014
2014001629;3;1;1;3;3;610;12/02/2014
2014001630;1;1;3;1;6;610;16/03/2014
2014001631;1;1;4;7;3;610;07/06/2014
2014001632;1;2;2;1;3;610;10/06/2014
2014001633;1;2;3;1;3;610;15/06/2014
2014001634;1;1;1;1;6;610;22/06/2014
2014001635;1;2;1;1;6;610;14/07/2014
2014001636;1;2;5;1;3;610;27/09/2014
2014001637;1;1;1;1;1;610;10/10/2014
2014001638;1;1;1;1;6;610;18/10/2014
2014001639;1;1;1;6;6;610;27/02/2014
2014001640;1;2;2;2;3;610;01/05/2014
2014001641;2;1;1;1;6;610;31/08/2014
2014001642;1;1;1;1;3;610;10/09/2014
2014001643;1;1;1;1;6;610;15/09/2014
2014001644;1;1;1;2;1;610;06/10/2014
2014001645;3;1;1;2;6;610;22/11/2014
2014001646;3;1;1;1;1;610;24/12/2014
2014001647;2;1;1;1;7;610;25/01/2014
2014001648;1;2;1;1;6;610;24/07/2014
2014001649;1;1;3;1;5;610;25/10/2014
2014001650;5;2;3;2;6;610;08/11/2014
2014001651;5;2;4;2;6;610;11/11/2014
2014001652;1;2;1;1;6;610;18/05/2014
2014001653;4;2;2;1;3;610;08/06/2014
2014001654;1;2;3;7;6;610;13/06/2014
2014001655;1;1;2;1;3;610;14/06/2014
2014001656;1;1;4;1;1;610;10/07/2014
2014001657;1;1;1;1;7;610;27/09/2014
2014001658;1;2;3;1;3;610;13/03/2014
2014001659;3;1;1;1;7;610;16/03/2014
2014001660;1;2;3;1;3;610;15/05/2014
2014001661;1;1;1;2;7;610;12/07/2014
2014001662;1;2;4;1;6;610;13/07/2014
2014001663;1;2;2;1;3;610;27/08/2014
2014001664;1;2;6;1;3;610;09/10/2014
2014001665;1;1;1;1;6;610;26/10/2014
2014001666;1;2;6;1;6;610;31/10/2014
2014001667;1;1;1;1;1;610;12/11/2014
2014001668;1;1;1;1;3;610;08/09/2014
2014001669;1;1;2;1;1;610;19/07/2014
2014001670;1;1;1;1;1;610;26/10/2014
2014001671;1;1;1;1;1;610;13/01/2014
2014001672;5;2;1;2;6;610;17/01/2014
2014001673;2;1;1;7;6;610;14/01/2014
2014001674;1;1;1;1;1;610;25/03/2014
2014001675;3;1;1;1;7;610;10/05/2014
2014001676;1;1;3;1;3;610;19/06/2014
2014001677;1;1;3;1;5;610;23/09/2014
2014001678;4;1;1;3;6;610;06/11/2014
2014001679;3;1;1;4;6;610;28/12/2014
2014001680;1;1;1;1;1;610;31/03/2014
2014001681;1;1;1;2;7;610;08/06/2014
2014001682;1;2;1;2;1;610;08/08/2014
2014001683;3;1;1;1;3;610;05/11/2014
2014001684;1;1;4;1;1;610;27/12/2014
2014001685;1;2;1;1;6;440;26/03/2014
2014001686;1;1;1;1;1;440;14/03/2014
2014001687;1;1;1;1;7;440;24/03/2014
2014001688;1;2;1;1;2;440;14/05/2014
2014001689;1;2;1;1;6;440;18/07/2014
2014001690;1;1;1;1;1;440;19/10/2014
2014001691;1;1;1;1;3;440;25/03/2014
2014001692;3;1;1;2;1;440;26/04/2014
2014001693;1;1;1;2;6;440;23/05/2014
2014001694;1;2;1;1;1;440;19/06/2014
2014001695;1;1;1;1;1;440;03/07/2014
2014001696;1;1;1;1;1;440;05/07/2014
2014001697;3;2;1;1;1;440;10/08/2014
2014001698;2;2;1;1;1;440;06/09/2014
2014001699;2;1;1;1;4;440;20/10/2014
2014001700;1;1;1;1;6;440;30/10/2014
2014001701;2;1;1;1;6;440;09/11/2014
2014001702;1;1;1;1;1;440;19/03/2014
2014001703;1;1;2;1;3;440;02/04/2014
2014001704;3;1;1;1;6;440;10/07/2014
2014001705;3;1;1;1;6;440;14/07/2014
2014001706;1;1;1;1;6;440;07/08/2014
2014001707;3;1;1;2;7;440;12/02/2014
2014001708;1;1;1;1;3;440;09/05/2014
2014001709;1;1;1;1;3;440;14/06/2014
2014001710;1;1;1;1;2;440;08/07/2014
2014001711;1;2;6;1;3;440;31/03/2014
2014001712;3;1;1;1;1;440;15/05/2014
2014001713;1;2;1;1;2;440;25/05/2014
2014001714;1;2;1;1;6;440;18/07/2014
2014001715;1;1;1;1;6;440;19/08/2014
2014001716;1;1;2;1;3;440;12/09/2014
2014001717;1;2;1;1;6;440;06/11/2014
2014001718;5;2;1;8;6;440;18/12/2014
2014001719;3;1;1;1;7;440;18/01/2014
2014001720;1;1;1;1;7;440;13/04/2014
2014001721;1;1;1;1;1;440;24/08/2014
2014001722;3;1;2;1;3;440;04/09/2014
2014001723;1;2;6;1;3;440;04/10/2014
2014001724;1;1;1;1;1;440;23/10/2014
2014001725;1;1;1;5;6;440;14/12/2014
2014001726;1;1;1;1;3;440;14/03/2014
2014001727;1;1;1;7;6;440;25/09/2014
2014001728;3;1;1;1;6;440;18/01/2014
2014001729;1;1;1;7;2;440;02/02/2014
2014001730;1;1;1;1;6;440;04/04/2014
2014001731;1;1;1;1;3;440;19/05/2014
2014001732;1;1;9;1;3;440;04/07/2014
2014001733;1;2;1;1;6;440;14/01/2014
2014001734;1;1;1;7;6;440;20/01/2014
2014001735;1;2;1;1;6;440;27/02/2014
2014001736;3;1;1;1;6;440;04/05/2014
2014001737;3;1;1;1;7;440;24/07/2014
2014001738;1;1;1;7;6;440;13/09/2014
2014001739;3;1;2;2;3;440;08/01/2014
2014001740;1;1;1;1;1;440;11/01/2014
2014001741;1;1;2;2;3;440;13/01/2014
2014001742;3;1;1;2;3;440;10/02/2014
2014001743;1;2;1;2;6;440;28/03/2014
2014001744;1;1;1;1;6;440;25/04/2014
2014001745;3;1;1;2;6;440;27/04/2014