num_acc;lum;agg;inter;atm;col;dep;date
2014002326;1;2;1;1;6;850;07/09/2014
2014002327;1;1;1;1;1;850;27/09/2014
2014002328;1;1;1;1;3;850;15/07/2014
2014002329;1;1;1;1;1;850;17/08/2014
2014002330;1;1;1;1;2;850;14/03/2014
2014002331;1;1;1;1;7;850;22/04/2014
2014002332;1;1;1;2;6;850;10/05/2014
2014002333;1;1;1;1;1;850;16/05/2014
2014002334;1;2;1;1;6;850;12/05/2014
2014002335;5;2;1;1;6;850;24/05/2014
2014002336;1;1;1;1;3;850;08/07/2014
2014002337;1;1;1;1;2;850;25/07/2014
2014002338;1;1;1;1;6;850;11/08/2014
2014002339;1;1;1;1;2;850;19/09/2014
2014002340;1;1;1;1;3;850;23/09/2014
2014002341;2;2;1;1;3;850;13/10/2014
2014002342;5;2;1;1;7;850;04/01/2014
2014002343;1;1;1;1;6;850;26/04/2014
2014002344;5;1;1;1;1;850;03/05/2014
2014002345;1;1;1;1;3;850;14/01/2014
2014002346;1;2;6;1;3;850;25/01/2014
2014002347;2;2;1;1;1;850;18/02/2014
2014002348;5;2;1;1;6;850;15/03/2014
2014002349;1;2;6;1;3;850;26/03/2014
2014002350;5;2;1;1;6;850;30/03/2014
2014002351;3;1;1;1;6;850;05/04/2014
2014002352;3;1;1;2;6;850;26/04/2014
2014002353;1;2;6;1;3;850;25/04/2014
2014002354;1;2;8;1;3;850;14/05/2014
2014002355;2;2;1;1;3;850;07/05/2014
2014002356;1;2;7;1;1;850;22/05/2014
2014002357;1;2;1;1;1;850;28/05/2014
2014002358;1;2;6;1;3;850;30/05/2014
2014002359;1;2;1;1;1;850;25/07/2014
2014002360;2;1;6;1;7;850;03/08/2014
2014002361;1;2;6;1;3;850;05/08/2014
2014002362;1;2;1;1;6;850;26/09/2014
2014002363;2;1;1;1;6;850;14/10/2014
2014002364;1;1;1;1;2;850;20/10/2014
2014002365;1;1;1;1;6;850;24/10/2014
2014002366;5;2;1;4;1;850;29/12/2014
2014002367;1;1;1;1;5;850;22/06/2014
2014002368;1;2;6;2;6;850;05/07/2014
2014002369;4;2;1;1;6;850;26/06/2014
2014002370;1;1;1;1;1;850;10/07/2014
2014002371;1;2;1;1;1;850;29/07/2014
2014002372;1;1;1;2;1;850;02/08/2014
2014002373;1;1;1;1;1;850;02/08/2014
2014002374;1;1;1;1;1;850;07/08/2014
2014002375;1;1;1;3;7;850;08/08/2014
2014002376;1;2;1;1;1;850;18/08/2014
2014002377;1;2;1;1;1;850;22/08/2014
2014002378;1;2;7;8;6;850;27/08/2014
2014002379;3;1;1;1;3;850;14/09/2014
2014002380;1;1;1;1;3;850;27/09/2014
2014002381;1;2;1;1;1;850;24/10/2014
2014002382;3;1;1;1;7;850;01/12/2014
2014002383;1;1;1;1;3;850;15/12/2014
2014002384;1;1;1;1;3;850;15/12/2014
2014002385;3;1;1;8;7;850;17/12/2014
2014002386;1;2;1;1;6;850;21/12/2014
2014002387;4;2;1;1;6;850;26/01/2014
2014002388;5;2;1;1;1;850;01/02/2014
2014002389;1;2;1;2;1;850;13/02/2014
2014002390;1;1;1;1;6;850;25/02/2014
2014002391;3;1;1;1;3;850;07/03/2014
2014002392;3;1;1;1;2;850;22/04/2014
2014002393;1;2;1;1;3;850;22/04/2014
2014002394;1;1;1;1;1;850;15/05/2014
2014002395;1;1;1;1;6;850;14/06/2014
2014002396;1;1;1;1;1;850;26/06/2014
2014002397;4;2;1;1;7;850;29/07/2014
2014002398;2;1;1;1;5;850;14/10/2014
2014002399;1;2;1;7;6;850;19/10/2014
2014002400;3;1;1;1;6;850;21/11/2014
2014002401;1;1;1;8;6;850;05/12/2014
2014002402;1;1;1;1;3;850;29/12/2014
2014002403;3;1;1;3;1;330;09/10/2014
2014002404;1;1;1;4;6;330;03/03/2014
2014002405;1;2;1;7;5;330;27/09/2014
2014002406;3;1;1;1;5;330;24/12/2014
2014002407;1;2;1;1;1;330;07/02/2014
2014002408;1;2;1;1;6;330;17/03/2014
2014002409;1;1;1;1;1;330;17/06/2014
2014002410;3;1;1;1;6;330;17/08/2014
2014002411;1;2;1;1;6;330;22/08/2014
2014002412;2;1;1;8;2;330;29/10/2014
2014002413;5;1;1;1;1;330;21/11/2014
2014002414;1;2;1;8;1;330;27/02/2014
2014002415;1;2;1;1;3;330;01/03/2014
2014002416;5;2;1;1;7;330;01/06/2014
2014002417;1;1;1;1;3;330;20/06/2014
2014002418;2;2;9;1;3;330;25/08/2014
2014002419;5;2;1;3;3;330;17/11/2014
2014002420;1;2;1;1;3;330;04/04/2014
2014002421;5;2;1;1;6;330;27/04/2014
2014002422;1;2;1;1;6;330;26/07/2014
2014002423;1;2;1;1;3;330;14/10/2014
2014002424;1;1;1;1;2;330;31/10/2014
2014002425;1;2;1;1;5;330;18/04/2014
2014002426;1;1;1;1;6;330;06/06/2014
2014002427;1;1;1;1;5;330;02/07/2014
2014002428;1;1;2;3;3;330;03/03/2014
2014002429;1;2;1;1;5;330;07/03/2014
2014002430;1;1;1;1;3;330;11/04/2014
2014002431;1;2;1;1;3;330;14/05/2014
2014002432;1;2;1;1;6;330;01/06/2014
2014002433;1;2;1;1;6;330;16/06/2014
2014002434;1;1;1;1;3;330;10/07/2014
2014002435;1;2;1;1;3;330;24/07/2014
2014002436;1;2;3;1;3;330;25/08/2014
2014002437;5;2;6;1;6;330;13/09/2014
2014002438;1;1;1;1;1;330;20/10/2014
2014002439;1;2;1;2;2;330;12/11/2014
2014002440;1;2;6;2;3;330;12/11/2014
2014002441;3;1;1;1;6;330;20/11/2014
2014002442;5;2;1;1;6;330;27/11/2014
2014002443;2;2;1;1;3;330;09/12/2014
2014002444;3;1;1;1;6;330;06/03/2014
2014002445;1;1;1;1;1;330;14/03/2014
2014002446;1;1;2;1;3;330;05/09/2014
2014002447;3;1;1;1;5;330;01/11/2014
2014002448;1;1;2;1;3;330;08/11/2014
2014002449;1;2;1;2;6;330;15/02/2014
2014002450;2;2;1;2;6;330;13/05/2014
2014002451;5;2;2;1;3;330;14/06/2014
2014002452;3;2;1;1;6;330;27/07/2014
2014002453;1;1;1;1;1;330;29/07/2014
2014002454;1;2;1;1;3;330;04/09/2014
2014002455;1;1;1;2;1;330;09/10/2014
2014002456;1;1;1;1;7;330;08/03/2014
2014002457;1;1;1;1;3;330;03/05/2014
2014002458;1;1;3;1;3;330;05/08/2014
2014002459;1;2;1;3;3;330;08/09/2014
2014002460;5;2;1;2;6;330;15/01/2014
2014002461;2;1;1;5;6;330;30/04/2014
2014002462;1;2;2;1;3;330;08/06/2014
2014002463;1;1;1;1;3;330;04/07/2014
2014002464;1;2;1;1;3;330;13/09/2014
2014002465;5;2;1;1;1;330;09/11/2014
2014002466;5;2;1;1;7;330;14/12/2014
2014002467;3;1;1;2;1;330;24/01/2014
2014002468;5;2;1;1;7;330;16/07/2014
2014002469;3;1;1;1;3;330;08/01/2014
2014002470;1;2;2;1;3;330;11/01/2014
2014002471;3;2;1;2;6;330;02/03/2014
2014002472;1;2;1;1;3;330;08/04/2014
2014002473;5;2;1;1;1;330;25/04/2014
2014002474;1;1;1;1;6;330;25/07/2014
2014002475;5;2;1;1;2;330;22/12/2014
2014002476;1;1;1;2;7;330;24/01/2014
2014002477;1;1;1;1;2;330;15/03/2014
2014002478;1;1;1;1;7;330;30/04/2014
2014002479;1;2;1;1;6;330;09/08/2014
2014002480;2;2;1;1;6;330;17/08/2014
2014002481;1;2;1;1;6;330;30/08/2014
2014002482;2;1;1;2;1;330;28/01/2014
2014002483;5;2;1;1;3;330;29/08/2014
2014002484;1;2;1;1;7;330;18/10/2014
2014002485;2;1;1;1;6;330;22/06/2014
2014002486;1;2;3;1;3;330;12/07/2014
2014002487;1;1;1;8;1;330;09/08/2014
2014002488;1;2;2;1;1;330;30/08/2014
2014002489;5;2;1;1;1;330;04/09/2014
2014002490;2;2;1;1;6;330;20/11/2014
2014002491;5;1;6;2;3;330;09/02/2014
2014002492;1;1;1;1;5;330;05/03/2014
2014002493;1;1;1;1;1;330;02/06/2014
2014002494;1;1;1;1;3;330;14/08/2014
2014002495;1;1;1;1;3;330;01/09/2014
2014002496;3;1;1;3;1;330;26/11/2014
2014002497;2;1;8;7;1;330;30/07/2014
2014002498;3;1;1;1;3;330;13/11/2014
2014002499;1;1;1;1;1;330;19/11/2014
2014002500;3;2;3;1;3;330;21/11/2014
2014002501;3;1;1;2;1;330;18/12/2014
2014002502;3;1;1;1;6;330;17/03/2014
2014002503;1;1;6;1;1;330;12/08/2014
2014002504;1;2;1;1;1;330;20/12/2014
2014002505;3;1;6;8;3;330;29/12/2014
2014002506;1;2;1;1;6;330;19/03/2014
2014002507;1;2;1;3;1;330;25/07/2014
2014002508;1;2;2;8;6;330;01/08/2014
2014002509;3;1;2;1;3;330;26/10/2014
2014002510;1;1;1;1;3;330;09/04/2014
2014002511;1;1;1;1;7;330;02/10/2014
2014002512;1;1;2;1;3;330;18/01/2014
2014002513;5;2;1;1;6;40;18/05/2014
2014002514;1;2;1;1;6;330;30/04/2014
2014002515;1;2;1;1;6;330;02/05/2014
2014002516;1;2;9;1;3;330;26/06/2014
2014002517;1;1;1;1;6;330;29/06/2014
2014002518;3;1;1;5;3;330;20/10/2014
2014002519;1;1;2;1;3;330;23/11/2014
2014002520;1;1;2;1;3;330;09/12/2014
2014002521;1;1;1;1;1;330;09/04/2014
2014002522;2;1;1;1;1;330;21/09/2014
2014002523;1;1;1;1;6;330;22/12/2014
2014002524;1;1;1;1;7;330;29/03/2014
2014002525;1;1;1;1;3;330;11/05/2014
2014002526;1;1;1;2;3;330;30/04/2014
2014002527;3;2;1;1;6;330;30/06/2014
2014002528;1;2;1;1;1;330;10/08/2014
2014002529;1;1;1;1;6;330;29/08/2014
2014002530;1;2;1;1;6;330;01/09/2014
2014002531;1;1;1;7;1;330;22/11/2014
2014002532;1;1;1;7;1;330;21/02/2014
2014002533;1;2;1;1;6;330;12/06/2014
2014002534;1;1;1;1;3;330;26/06/2014
2014002535;1;1;1;1;3;330;02/07/2014
2014002536;1;2;1;1;6;330;15/07/2014
2014002537;1;1;2;1;3;330;21/08/2014
2014002538;2;2;1;1;6;330;29/08/2014
2014002539;1;2;1;1;5;330;02/08/2014
2014002540;1;1;1;1;2;330;20/09/2014
2014002541;1;1;1;1;2;330;21/09/2014
2014002542;1;2;1;5;3;330;01/10/2014
2014002543;3;2;1;2;6;330;05/10/2014
2014002544;1;1;1;1;7;330;26/11/2014
2014002545;1;1;1;8;3;330;20/12/2014
2014002546;1;1;1;1;5;330;03/01/2014
2014002547;2;1;1;1;6;330;17/05/2014
2014002548;1;2;1;1;1;330;29/05/2014
2014002549;3;1;1;8;1;330;18/09/2014
2014002550;1;1;1;1;5;330;19/10/2014
2014002551;1;2;1;8;7;330;15/11/2014
2014002552;3;1;1;1;6;330;10/12/2014
2014002553;1;1;1;1;1;330;30/12/2014
2014002554;1;1;1;2;3;330;14/02/2014
2014002555;1;1;1;1;3;330;02/05/2014
2014002556;1;2;1;1;1;330;14/10/2014
2014002557;3;1;1;1;7;330;01/11/2014
2014002558;1;1;8;1;1;330;06/02/2014
2014002559;1;1;9;2;3;330;22/03/2014
2014002560;1;1;2;1;3;330;31/08/2014
2014002561;1;1;2;1;3;330;13/09/2014
2014002562;1;1;2;1;3;330;17/10/2014
2014002563;3;1;1;1;6;330;31/10/2014
2014002564;2;1;1;8;1;330;08/12/2014
2014002565;1;2;1;1;3;330;22/02/2014
2014002566;1;1;1;1;1;330;28/06/2014
2014002567;1;2;1;1;3;330;17/09/2014
2014002568;1;1;1;1;7;330;05/10/2014
2014002569;1;1;2;1;3;330;17/01/2014
2014002570;2;2;1;1;1;330;17/02/2014
2014002571;1;2;1;1;6;330;10/04/2014
2014002572;4;2;1;1;1;330;10/09/2014
2014002573;1;2;1;1;6;330;12/09/2014
2014002574;3;1;1;1;2;330;26/09/2014
2014002575;1;1;3;1;3;330;17/10/2014
2014002576;5;1;1;1;6;330;24/05/2014
2014002577;1;1;1;1;2;330;15/07/2014
2014002578;2;1;1;2;6;330;15/10/2014
2014002579;2;1;1;1;6;330;13/12/2014
2014002580;3;1;1;5;6;330;22/12/2014
2014002581;5;2;1;2;6;330;07/01/2014
2014002582;5;2;1;3;2;330;28/01/2014
2014002583;1;1;1;1;1;330;30/05/2014
2014002584;1;1;1;1;1;330;10/06/2014
2014002585;1;1;1;1;1;330;27/06/2014
2014002586;5;2;1;3;6;330;08/02/2014
2014002587;1;1;1;1;1;330;24/02/2014
2014002588;5;1;1;1;1;330;22/10/2014
2014002589;5;1;1;1;3;330;23/11/2014
2014002590;1;1;1;1;6;330;30/11/2014
2014002591;5;1;2;2;3;330;24/01/2014
2014002592;1;1;1;8;1;330;03/02/2014
2014002593;1;1;1;2;3;330;28/06/2014
2014002594;5;2;6;1;6;330;21/11/2014
2014002595;3;1;1;1;6;330;18/01/2014
2014002596;3;2;1;8;7;330;01/03/2014
2014002597;1;2;1;1;1;330;28/10/2014
2014002598;1;1;1;1;6;330;27/12/2014
2014002599;1;1;1;1;3;330;12/02/2014
2014002600;1;1;1;1;2;330;17/04/2014
2014002601;1;1;1;1;7;330;23/05/2014
2014002602;1;1;1;1;1;330;20/06/2014
2014002603;1;1;1;1;3;330;02/07/2014
2014002604;1;1;1;1;7;330;25/08/2014
2014002605;1;1;1;1;1;330;18/10/2014
2014002606;1;2;9;1;6;240;20/01/2014
2014002607;3;1;1;1;6;240;13/03/2014
2014002608;1;1;2;1;3;240;13/05/2014
2014002609;1;1;1;1;7;240;08/06/2014
2014002610;1;2;2;1;3;240;24/06/2014
2014002611;1;1;2;1;3;240;24/06/2014
2014002612;1;1;1;1;6;240;22/08/2014
2014002613;1;1;2;8;3;240;27/05/2014
2014002614;1;1;1;1;1;240;06/06/2014
2014002615;1;1;3;1;5;240;31/07/2014
2014002616;1;1;1;1;6;240;24/09/2014
2014002617;3;1;1;1;6;240;19/10/2014
2014002618;1;1;1;1;7;240;03/12/2014
2014002619;3;1;1;1;7;240;04/01/2014
2014002620;1;1;1;1;6;240;23/02/2014
2014002621;1;2;1;1;3;240;20/03/2014
2014002622;1;1;1;3;6;240;04/06/2014
2014002623;1;1;1;1;1;240;10/07/2014
2014002624;1;2;1;1;1;240;19/07/2014
2014002625;1;1;3;1;1;240;31/07/2014
2014002626;1;1;1;1;1;240;25/10/2014
2014002627;1;1;1;3;1;240;14/11/2014
2014002628;2;1;2;3;5;240;17/12/2014
2014002629;1;1;1;2;3;240;24/01/2014
2014002630;2;1;3;1;3;240;01/03/2014
2014002631;3;1;3;1;3;240;09/03/2014
2014002632;1;1;3;1;1;240;18/07/2014
2014002633;1;1;1;1;7;240;10/08/2014
2014002634;3;1;1;1;6;240;17/10/2014
2014002635;3;1;1;3;7;240;14/11/2014
2014002636;2;2;1;1;6;240;20/11/2014
2014002637;1;1;1;1;1;240;12/12/2014
2014002638;3;1;1;8;3;440;16/01/2014
2014002639;1;1;3;1;3;240;09/01/2014
2014002640;3;1;2;8;3;240;15/01/2014
2014002641;1;1;1;1;6;240;17/01/2014
2014002642;1;1;2;1;6;240;10/03/2014
2014002643;1;1;1;1;6;240;08/04/2014
2014002644;1;1;1;1;3;240;16/05/2014
2014002645;1;1;3;1;3;240;16/07/2014
2014002646;1;1;1;1;3;240;09/08/2014
2014002647;3;1;1;2;1;240;08/02/2014
2014002648;1;1;1;1;7;240;07/06/2014
2014002649;5;1;1;1;6;240;06/03/2014
2014002650;1;2;1;1;6;240;26/10/2014
2014002651;3;1;1;5;7;240;10/01/2014
2014002652;3;1;1;1;7;240;02/04/2014
2014002653;1;2;9;1;3;240;28/04/2014
2014002654;1;1;1;3;3;240;09/08/2014
2014002655;1;1;1;1;1;240;17/10/2014
2014002656;1;1;9;1;2;240;18/10/2014
2014002657;1;1;1;2;3;240;14/11/2014
2014002658;2;1;1;9;1;240;12/02/2014
2014002659;1;1;1;1;1;240;26/02/2014
2014002660;1;1;1;1;7;240;05/08/2014
2014002661;1;1;1;1;1;240;17/09/2014
2014002662;1;2;1;1;6;240;23/12/2014
2014002663;1;1;1;2;6;240;25/01/2014
2014002664;1;1;1;9;3;240;02/02/2014
2014002665;1;1;1;1;6;240;27/02/2014
2014002666;1;1;2;1;3;240;19/03/2014
2014002667;1;2;4;1;1;240;29/03/2014
2014002668;1;1;4;1;3;240;11/06/2014
2014002669;1;2;1;1;1;240;21/06/2014
2014002670;3;1;2;1;3;240;12/07/2014
2014002671;1;1;1;1;1;240;24/08/2014
2014002672;1;1;9;1;1;240;01/10/2014
2014002673;1;1;1;1;1;240;10/11/2014
2014002674;3;1;1;1;6;240;12/12/2014
2014002675;1;1;1;1;6;240;18/02/2014
2014002676;1;1;1;1;6;240;20/02/2014
2014002677;1;1;3;3;3;240;26/04/2014
2014002678;1;1;4;1;3;240;16/08/2014
2014002679;2;1;1;1;6;240;22/08/2014
2014002680;1;1;1;7;7;240;10/09/2014
2014002681;1;2;1;1;7;240;23/11/2014
2014002682;3;2;1;1;6;240;17/01/2014
2014002683;1;1;1;1;7;240;02/07/2014
2014002684;1;1;3;1;2;240;31/07/2014
2014002685;1;1;1;1;3;240;13/08/2014
2014002686;1;2;1;1;6;240;08/01/2014
2014002687;1;2;4;1;3;240;08/05/2014
2014002688;1;2;1;1;7;240;31/05/2014
2014002689;1;1;1;2;1;240;20/07/2014
2014002690;1;1;1;1;7;240;05/09/2014
2014002691;1;1;1;1;6;240;11/09/2014
2014002692;1;1;2;7;1;240;27/10/2014
2014002693;2;1;1;2;6;240;17/11/2014
2014002694;1;2;1;1;3;240;19/05/2014
2014002695;1;2;1;1;6;240;06/03/2014
2014002696;1;1;2;1;3;240;11/04/2014
2014002697;1;1;1;1;7;240;14/04/2014
2014002698;1;1;1;1;5;240;08/05/2014
2014002699;1;2;1;1;6;240;15/05/2014
2014002700;1;1;1;1;1;240;08/06/2014
2014002701;1;1;1;1;6;240;22/06/2014
2014002702;1;1;1;8;1;240;06/02/2014
2014002703;1;1;3;1;4;240;09/05/2014
2014002704;1;1;1;1;1;240;31/05/2014
2014002705;1;1;1;1;3;240;01/07/2014
2014002706;1;1;1;1;6;240;14/09/2014
2014002707;1;1;1;1;7;240;16/09/2014
2014002708;1;2;1;1;3;240;20/06/2014
2014002709;1;1;1;1;6;240;25/06/2014
2014002710;2;1;3;1;3;240;11/10/2014
2014002711;3;1;1;1;6;400;16/02/2014
2014002712;2;1;1;3;3;400;03/04/2014
2014002713;1;1;1;1;1;400;13/04/2014
2014002714;1;1;1;1;5;400;07/05/2014
2014002715;3;1;1;1;6;400;22/07/2014
2014002716;1;1;2;1;3;400;15/08/2014
2014002717;3;1;1;1;6;400;31/08/2014
2014002718;3;1;1;5;1;400;05/09/2014
2014002719;3;1;1;3;7;400;09/10/2014
2014002720;1;2;6;1;6;400;08/11/2014
2014002721;1;1;1;1;6;400;07/03/2014
2014002722;1;1;1;1;3;400;24/09/2014
2014002723;5;2;1;1;6;400;04/10/2014
2014002724;1;1;1;1;1;400;01/11/2014
2014002725;4;1;6;1;6;400;12/11/2014
2014002726;1;1;8;7;1;400;09/12/2014
2014002727;5;2;1;2;6;400;19/01/2014
2014002728;3;2;1;1;6;400;16/03/2014
2014002729;1;2;1;1;2;400;17/05/2014
2014002730;1;1;1;1;1;400;17/05/2014
2014002731;1;1;1;1;6;400;15/06/2014
2014002732;2;1;1;1;5;400;26/06/2014
2014002733;1;2;1;1;3;400;14/07/2014
2014002734;1;2;1;1;1;400;02/12/2014
2014002735;3;1;1;5;6;400;01/01/2014
2014002736;1;2;1;1;6;400;20/03/2014
2014002737;5;2;1;1;6;400;05/04/2014
2014002738;1;1;1;1;7;400;07/05/2014
2014002739;1;1;1;1;3;400;21/08/2014
2014002740;1;2;3;1;3;400;18/10/2014
2014002741;1;2;1;1;2;400;17/06/2014
2014002742;1;2;2;1;3;400;07/08/2014
2014002743;1;1;1;1;3;400;13/08/2014
2014002744;1;1;1;1;6;400;14/08/2014
2014002745;3;1;1;3;5;400;29/01/2014
2014002746;1;1;2;1;3;400;07/02/2014
2014002747;1;1;1;1;3;400;09/05/2014
2014002748;1;1;1;8;1;400;06/07/2014
2014002749;1;1;1;1;2;400;25/07/2014
2014002750;1;1;2;1;3;400;27/09/2014
2014002751;1;2;1;1;1;400;12/11/2014
2014002752;1;1;1;1;2;400;09/03/2014
2014002753;1;2;1;1;6;400;02/04/2014
2014002754;3;1;1;1;6;400;09/04/2014
2014002755;3;1;1;1;6;400;16/04/2014
2014002756;3;1;1;3;6;400;25/04/2014
2014002757;1;2;1;1;6;400;21/05/2014
2014002758;1;1;1;2;1;400;28/05/2014
2014002759;1;1;1;2;1;400;28/05/2014
2014002760;3;1;1;1;6;400;29/05/2014
2014002761;3;1;1;1;3;400;01/06/2014
2014002762;1;2;1;1;3;400;10/06/2014
2014002763;1;1;1;1;1;400;15/06/2014
2014002764;1;2;1;7;3;400;20/06/2014
2014002765;2;1;1;2;7;400;18/12/2014
2014002766;3;1;1;1;6;400;22/02/2014
2014002767;1;2;1;1;6;400;16/08/2014
2014002768;3;1;9;1;6;400;19/09/2014
2014002769;3;1;1;1;3;400;21/10/2014
2014002770;1;2;1;1;3;400;27/10/2014
2014002771;3;1;1;1;6;400;31/10/2014
2014002772;3;2;1;1;6;400;16/02/2014
2014002773;1;1;1;1;3;400;23/02/2014
2014002774;1;2;1;7;6;400;10/03/2014
2014002775;1;2;1;1;7;400;07/08/2014
2014002776;2;2;1;1;6;400;22/08/2014
2014002777;1;2;1;1;1;400;03/09/2014
2014002778;2;2;1;1;3;400;01/10/2014
2014002779;1;2;1;1;3;400;07/10/2014
2014002780;1;2;1;1;5;400;31/10/2014
2014002781;5;2;1;1;3;400;15/01/2014
2014002782;1;2;9;1;3;400;17/03/2014
2014002783;1;1;1;8;5;400;27/03/2014
2014002784;1;1;3;1;3;400;18/04/2014
2014002785;1;1;1;1;1;400;30/04/2014
2014002786;1;1;1;1;1;400;26/05/2014
2014002787;3;1;1;1;1;400;22/10/2014
2014002788;3;2;1;8;6;400;20/07/2014
2014002789;2;1;1;5;1;400;04/09/2014
2014002790;1;1;1;1;6;400;17/06/2014
2014002791;1;1;1;8;6;400;08/08/2014
2014002792;1;1;1;1;2;400;01/08/2014
2014002793;1;1;1;1;6;400;19/09/2014
2014002794;1;1;3;1;3;400;16/10/2014
2014002795;3;1;1;1;3;400;15/12/2014
2014002796;3;1;2;2;3;400;19/12/2014
2014002797;1;1;2;1;3;400;12/06/2014
2014002798;1;1;1;2;1;400;09/08/2014
2014002799;1;1;2;1;3;400;18/08/2014
2014002800;5;2;1;1;2;400;25/12/2014
2014002801;3;1;1;1;6;400;27/06/2014
2014002802;1;2;1;1;3;400;04/10/2014
2014002803;1;2;1;1;6;400;22/03/2014
2014002804;2;1;1;1;1;400;14/06/2014
2014002805;1;1;1;1;6;400;21/06/2014
2014002806;1;2;7;1;1;400;24/06/2014
2014002807;3;2;7;2;6;400;09/10/2014
2014002808;3;1;1;1;3;400;20/10/2014
2014002809;3;1;1;1;6;400;26/10/2014
2014002810;3;1;1;1;3;400;30/11/2014
2014002811;1;1;1;1;1;400;25/09/2014
2014002812;1;1;1;2;6;400;24/03/2014
2014002813;1;1;1;1;7;400;06/05/2014
2014002814;1;1;1;1;6;400;17/07/2014
2014002815;1;1;1;1;6;400;28/08/2014
2014002816;1;1;3;1;3;400;02/10/2014
2014002817;1;2;1;7;1;400;24/10/2014
2014002818;1;2;3;1;1;470;08/01/2014
2014002819;4;2;1;1;1;470;11/01/2014
2014002820;1;2;3;2;3;470;22/01/2014
2014002821;3;1;1;2;1;470;21/02/2014
2014002822;1;1;1;1;4;470;02/03/2014
2014002823;1;1;1;1;1;470;13/04/2014
2014002824;1;1;3;1;3;470;14/04/2014
2014002825;1;2;1;1;3;470;07/05/2014
2014002826;1;2;1;1;1;470;10/05/2014
2014002827;1;1;3;1;3;470;12/05/2014
2014002828;1;1;1;1;1;470;23/05/2014
2014002829;1;1;1;1;1;470;26/05/2014
2014002830;1;1;1;1;3;470;05/07/2014
2014002831;3;1;1;1;7;470;25/10/2014
2014002832;3;1;3;1;1;470;28/10/2014
2014002833;2;1;3;1;1;470;20/03/2014
2014002834;1;1;1;8;3;470;07/08/2014
2014002835;1;1;1;1;1;470;02/10/2014
2014002836;5;1;9;1;1;470;05/11/2014
2014002837;1;1;1;1;6;470;22/11/2014
2014002838;1;1;1;1;7;470;22/08/2014
2014002839;1;1;1;1;7;470;22/08/2014
2014002840;1;2;6;1;2;470;05/09/2014
2014002841;1;1;1;1;6;470;14/09/2014
2014002842;2;1;4;1;3;470;27/10/2014
2014002843;2;1;1;1;3;470;08/11/2014
2014002844;2;1;2;8;3;470;04/01/2014
2014002845;1;1;1;3;1;470;24/01/2014
2014002846;1;2;1;1;3;470;06/03/2014
2014002847;3;1;3;1;7;470;16/03/2014
2014002848;1;1;1;1;3;470;28/03/2014
2014002849;1;1;2;1;3;470;05/04/2014
2014002850;1;2;1;1;6;470;18/04/2014
2014002851;1;1;1;1;2;470;08/05/2014
2014002852;1;1;1;1;3;470;04/06/2014
2014002853;1;2;1;1;6;470;06/06/2014
2014002854;1;1;1;1;3;470;06/07/2014
2014002855;2;2;9;1;3;470;10/12/2014
2014002856;3;1;2;2;3;470;13/12/2014
2014002857;1;1;1;1;1;470;07/04/2014
2014002858;1;1;2;1;3;470;18/04/2014
2014002859;1;1;2;1;3;470;09/01/2014
2014002860;1;1;1;1;7;470;07/09/2014
2014002861;3;1;1;1;2;470;08/10/2014
2014002862;3;1;1;2;3;470;10/12/2014
2014002863;3;1;1;1;7;470;12/12/2014
2014002864;3;1;1;2;6;470;05/01/2014
2014002865;1;1;1;1;7;470;08/05/2014
2014002866;1;1;1;1;6;470;25/05/2014
2014002867;1;1;1;1;6;470;28/05/2014
2014002868;1;1;3;1;3;470;09/06/2014
2014002869;3;2;1;1;6;470;30/06/2014
2014002870;1;1;1;1;6;470;22/07/2014
2014002871;1;1;1;1;6;470;15/08/2014
2014002872;1;1;1;1;6;470;19/10/2014
2014002873;2;1;1;2;7;470;03/11/2014
2014002874;2;2;3;2;1;470;04/11/2014
2014002875;1;1;1;2;7;470;25/11/2014
2014002876;1;2;2;1;3;470;16/04/2014
2014002877;1;1;1;1;2;470;10/05/2014
2014002878;1;2;1;8;3;470;13/05/2014
2014002879;1;1;3;1;3;470;20/11/2014
2014002880;1;1;6;1;7;470;06/06/2014
2014002881;1;1;1;1;5;470;09/06/2014
2014002882;1;1;1;1;6;470;29/06/2014
2014002883;1;1;1;8;7;470;10/02/2014
2014002884;1;1;1;8;7;470;30/03/2014
2014002885;1;2;1;1;3;470;10/06/2014
2014002886;1;2;1;1;3;470;15/12/2014
2014002887;1;1;2;8;3;470;31/01/2014
2014002888;1;1;2;1;3;470;06/03/2014
2014002889;1;1;1;1;6;470;11/05/2014
2014002890;1;1;1;2;1;470;11/07/2014
2014002891;1;1;1;1;7;470;10/05/2014
2014002892;1;1;1;1;1;470;10/05/2014
2014002893;1;1;1;1;1;470;26/06/2014
2014002894;3;1;1;1;1;470;22/07/2014
2014002895;2;1;1;1;6;470;16/08/2014
2014002896;1;1;6;8;3;640;01/03/2014
2014002897;1;1;1;1;7;640;11/03/2014
2014002898;1;1;1;1;7;640;10/05/2014
2014002899;1;1;1;1;3;640;24/05/2014
2014002900;1;1;1;1;7;640;18/06/2014
2014002901;4;2;1;1;2;640;05/02/2014
2014002902;3;2;1;1;6;640;08/05/2014
2014002903;1;1;1;1;6;640;16/05/2014
2014002904;1;1;8;1;6;640;13/06/2014
2014002905;1;1;2;7;3;640;17/07/2014