num_acc;lum;agg;inter;atm;col;dep;date
2014002906;1;1;1;7;6;640;01/09/2014
2014002907;3;1;6;2;6;640;19/12/2014
2014002908;1;1;1;1;6;640;09/01/2014
2014002909;2;1;1;9;3;640;04/02/2014
2014002910;1;2;1;1;6;640;11/04/2014
2014002911;1;1;1;1;3;640;11/05/2014
2014002912;1;1;1;1;6;640;26/05/2014
2014002913;1;2;1;1;6;640;06/06/2014
2014002914;1;1;1;1;6;640;12/06/2014
2014002915;1;1;1;1;1;640;14/06/2014
2014002916;1;1;1;1;6;640;11/07/2014
2014002917;1;1;2;1;1;640;05/08/2014
2014002918;1;2;1;1;6;640;29/10/2014
2014002919;2;2;1;2;1;640;05/12/2014
2014002920;1;2;1;1;3;640;05/09/2014
2014002921;1;1;1;1;1;640;06/11/2014
2014002922;3;1;1;1;6;640;01/03/2014
2014002923;1;1;1;1;1;640;22/05/2014
2014002924;1;1;1;1;3;640;02/06/2014
2014002925;1;1;6;2;1;640;04/08/2014
2014002926;3;1;6;1;6;640;21/09/2014
2014002927;2;2;1;7;6;640;03/11/2014
2014002928;1;1;1;1;1;640;28/01/2014
2014002929;1;2;1;1;1;640;11/02/2014
2014002930;1;1;1;1;7;640;07/04/2014
2014002931;1;2;1;1;2;640;25/08/2014
2014002932;5;2;1;1;3;640;20/10/2014
2014002933;1;2;1;1;3;640;18/11/2014
2014002934;3;1;3;1;1;640;19/11/2014
2014002935;1;1;1;3;6;640;28/02/2014
2014002936;3;1;1;3;6;640;03/03/2014
2014002937;1;1;1;1;3;640;06/04/2014
2014002938;1;1;1;8;3;640;20/04/2014
2014002939;1;1;1;8;7;640;24/04/2014
2014002940;1;1;1;1;6;640;24/04/2014
2014002941;2;2;1;2;6;640;11/05/2014
2014002942;1;1;1;1;3;640;11/05/2014
2014002943;1;1;1;1;1;640;27/05/2014
2014002944;1;2;1;1;6;640;12/06/2014
2014002945;1;2;1;1;6;640;14/06/2014
2014002946;2;1;1;1;6;640;19/07/2014
2014002947;1;2;1;1;7;640;13/09/2014
2014002948;1;2;1;7;7;640;13/09/2014
2014002949;4;2;1;1;7;640;28/09/2014
2014002950;1;1;1;2;1;640;09/10/2014
2014002951;4;1;5;3;3;640;09/10/2014
2014002952;1;1;1;1;1;640;12/11/2014
2014002953;2;1;1;8;1;640;14/12/2014
2014002954;1;1;1;1;3;640;02/04/2014
2014002955;1;1;1;1;6;640;05/06/2014
2014002956;1;1;1;8;1;640;21/07/2014
2014002957;1;1;1;1;6;640;02/08/2014
2014002958;5;1;6;1;3;640;22/09/2014
2014002959;1;1;1;1;1;640;23/09/2014
2014002960;3;1;1;1;7;640;25/10/2014
2014002961;5;2;1;3;6;640;01/12/2014
2014002962;1;1;1;9;1;640;09/12/2014
2014002963;1;2;9;1;6;640;16/02/2014
2014002964;2;1;1;1;1;640;23/02/2014
2014002965;1;1;1;1;3;640;17/04/2014
2014002966;3;2;1;1;6;640;20/07/2014
2014002967;1;1;1;1;4;640;28/08/2014
2014002968;1;2;1;1;2;640;09/09/2014
2014002969;1;1;1;2;1;640;14/09/2014
2014002970;3;1;1;2;1;640;16/09/2014
2014002971;1;2;1;1;1;640;14/10/2014
2014002972;1;1;1;1;3;640;25/10/2014
2014002973;1;1;1;2;5;640;30/11/2014
2014002974;5;1;1;8;6;640;03/12/2014
2014002975;1;1;1;2;6;640;05/12/2014
2014002976;1;1;1;1;1;640;06/12/2014
2014002977;5;2;1;1;6;640;08/01/2014
2014002978;1;1;1;7;1;640;15/05/2014
2014002979;1;1;1;1;1;640;30/06/2014
2014002980;1;2;1;1;7;640;29/07/2014
2014002981;1;1;1;1;6;640;05/04/2014
2014002982;1;1;9;8;1;640;07/07/2014
2014002983;1;1;1;2;1;640;12/07/2014
2014002984;1;1;9;1;3;640;21/09/2014
2014002985;3;1;1;1;6;640;17/10/2014
2014002986;1;2;1;7;6;640;23/12/2014
2014002987;1;1;1;2;6;640;26/12/2014
2014002988;1;1;1;1;6;640;10/03/2014
2014002989;1;2;1;1;3;640;21/03/2014
2014002990;1;1;1;8;1;640;26/05/2014
2014002991;1;1;1;1;2;640;08/06/2014
2014002992;1;1;1;1;1;640;11/06/2014
2014002993;3;1;1;1;7;640;13/07/2014
2014002994;1;1;1;1;7;640;12/09/2014
2014002995;1;2;1;1;7;640;13/09/2014
2014002996;1;2;1;1;7;640;19/09/2014
2014002997;1;1;1;1;6;640;22/10/2014
2014002998;1;1;1;1;3;640;24/10/2014
2014002999;2;1;1;1;3;640;09/12/2014
2014003000;1;2;1;3;3;640;04/03/2014
2014003001;1;1;1;1;6;640;13/04/2014
2014003002;3;1;1;1;6;640;19/06/2014
2014003003;1;2;1;1;3;640;27/06/2014
2014003004;1;2;1;1;3;640;15/07/2014
2014003005;5;2;1;1;7;640;06/09/2014
2014003006;1;2;1;7;6;640;12/09/2014
2014003007;1;2;1;1;2;640;27/09/2014
2014003008;1;1;1;1;6;640;13/10/2014
2014003009;1;2;1;1;6;640;25/10/2014
2014003010;1;2;6;1;3;640;08/11/2014
2014003011;1;1;1;1;7;640;12/06/2014
2014003012;3;1;1;1;7;640;03/10/2014
2014003013;5;2;1;1;6;640;11/10/2014
2014003014;1;1;1;1;7;640;20/10/2014
2014003015;1;1;1;2;6;640;03/01/2014
2014003016;1;1;1;1;1;640;18/07/2014
2014003017;1;1;1;1;1;640;09/09/2014
2014003018;1;1;9;1;1;640;29/04/2014
2014003019;1;1;1;1;1;640;24/05/2014
2014003020;2;1;1;1;6;640;24/05/2014
2014003021;1;1;1;1;7;640;22/07/2014
2014003022;2;2;1;1;2;640;29/10/2014
2014003023;2;1;1;1;6;640;16/01/2014
2014003024;1;2;2;1;3;640;28/05/2014
2014003025;1;2;3;1;1;640;07/09/2014
2014003026;2;1;1;5;2;640;12/09/2014
2014003027;1;2;1;5;1;640;04/12/2014
2014003028;1;1;1;1;3;640;08/01/2014
2014003029;1;1;1;1;1;640;31/05/2014
2014003030;1;2;1;1;7;640;26/08/2014
2014003031;1;1;1;1;3;640;26/12/2014
2014003032;3;1;1;1;6;860;30/01/2014
2014003033;1;1;1;1;7;860;11/05/2014
2014003034;1;2;1;1;2;860;17/07/2014
2014003035;3;2;1;1;6;860;15/07/2014
2014003036;1;1;2;1;3;860;10/09/2014
2014003037;1;1;1;2;5;860;16/10/2014
2014003038;1;1;1;1;7;860;16/02/2014
2014003039;1;2;1;1;3;860;09/05/2014
2014003040;3;1;1;8;2;860;15/08/2014
2014003041;1;1;1;1;1;860;14/10/2014
2014003042;1;1;1;1;7;860;13/09/2014
2014003043;1;1;1;1;3;860;03/10/2014
2014003044;3;1;1;8;7;860;12/02/2014
2014003045;1;1;1;8;6;860;22/03/2014
2014003046;1;2;1;1;6;860;12/05/2014
2014003047;1;1;1;1;7;860;08/06/2014
2014003048;3;1;1;1;6;860;11/08/2014
2014003049;1;1;1;1;6;860;26/09/2014
2014003050;1;1;1;1;3;860;02/04/2014
2014003051;1;1;1;1;7;860;11/04/2014
2014003052;1;1;1;1;6;860;25/05/2014
2014003053;1;2;1;1;1;860;20/06/2014
2014003054;3;1;1;1;6;860;12/07/2014
2014003055;1;1;2;1;3;860;17/08/2014
2014003056;3;1;1;8;1;860;17/10/2014
2014003057;1;2;1;1;6;860;08/06/2014
2014003058;3;2;1;1;1;860;01/11/2014
2014003059;3;1;1;3;6;860;08/02/2014
2014003060;1;1;1;9;1;860;01/05/2014
2014003061;3;1;1;1;2;860;28/05/2014
2014003062;1;1;1;1;1;860;05/06/2014
2014003063;1;1;3;1;1;860;13/08/2014
2014003064;1;2;1;1;6;860;22/05/2014
2014003065;3;1;1;1;1;860;16/12/2014
2014003066;3;1;1;1;6;860;10/01/2014
2014003067;1;1;1;1;2;860;18/03/2014
2014003068;2;1;1;3;1;860;20/09/2014
2014003069;1;1;1;1;7;860;21/04/2014
2014003070;1;1;1;2;1;860;04/06/2014
2014003071;1;1;2;1;3;860;05/06/2014
2014003072;1;1;2;8;3;860;28/06/2014
2014003073;1;1;1;1;7;860;28/07/2014
2014003074;1;1;1;1;1;860;02/08/2014
2014003075;1;1;1;1;7;860;04/09/2014
2014003076;1;2;2;1;1;860;06/09/2014
2014003077;1;1;1;1;2;860;15/09/2014
2014003078;1;2;2;1;3;860;10/10/2014
2014003079;1;1;1;1;6;860;26/07/2014
2014003080;1;2;1;1;6;860;22/09/2014
2014003081;2;1;1;5;2;860;08/12/2014
2014003082;1;1;1;9;1;860;21/02/2014
2014003083;3;1;2;1;3;860;04/04/2014
2014003084;1;1;1;3;3;860;29/04/2014
2014003085;1;2;1;1;3;860;16/05/2014
2014003086;1;1;1;8;7;860;09/06/2014
2014003087;1;2;1;1;6;860;15/06/2014
2014003088;1;1;1;1;7;860;23/11/2014
2014003089;1;2;1;1;1;860;23/11/2014
2014003090;1;1;1;1;6;860;29/11/2014
2014003091;3;1;1;1;7;860;02/01/2014
2014003092;3;1;1;2;6;860;22/02/2014
2014003093;1;2;1;1;6;860;15/06/2014
2014003094;5;1;1;1;2;860;19/06/2014
2014003095;3;1;1;2;6;860;25/01/2014
2014003096;1;1;1;1;7;860;24/08/2014
2014003097;1;2;9;7;3;860;23/12/2014
2014003098;1;1;1;1;7;860;12/05/2014
2014003099;1;2;1;1;7;860;20/07/2014
2014003100;2;2;1;1;7;860;11/09/2014
2014003101;1;1;1;1;3;860;15/10/2014
2014003102;3;1;1;1;6;160;20/03/2014
2014003103;1;1;3;1;3;160;14/04/2014
2014003104;1;1;2;1;3;160;11/06/2014
2014003105;1;1;1;1;6;160;05/07/2014
2014003106;1;1;1;1;7;160;12/08/2014
2014003107;1;1;3;7;3;160;26/09/2014
2014003108;1;1;3;1;1;160;24/10/2014
2014003109;1;2;1;1;6;160;17/11/2014
2014003110;1;1;1;1;6;160;19/11/2014
2014003111;3;1;1;1;3;160;20/11/2014
2014003112;1;1;1;1;1;160;06/05/2014
2014003113;1;1;2;1;3;160;24/07/2014
2014003114;3;1;1;3;5;160;07/10/2014
2014003115;1;1;1;1;6;160;03/12/2014
2014003116;1;1;1;1;6;160;16/01/2014
2014003117;2;1;1;2;3;160;11/02/2014
2014003118;1;2;1;3;1;160;26/05/2014
2014003119;1;2;1;1;6;160;15/08/2014
2014003120;1;2;3;1;3;160;17/08/2014
2014003121;2;1;1;1;1;160;13/10/2014
2014003122;1;1;2;1;3;160;05/04/2014
2014003123;1;2;1;1;1;160;11/04/2014
2014003124;5;1;2;1;6;160;08/08/2014
2014003125;1;1;1;8;1;160;04/10/2014
2014003126;1;2;1;1;3;160;06/03/2014
2014003127;3;1;1;1;6;160;02/04/2014
2014003128;1;1;3;1;3;160;18/04/2014
2014003129;1;1;1;1;6;160;01/08/2014
2014003130;1;1;1;1;6;160;21/08/2014
2014003131;1;1;2;1;3;160;02/10/2014
2014003132;3;1;1;1;6;160;01/11/2014
2014003133;3;1;2;2;3;160;06/02/2014
2014003134;1;1;1;1;7;160;02/03/2014
2014003135;2;1;1;4;7;160;03/03/2014
2014003136;1;1;1;1;6;160;15/06/2014
2014003137;1;1;2;1;3;160;25/09/2014
2014003138;1;1;1;1;1;160;14/10/2014
2014003139;1;1;1;1;1;160;29/10/2014
2014003140;2;1;1;2;6;160;16/12/2014
2014003141;2;1;1;1;1;160;26/12/2014
2014003142;3;1;1;1;7;160;30/12/2014
2014003143;1;2;1;2;6;160;03/02/2014
2014003144;5;2;1;1;6;160;23/02/2014
2014003145;1;2;3;7;6;160;07/03/2014
2014003146;3;1;1;1;6;160;16/04/2014
2014003147;1;1;1;1;6;160;07/07/2014
2014003148;1;1;1;1;6;160;03/08/2014
2014003149;3;1;1;1;1;160;16/08/2014
2014003150;1;1;1;1;6;160;24/08/2014
2014003151;1;2;1;1;6;160;27/08/2014
2014003152;1;1;3;1;3;160;10/09/2014
2014003153;1;1;1;1;1;160;18/10/2014
2014003154;1;1;2;1;3;160;14/12/2014
2014003155;1;1;1;1;1;160;27/04/2014
2014003156;1;1;1;1;6;160;27/05/2014
2014003157;5;2;2;1;3;160;05/08/2014
2014003158;1;1;2;1;3;160;30/09/2014
2014003159;1;1;1;3;6;160;03/03/2014
2014003160;1;1;2;1;3;160;29/03/2014
2014003161;1;1;3;1;5;160;31/05/2014
2014003162;1;1;1;2;5;160;14/08/2014
2014003163;1;1;3;1;2;160;30/08/2014
2014003164;1;2;1;1;3;160;06/06/2014
2014003165;4;1;1;8;6;160;09/06/2014
2014003166;1;2;2;1;3;160;12/06/2014
2014003167;3;1;1;2;7;160;06/07/2014
2014003168;3;1;1;1;3;170;10/01/2014
2014003169;2;1;1;2;1;170;06/02/2014
2014003170;1;1;1;3;1;170;28/06/2014
2014003171;3;1;1;1;1;170;08/05/2014
2014003172;1;2;6;1;3;170;30/06/2014
2014003173;2;2;1;1;6;170;26/07/2014
2014003174;3;1;1;1;2;170;23/09/2014
2014003175;1;1;1;2;6;170;09/10/2014
2014003176;3;1;1;2;5;170;10/12/2014
2014003177;3;1;1;5;7;170;24/12/2014
2014003178;3;1;1;1;6;170;03/01/2014
2014003179;3;1;1;2;6;170;22/01/2014
2014003180;2;1;1;2;7;170;31/01/2014
2014003181;1;2;2;1;1;170;12/02/2014
2014003182;3;1;1;2;1;170;20/02/2014
2014003183;1;1;1;1;1;170;09/03/2014
2014003184;1;1;2;1;3;170;02/04/2014
2014003185;3;1;1;1;6;170;20/04/2014
2014003186;1;1;2;1;3;170;16/05/2014
2014003187;1;1;6;1;1;170;16/06/2014
2014003188;1;2;7;1;6;170;19/06/2014
2014003189;5;2;1;1;6;170;24/06/2014
2014003190;1;1;1;1;3;170;23/07/2014
2014003191;1;2;1;1;1;170;19/08/2014
2014003192;1;1;3;1;7;170;11/09/2014
2014003193;1;1;1;1;6;170;14/09/2014
2014003194;1;1;3;1;3;170;20/09/2014
2014003195;1;2;6;1;1;170;28/10/2014
2014003196;1;2;2;9;1;170;13/12/2014
2014003197;1;2;1;1;3;170;04/02/2014
2014003198;1;1;1;1;6;170;14/02/2014
2014003199;1;1;2;3;3;170;23/05/2014
2014003200;1;1;1;1;5;170;15/06/2014
2014003201;1;2;1;1;6;170;21/06/2014
2014003202;1;1;1;1;7;170;24/06/2014
2014003203;1;1;1;1;3;170;16/08/2014
2014003204;1;1;6;1;3;170;21/09/2014
2014003205;1;1;1;8;6;170;11/10/2014
2014003206;1;1;1;2;1;170;07/11/2014
2014003207;2;1;1;1;5;170;17/11/2014
2014003208;2;2;1;1;1;170;24/11/2014
2014003209;2;1;1;1;1;170;30/11/2014
2014003210;3;1;1;1;6;170;26/12/2014
2014003211;2;2;1;2;3;170;13/01/2014
2014003212;1;1;1;1;6;170;29/01/2014
2014003213;1;1;2;7;3;170;16/04/2014
2014003214;3;1;1;8;3;170;18/05/2014
2014003215;3;1;1;1;6;170;21/06/2014
2014003216;3;1;1;1;7;170;26/06/2014
2014003217;1;1;1;1;1;170;02/08/2014
2014003218;1;1;1;1;3;170;15/08/2014
2014003219;3;1;1;3;6;170;26/01/2014
2014003220;1;1;1;2;2;170;09/02/2014
2014003221;1;1;1;1;7;170;30/05/2014
2014003222;3;1;1;1;3;170;13/09/2014
2014003223;2;1;1;1;1;170;08/04/2014
2014003224;1;1;1;1;1;170;30/04/2014
2014003225;2;1;1;1;3;170;18/08/2014
2014003226;5;1;1;1;6;170;23/08/2014
2014003227;1;2;3;1;6;170;12/09/2014
2014003228;1;1;3;1;3;170;07/10/2014
2014003229;3;1;1;1;2;170;31/10/2014
2014003230;1;1;1;1;6;170;02/02/2014
2014003231;1;1;1;1;7;170;04/05/2014
2014003232;3;1;1;1;6;170;14/05/2014
2014003233;1;1;2;1;3;170;27/06/2014
2014003234;1;1;1;1;6;170;14/09/2014
2014003235;5;2;1;2;3;170;15/01/2014
2014003236;1;2;1;1;7;170;22/02/2014
2014003237;3;1;1;1;7;170;13/04/2014
2014003238;2;2;1;1;2;170;02/06/2014
2014003239;1;2;6;1;3;170;03/06/2014
2014003240;1;2;2;1;3;170;13/06/2014
2014003241;1;2;2;1;3;170;22/07/2014
2014003242;1;1;1;1;1;170;25/07/2014
2014003243;3;2;1;1;1;170;07/08/2014
2014003244;5;2;1;1;1;170;17/08/2014
2014003245;1;2;9;1;1;170;22/08/2014
2014003246;1;2;2;1;3;170;01/12/2014
2014003247;2;2;1;2;6;170;13/01/2014
2014003248;1;2;1;1;6;170;27/01/2014
2014003249;1;2;1;1;7;170;07/04/2014
2014003250;3;1;1;1;7;170;17/04/2014
2014003251;1;1;1;1;6;170;04/05/2014
2014003252;1;1;3;1;3;170;17/05/2014
2014003253;1;1;1;1;1;170;31/05/2014
2014003254;1;1;6;1;6;170;03/06/2014
2014003255;5;2;1;1;6;170;29/07/2014
2014003256;3;1;9;1;7;170;28/08/2014
2014003257;1;2;1;1;7;170;03/09/2014
2014003258;1;1;1;1;1;170;19/10/2014
2014003259;1;1;6;2;6;170;16/10/2014
2014003260;2;1;1;1;2;170;09/11/2014
2014003261;1;1;1;1;1;170;14/11/2014
2014003262;1;2;9;1;6;170;30/12/2014
2014003263;1;2;1;2;7;170;16/01/2014
2014003264;1;1;5;1;3;170;03/02/2014
2014003265;1;1;1;1;4;170;12/03/2014
2014003266;1;1;1;1;1;170;16/03/2014
2014003267;3;1;1;1;7;170;10/08/2014
2014003268;1;1;1;1;7;170;16/03/2014
2014003269;1;1;2;1;1;170;13/04/2014
2014003270;1;2;1;1;6;170;19/04/2014
2014003271;1;1;1;1;5;170;08/06/2014
2014003272;1;1;1;1;3;170;30/06/2014
2014003273;1;1;2;1;3;170;26/07/2014
2014003274;1;1;2;1;1;170;28/07/2014
2014003275;3;1;6;1;3;170;29/07/2014
2014003276;1;1;1;1;1;170;12/09/2014
2014003277;3;1;1;1;6;170;28/09/2014
2014003278;2;1;1;2;7;170;14/11/2014
2014003279;3;1;1;1;7;170;22/11/2014
2014003280;3;1;1;1;6;170;14/12/2014
2014003281;3;1;1;2;1;170;24/12/2014
2014003282;4;1;1;2;1;170;30/01/2014
2014003283;1;2;1;1;1;170;06/03/2014
2014003284;1;1;1;1;6;170;07/03/2014
2014003285;1;1;1;1;3;170;08/03/2014
2014003286;2;1;2;1;3;170;04/04/2014
2014003287;1;1;1;1;1;170;18/04/2014
2014003288;1;2;1;1;6;170;20/04/2014
2014003289;1;1;1;8;5;170;29/04/2014
2014003290;3;1;1;1;6;170;03/05/2014
2014003291;1;1;1;1;1;170;23/06/2014
2014003292;1;1;2;1;3;170;25/06/2014
2014003293;3;1;1;1;5;170;16/07/2014
2014003294;1;1;2;1;5;170;19/08/2014
2014003295;1;1;1;1;3;170;06/09/2014
2014003296;1;2;2;1;1;170;10/09/2014
2014003297;1;1;2;1;3;170;15/09/2014
2014003298;2;1;2;1;3;170;05/10/2014
2014003299;1;2;1;1;6;170;09/10/2014
2014003300;3;1;1;5;6;170;11/10/2014
2014003301;1;1;1;1;7;170;21/10/2014
2014003302;1;1;1;1;2;170;31/10/2014
2014003303;4;2;1;1;6;170;01/11/2014
2014003304;5;2;1;1;6;170;22/11/2014
2014003305;3;1;4;1;1;170;12/12/2014
2014003306;3;1;4;1;3;170;22/12/2014
2014003307;2;1;1;2;6;170;03/04/2014
2014003308;1;1;1;1;6;170;12/06/2014
2014003309;1;1;1;1;3;170;19/06/2014
2014003310;1;1;1;1;1;170;30/07/2014
2014003311;1;1;1;1;6;170;06/09/2014
2014003312;1;1;2;1;3;170;12/11/2014
2014003313;1;1;2;7;3;170;26/11/2014
2014003314;3;1;1;2;7;170;02/02/2014
2014003315;1;1;1;1;7;170;24/04/2014
2014003316;3;1;2;1;1;170;24/08/2014
2014003317;1;1;1;1;1;170;01/10/2014
2014003318;1;1;1;1;1;170;12/10/2014
2014003319;2;1;1;2;1;170;25/03/2014
2014003320;1;1;1;1;1;170;16/04/2014
2014003321;1;1;1;1;5;170;25/05/2014
2014003322;1;2;1;1;5;170;06/06/2014
2014003323;1;1;2;1;3;170;09/08/2014
2014003324;1;1;1;7;3;170;16/08/2014
2014003325;1;1;2;1;5;170;31/08/2014
2014003326;1;1;1;1;1;170;03/09/2014
2014003327;1;1;1;1;7;170;23/11/2014
2014003328;3;1;1;1;6;170;26/12/2014
2014003329;1;1;2;1;3;170;02/01/2014
2014003330;5;2;1;1;6;170;21/01/2014
2014003331;1;1;2;2;3;170;23/03/2014
2014003332;1;1;5;1;3;170;18/04/2014
2014003333;1;1;1;1;5;170;07/05/2014
2014003334;1;1;1;1;7;170;19/05/2014
2014003335;1;2;3;2;3;170;19/05/2014
2014003336;3;1;1;3;2;170;03/06/2014
2014003337;1;2;1;1;7;170;17/06/2014
2014003338;5;1;1;2;3;170;08/08/2014
2014003339;1;1;1;1;6;170;22/08/2014
2014003340;1;1;1;1;1;170;26/08/2014
2014003341;1;1;1;1;2;170;22/09/2014
2014003342;1;1;1;1;6;170;07/10/2014
2014003343;1;2;1;7;6;170;19/10/2014
2014003344;3;1;1;1;1;170;23/11/2014
2014003345;3;1;1;1;6;170;05/12/2014
2014003346;3;1;1;1;6;170;07/02/2014
2014003347;1;1;2;1;3;170;16/03/2014
2014003348;1;1;1;7;2;170;26/10/2014
2014003349;1;2;1;1;3;170;11/01/2014
2014003350;1;2;3;1;3;170;12/02/2014
2014003351;1;2;1;8;1;170;23/03/2014
2014003352;1;1;3;1;3;170;08/05/2014
2014003353;1;1;1;7;6;170;15/07/2014
2014003354;3;1;1;1;6;170;27/07/2014
2014003355;1;1;1;1;7;170;11/10/2014
2014003356;1;1;2;8;3;170;16/10/2014
2014003357;1;1;1;1;1;170;05/11/2014
2014003358;3;1;1;1;3;790;18/01/2014
2014003359;3;1;1;1;6;790;12/04/2014
2014003360;3;1;1;1;6;790;23/02/2014
2014003361;1;1;1;8;1;790;28/04/2014
2014003362;1;1;1;1;5;790;09/05/2014
2014003363;2;2;1;8;6;790;11/07/2014
2014003364;1;1;1;2;1;790;15/08/2014
2014003365;1;2;3;1;3;790;04/09/2014
2014003366;1;2;1;8;1;790;06/11/2014
2014003367;1;2;1;1;6;790;22/12/2014
2014003368;2;2;1;8;6;790;23/03/2014
2014003369;1;1;2;1;3;790;09/06/2014
2014003370;2;1;1;2;5;790;30/01/2014
2014003371;1;1;1;7;7;790;25/06/2014
2014003372;1;1;3;1;3;790;17/02/2014
2014003373;1;2;1;1;1;790;19/07/2014
2014003374;1;1;1;1;7;790;05/08/2014
2014003375;1;1;2;1;1;790;05/07/2014
2014003376;1;1;1;8;1;790;22/01/2014
2014003377;2;1;1;2;5;870;23/01/2014
2014003378;5;2;1;1;6;870;31/03/2014
2014003379;1;1;1;8;6;870;14/05/2014
2014003380;3;1;1;1;6;870;04/09/2014
2014003381;1;2;1;1;6;870;23/09/2014
2014003382;1;1;1;1;3;870;05/11/2014
2014003383;1;2;1;1;3;870;05/11/2014
2014003384;5;1;1;1;1;870;12/11/2014
2014003385;1;1;2;1;3;870;12/12/2014
2014003386;5;1;1;1;6;870;17/03/2014
2014003387;1;1;1;1;1;870;19/04/2014
2014003388;1;1;1;1;6;870;20/06/2014
2014003389;2;2;2;1;1;870;05/09/2014
2014003390;3;1;1;1;6;870;04/04/2014
2014003391;1;1;1;1;1;870;20/06/2014
2014003392;1;1;1;1;6;870;19/07/2014
2014003393;1;2;1;8;6;870;09/11/2014
2014003394;1;1;1;1;1;870;18/06/2014
2014003395;1;2;1;1;1;870;03/10/2014
2014003396;3;1;1;1;2;870;24/10/2014
2014003397;1;1;1;1;1;870;26/03/2014
2014003398;1;1;1;1;1;870;07/04/2014
2014003399;1;1;1;1;7;870;15/05/2014
2014003400;2;1;1;8;6;870;13/07/2014
2014003401;1;1;1;1;7;870;01/11/2014
2014003402;3;1;1;1;6;870;02/02/2014
2014003403;1;1;1;1;1;870;24/02/2014
2014003404;3;1;1;1;1;870;27/04/2014
2014003405;3;1;1;1;1;870;30/05/2014
2014003406;1;1;1;1;3;870;20/06/2014
2014003407;1;1;1;1;3;870;08/10/2014
2014003408;1;1;1;1;1;870;12/06/2014
2014003409;1;1;1;3;3;870;07/08/2014
2014003410;1;1;1;7;7;870;17/01/2014
2014003411;2;1;1;1;6;870;24/05/2014
2014003412;1;1;1;1;1;870;20/06/2014
2014003413;1;1;1;2;6;870;18/09/2014
2014003414;3;1;1;1;6;870;25/10/2014
2014003415;1;1;1;1;1;870;08/11/2014
2014003416;3;1;2;1;3;870;21/11/2014
2014003417;2;1;1;1;1;870;27/01/2014
2014003418;1;1;1;1;6;870;18/04/2014
2014003419;1;2;1;3;5;870;20/05/2014
2014003420;1;1;1;1;6;870;13/06/2014
2014003421;1;1;1;1;1;870;06/10/2014
2014003422;1;2;1;1;1;870;14/10/2014
2014003423;1;2;1;7;6;870;07/11/2014
2014003424;3;1;1;1;6;870;13/08/2014
2014003425;1;1;1;7;1;870;28/10/2014
2014003426;1;1;1;1;1;190;02/03/2014
2014003427;1;1;1;1;6;190;03/05/2014
2014003428;1;2;1;1;1;190;06/06/2014
2014003429;1;1;2;1;3;190;25/08/2014
2014003430;1;1;3;1;2;190;14/10/2014
2014003431;3;1;1;1;4;190;06/11/2014
2014003432;2;1;1;2;2;190;09/11/2014
2014003433;2;1;3;1;1;190;23/02/2014
2014003434;5;2;1;1;7;190;15/02/2014
2014003435;1;1;1;1;7;190;04/08/2014
2014003436;2;1;1;2;7;190;29/08/2014
2014003437;1;1;1;1;7;190;17/09/2014
2014003438;1;1;1;2;7;190;10/05/2014
2014003439;1;2;1;1;1;190;03/11/2014
2014003440;1;1;1;5;1;190;21/01/2014
2014003441;1;1;1;3;6;190;10/02/2014
2014003442;1;2;3;8;3;190;02/05/2014
2014003443;3;1;1;1;3;190;13/06/2014
2014003444;1;1;1;1;1;190;25/06/2014
2014003445;3;1;2;1;3;190;05/07/2014
2014003446;1;1;1;1;7;190;25/07/2014
2014003447;1;1;1;1;6;190;26/07/2014
2014003448;1;2;1;1;6;190;26/07/2014
2014003449;1;1;1;1;1;190;30/08/2014
2014003450;1;1;1;1;1;190;29/08/2014
2014003451;1;1;1;1;3;190;30/08/2014
2014003452;1;1;1;1;3;190;26/11/2014
2014003453;1;1;2;2;3;190;18/12/2014
2014003454;1;2;1;1;3;190;19/02/2014
2014003455;1;1;1;1;3;190;20/02/2014
2014003456;1;2;1;1;6;190;21/02/2014
2014003457;1;1;1;1;1;190;25/03/2014
2014003458;3;1;1;8;6;190;23/03/2014
2014003459;2;1;2;1;3;190;04/05/2014
2014003460;1;2;1;1;3;190;17/06/2014
2014003461;1;2;1;1;5;190;11/07/2014
2014003462;1;1;1;1;6;190;17/07/2014
2014003463;1;2;1;1;6;190;05/08/2014
2014003464;1;1;1;9;5;190;09/09/2014
2014003465;1;2;1;1;1;190;25/09/2014
2014003466;1;1;1;1;1;190;10/03/2014
2014003467;1;2;1;1;6;190;12/07/2014
2014003468;1;2;1;1;6;190;18/10/2014
2014003469;1;2;1;2;2;190;24/01/2014
2014003470;1;1;1;1;2;190;05/03/2014
2014003471;1;1;2;1;6;190;16/03/2014
2014003472;3;1;2;1;3;190;21/06/2014
2014003473;1;1;2;1;1;190;11/07/2014
2014003474;1;1;3;1;3;190;18/10/2014
2014003475;1;1;1;1;1;190;01/11/2014
2014003476;1;1;1;1;6;190;28/12/2014
2014003477;5;2;1;1;3;190;19/03/2014
2014003478;2;1;1;1;7;190;20/04/2014
2014003479;1;2;1;1;1;190;28/04/2014
2014003480;3;1;1;5;7;190;06/07/2014
2014003481;1;2;1;1;6;190;09/03/2014
2014003482;1;1;1;1;1;190;17/03/2014
2014003483;3;1;1;1;6;190;13/12/2014
2014003484;1;1;1;1;6;190;05/04/2014
2014003485;1;1;1;1;6;190;22/06/2014
2014003486;1;1;2;7;3;190;18/07/2014