num_acc;lum;agg;inter;atm;col;dep;date
2014004069;2;2;1;2;6;810;28/01/2014
2014004070;1;2;1;1;4;810;06/02/2014
2014004071;1;2;1;1;7;810;09/06/2014
2014004072;1;2;1;7;3;810;28/10/2014
2014004073;1;1;1;8;2;810;19/12/2014
2014004074;1;2;1;1;6;810;29/12/2014
2014004075;1;1;9;1;3;810;31/07/2014
2014004076;1;1;1;1;6;810;31/07/2014
2014004077;1;1;6;1;6;810;19/01/2014
2014004078;1;1;1;1;2;810;27/03/2014
2014004079;1;1;1;2;1;810;04/04/2014
2014004080;1;1;1;2;3;810;23/06/2014
2014004081;1;2;6;1;3;810;27/07/2014
2014004082;5;2;6;1;6;810;16/08/2014
2014004083;1;1;6;1;2;810;09/09/2014
2014004084;1;1;1;1;3;810;22/09/2014
2014004085;1;2;6;1;3;810;27/09/2014
2014004086;3;1;1;1;6;810;07/11/2014
2014004087;1;1;2;2;3;810;07/11/2014
2014004088;1;1;1;1;5;810;12/11/2014
2014004089;1;1;1;1;1;810;17/11/2014
2014004090;1;1;1;1;1;810;19/11/2014
2014004091;5;2;1;2;6;810;18/12/2014
2014004092;1;1;1;1;6;810;27/09/2014
2014004093;1;1;1;1;6;810;05/10/2014
2014004094;1;1;1;7;6;810;10/11/2014
2014004095;1;1;2;2;3;810;23/01/2014
2014004096;1;1;1;2;2;810;22/03/2014
2014004097;1;1;1;1;7;810;23/05/2014
2014004098;1;1;1;1;4;810;14/06/2014
2014004099;1;1;1;1;6;810;14/06/2014
2014004100;1;1;1;1;6;810;27/09/2014
2014004101;3;1;1;1;6;810;14/12/2014
2014004102;1;1;1;1;1;810;18/12/2014
2014004103;5;1;6;5;6;810;23/12/2014
2014004104;1;1;2;1;1;810;09/01/2014
2014004105;2;2;1;1;3;810;04/02/2014
2014004106;3;1;1;2;6;810;16/02/2014
2014004107;1;2;1;1;6;810;18/02/2014
2014004108;2;1;1;8;6;810;25/03/2014
2014004109;5;2;6;1;7;810;06/04/2014
2014004110;1;1;1;2;5;810;27/04/2014
2014004111;3;1;1;1;6;810;27/04/2014
2014004112;1;2;1;1;6;810;19/05/2014
2014004113;1;2;9;1;2;810;16/06/2014
2014004114;1;1;1;1;5;810;18/06/2014
2014004115;1;2;1;1;6;810;27/07/2014
2014004116;1;2;1;1;3;810;23/08/2014
2014004117;3;1;1;1;6;810;27/09/2014
2014004118;1;1;2;1;3;810;01/10/2014
2014004119;1;2;6;1;3;810;23/10/2014
2014004120;2;1;1;1;6;810;25/10/2014
2014004121;3;1;2;1;3;810;30/10/2014
2014004122;3;1;1;2;6;810;17/11/2014
2014004123;3;1;1;5;6;810;11/12/2014
2014004124;1;2;1;1;1;690;01/03/2014
2014004125;1;2;1;1;6;690;28/02/2014
2014004126;5;1;1;1;1;690;11/04/2014
2014004127;1;2;1;1;6;690;20/05/2014
2014004128;1;2;1;9;6;690;21/07/2014
2014004129;1;2;1;1;6;690;08/09/2014
2014004130;5;2;1;1;1;690;31/10/2014
2014004131;1;1;1;1;2;20;27/09/2014
2014004132;5;2;1;1;1;20;11/10/2014
2014004133;1;2;6;1;2;20;01/11/2014
2014004134;5;2;3;1;6;20;20/11/2014
2014004135;1;2;2;2;3;20;08/12/2014
2014004136;2;1;3;8;3;20;19/12/2014
2014004137;5;2;4;2;6;20;15/01/2014
2014004138;5;2;1;1;6;20;09/04/2014
2014004139;1;2;1;2;6;20;29/01/2014
2014004140;1;2;2;1;3;20;30/01/2014
2014004141;5;2;2;8;3;20;08/02/2014
2014004142;3;2;2;8;3;20;28/01/2014
2014004143;1;2;1;1;6;20;24/03/2014
2014004144;1;2;3;1;3;20;04/04/2014
2014004145;1;1;1;1;2;20;09/04/2014
2014004146;1;1;1;1;5;20;16/05/2014
2014004147;1;2;1;3;6;20;24/07/2014
2014004148;1;1;1;1;1;20;29/08/2014
2014004149;1;2;1;1;1;20;04/09/2014
2014004150;1;1;1;1;3;810;12/01/2014
2014004151;1;1;2;1;3;810;23/04/2014
2014004152;1;1;1;3;1;810;25/07/2014
2014004153;1;1;2;1;3;810;26/07/2014
2014004154;5;1;1;1;6;810;09/08/2014
2014004155;1;1;1;1;6;810;15/09/2014
2014004156;1;2;2;1;3;810;12/02/2014
2014004157;3;1;3;1;6;810;25/03/2014
2014004158;1;1;1;1;7;810;19/04/2014
2014004159;3;1;1;3;6;810;25/05/2014
2014004160;3;1;1;2;6;810;20/07/2014
2014004161;1;1;1;1;3;810;31/07/2014
2014004162;1;2;1;7;6;810;05/11/2014
2014004163;1;2;1;1;3;810;10/11/2014
2014004164;3;1;1;2;3;810;19/12/2014
2014004165;2;1;1;2;6;810;14/01/2014
2014004166;1;1;1;2;7;810;25/01/2014
2014004167;1;1;1;1;3;810;11/04/2014
2014004168;1;2;1;1;1;810;09/08/2014
2014004169;1;1;1;2;6;810;20/01/2014
2014004170;1;1;4;7;1;810;08/02/2014
2014004171;1;1;1;1;6;810;19/03/2014
2014004172;1;1;1;7;3;810;05/04/2014
2014004173;5;1;1;1;1;810;22/08/2014
2014004174;4;1;1;1;7;810;21/09/2014
2014004175;3;1;2;3;5;810;27/12/2014
2014004176;1;1;1;1;2;820;07/01/2014
2014004177;1;2;1;1;5;820;14/02/2014
2014004178;2;1;1;7;7;820;23/02/2014
2014004179;1;1;1;1;6;820;06/03/2014
2014004180;1;1;1;1;7;820;02/03/2014
2014004181;1;1;4;1;1;820;17/03/2014
2014004182;3;1;1;1;6;820;06/04/2014
2014004183;1;2;1;1;6;820;06/04/2014
2014004184;1;1;1;2;7;820;20/04/2014
2014004185;1;1;1;1;7;820;09/05/2014
2014004186;1;1;1;1;2;820;20/05/2014
2014004187;1;1;1;1;6;820;06/06/2014
2014004188;1;1;1;1;6;820;07/06/2014
2014004189;1;2;1;1;6;820;11/07/2014
2014004190;1;2;1;1;1;820;29/07/2014
2014004191;1;2;1;1;6;820;07/08/2014
2014004192;1;1;1;1;1;820;15/08/2014
2014004193;2;1;1;1;1;820;19/09/2014
2014004194;1;1;1;1;3;820;21/09/2014
2014004195;2;1;1;9;1;820;29/09/2014
2014004196;1;1;1;1;6;820;10/10/2014
2014004197;1;1;1;1;6;820;16/10/2014
2014004198;1;1;1;1;7;820;02/11/2014
2014004199;1;1;1;1;1;820;19/12/2014
2014004200;1;1;1;1;6;820;09/12/2014
2014004201;3;1;1;1;6;820;29/12/2014
2014004202;1;1;1;1;1;820;06/09/2014
2014004203;1;1;1;1;6;820;20/02/2014
2014004204;3;1;1;4;6;820;03/03/2014
2014004205;2;2;1;1;6;820;11/03/2014
2014004206;1;1;1;1;6;820;02/04/2014
2014004207;1;1;1;1;1;820;03/05/2014
2014004208;1;1;1;1;2;820;22/05/2014
2014004209;5;2;1;1;6;820;08/07/2014
2014004210;1;1;1;1;3;820;08/08/2014
2014004211;1;1;1;1;1;820;26/08/2014
2014004212;1;1;1;1;6;820;24/09/2014
2014004213;1;2;1;1;1;820;05/10/2014
2014004214;1;1;1;1;7;820;24/10/2014
2014004215;3;1;1;5;6;820;24/12/2014
2014004216;1;1;1;1;6;820;16/01/2014
2014004217;1;1;1;2;7;820;10/02/2014
2014004218;1;1;1;2;6;820;25/03/2014
2014004219;1;1;1;7;7;820;21/04/2014
2014004220;1;1;1;8;7;820;09/05/2014
2014004221;1;1;1;1;6;820;29/09/2014
2014004222;1;2;1;1;6;820;02/01/2014
2014004223;1;1;1;2;3;820;20/01/2014
2014004224;1;2;1;1;7;820;21/01/2014
2014004225;1;1;1;1;6;820;18/05/2014
2014004226;1;1;1;1;7;820;29/06/2014
2014004227;1;1;1;1;6;820;30/06/2014
2014004228;1;1;1;1;3;820;25/08/2014
2014004229;5;1;1;1;6;820;31/01/2014
2014004230;3;1;1;1;1;820;20/02/2014
2014004231;3;1;1;1;6;820;09/03/2014
2014004232;1;1;1;1;7;820;11/03/2014
2014004233;1;1;1;3;6;820;04/08/2014
2014004234;1;1;1;1;7;820;13/08/2014
2014004235;1;1;1;1;3;820;21/08/2014
2014004236;5;2;6;1;7;820;27/09/2014
2014004237;2;1;1;5;7;820;01/11/2014
2014004238;3;1;1;1;6;820;20/12/2014
2014004239;1;1;2;1;1;820;30/01/2014
2014004240;1;1;1;1;6;820;29/03/2014
2014004241;1;1;1;1;7;820;06/06/2014
2014004242;1;1;2;1;3;820;14/06/2014
2014004243;1;1;1;2;6;820;28/06/2014
2014004244;1;1;1;2;6;820;13/07/2014
2014004245;1;1;1;1;7;820;20/07/2014
2014004246;1;1;9;1;6;820;12/08/2014
2014004247;1;1;1;1;6;820;07/09/2014
2014004248;1;2;1;1;3;820;19/04/2014
2014004249;1;2;3;2;3;820;26/05/2014
2014004250;1;1;1;1;7;820;15/06/2014
2014004251;3;2;1;1;6;820;21/06/2014
2014004252;3;1;1;1;6;820;13/09/2014
2014004253;1;1;1;8;7;820;28/09/2014
2014004254;1;2;1;1;3;820;11/10/2014
2014004255;3;1;1;1;5;820;01/11/2014
2014004256;1;1;6;1;3;820;02/11/2014
2014004257;2;2;1;1;7;820;08/10/2014
2014004258;3;1;3;1;3;820;27/11/2014
2014004259;3;1;1;1;6;820;29/11/2014
2014004260;2;1;1;3;1;820;29/11/2014
2014004261;1;1;1;1;3;820;17/01/2014
2014004262;1;1;1;1;6;820;26/02/2014
2014004263;1;1;1;1;1;820;05/05/2014
2014004264;1;2;1;1;3;820;06/06/2014
2014004265;1;1;1;1;1;820;10/06/2014
2014004266;1;2;1;1;3;820;12/07/2014
2014004267;3;1;1;1;6;820;03/09/2014
2014004268;1;2;2;1;3;820;17/10/2014
2014004269;2;2;1;1;6;820;28/10/2014
2014004270;1;1;1;1;6;820;06/11/2014
2014004271;3;1;1;3;6;820;14/11/2014
2014004272;1;2;1;1;1;820;20/11/2014
2014004273;3;1;1;1;6;820;07/12/2014
2014004274;1;1;1;1;6;820;13/12/2014
2014004275;1;1;2;3;3;820;25/07/2014
2014004276;1;2;1;1;6;690;03/02/2014
2014004277;1;2;1;1;7;690;31/03/2014
2014004278;5;2;1;1;3;690;26/04/2014
2014004279;3;2;1;1;6;690;16/05/2014
2014004280;1;1;1;1;6;690;24/05/2014
2014004281;1;1;1;1;1;690;31/05/2014
2014004282;1;2;6;1;1;690;18/07/2014
2014004283;1;1;1;1;3;690;12/09/2014
2014004284;1;2;1;1;6;690;13/11/2014
2014004285;5;1;1;8;6;690;16/11/2014
2014004286;1;1;1;2;6;690;20/12/2014
2014004287;2;1;6;2;7;690;13/01/2014
2014004288;3;1;1;1;1;690;09/03/2014
2014004289;5;1;1;1;3;690;14/03/2014
2014004290;2;2;6;1;3;690;19/05/2014
2014004291;1;2;1;1;2;690;09/05/2014
2014004292;1;2;1;1;3;690;31/05/2014
2014004293;1;2;1;1;5;690;24/06/2014
2014004294;1;2;1;2;5;690;10/07/2014
2014004295;1;2;1;1;1;690;24/07/2014
2014004296;1;1;3;1;5;690;20/08/2014
2014004297;1;1;1;1;2;690;06/09/2014
2014004298;1;1;1;1;1;690;13/09/2014
2014004299;1;2;1;1;3;690;08/10/2014
2014004300;1;2;9;1;1;690;29/10/2014
2014004301;3;1;1;1;7;690;30/10/2014
2014004302;5;2;1;1;1;690;14/12/2014
2014004303;1;1;1;2;1;690;20/12/2014
2014004304;1;2;1;1;3;690;10/01/2014
2014004305;1;2;1;1;6;690;27/01/2014
2014004306;1;2;1;1;1;690;08/03/2014
2014004307;1;1;1;1;3;690;28/04/2014
2014004308;1;2;6;1;3;690;03/05/2014
2014004309;1;1;1;1;1;690;08/06/2014
2014004310;1;1;6;1;3;690;04/07/2014
2014004311;5;2;1;1;2;690;10/08/2014
2014004312;1;2;1;1;1;690;23/08/2014
2014004313;1;2;1;1;6;690;02/09/2014
2014004314;1;2;1;1;2;690;02/09/2014
2014004315;1;2;9;1;6;690;30/05/2014
2014004316;1;1;1;1;3;690;22/09/2014
2014004317;1;1;1;3;1;690;12/10/2014
2014004318;1;1;1;1;6;690;28/11/2014
2014004319;1;2;1;1;6;690;28/11/2014
2014004320;1;2;0;;3;690;24/04/2014
2014004321;1;1;1;1;2;690;24/02/2014
2014004322;1;2;1;1;3;690;16/05/2014
2014004323;1;2;1;1;3;690;01/09/2014
2014004324;5;2;1;1;7;690;12/09/2014
2014004325;5;2;1;1;3;690;17/10/2014
2014004326;1;2;6;1;1;690;20/10/2014
2014004327;1;1;1;1;7;690;09/01/2014
2014004328;1;2;1;2;3;690;17/02/2014
2014004329;3;1;6;1;1;690;20/02/2014
2014004330;3;1;1;1;4;690;25/02/2014
2014004331;1;1;9;1;1;690;09/03/2014
2014004332;1;2;1;1;3;690;14/03/2014
2014004333;1;2;1;1;3;690;14/03/2014
2014004334;1;1;1;1;3;690;03/04/2014
2014004335;1;2;6;1;6;690;10/05/2014
2014004336;1;1;1;2;3;690;13/05/2014
2014004337;1;2;1;1;1;690;28/05/2014
2014004338;1;1;1;1;1;690;19/07/2014
2014004339;1;1;1;1;7;690;06/08/2014
2014004340;1;1;1;1;1;690;29/09/2014
2014004341;1;2;1;1;3;690;01/11/2014
2014004342;3;2;6;1;6;690;07/11/2014
2014004343;3;2;1;3;3;690;14/11/2014
2014004344;1;1;1;1;1;690;18/12/2014
2014004345;5;2;1;3;6;690;24/01/2014
2014004346;5;1;1;1;1;690;06/03/2014
2014004347;1;2;1;7;3;690;17/03/2014
2014004348;1;2;1;1;7;690;23/06/2014
2014004349;1;2;7;1;6;690;30/06/2014
2014004350;1;2;1;1;1;690;30/06/2014
2014004351;1;1;1;8;6;690;12/07/2014
2014004352;1;1;1;1;3;690;10/11/2014
2014004353;2;2;9;1;6;690;14/11/2014
2014004354;1;1;1;1;5;690;28/11/2014
2014004355;3;1;1;1;1;690;07/01/2014
2014004356;1;1;1;2;5;690;14/01/2014
2014004357;3;1;1;6;6;690;04/02/2014
2014004358;1;2;1;1;1;690;01/03/2014
2014004359;1;2;9;1;3;690;10/03/2014
2014004360;1;2;1;1;1;690;14/04/2014
2014004361;1;2;1;1;1;690;22/04/2014
2014004362;1;2;1;1;6;690;16/06/2014
2014004363;1;1;1;1;1;690;28/06/2014
2014004364;1;1;1;2;7;690;28/06/2014
2014004365;1;2;1;8;3;690;07/07/2014
2014004366;1;1;1;1;1;690;10/07/2014
2014004367;1;2;1;1;1;690;06/09/2014
2014004368;1;1;1;8;5;690;19/09/2014
2014004369;1;2;1;1;6;690;23/09/2014
2014004370;5;2;1;1;6;690;26/09/2014
2014004371;2;1;6;5;6;690;19/11/2014
2014004372;3;1;1;1;7;690;27/11/2014
2014004373;5;1;1;1;5;690;28/11/2014
2014004374;1;2;1;1;1;690;04/12/2014
2014004375;3;2;1;2;1;690;28/12/2014
2014004376;3;1;1;1;6;690;11/05/2014
2014004377;1;1;1;1;2;690;16/05/2014
2014004378;1;1;1;1;2;690;02/07/2014
2014004379;1;1;1;2;7;690;05/10/2014
2014004380;1;2;1;1;6;690;14/01/2014
2014004381;1;1;1;8;1;690;31/01/2014
2014004382;1;1;3;1;3;690;13/04/2014
2014004383;1;2;2;1;2;690;22/06/2014
2014004384;1;1;1;1;1;690;04/09/2014
2014004385;1;1;1;1;7;690;24/11/2014
2014004386;3;1;1;1;6;690;08/03/2014
2014004387;1;1;1;1;1;690;24/04/2014
2014004388;1;1;1;2;7;690;27/04/2014
2014004389;1;1;1;1;6;690;06/05/2014
2014004390;5;2;1;1;6;690;20/05/2014
2014004391;1;1;1;1;1;690;05/06/2014
2014004392;1;1;1;7;3;690;14/07/2014
2014004393;1;1;1;1;7;690;20/08/2014
2014004394;1;1;1;1;1;690;05/09/2014
2014004395;1;1;1;1;6;690;18/09/2014
2014004396;3;2;1;1;6;690;22/11/2014
2014004397;3;2;1;1;6;690;22/12/2014
2014004398;2;2;1;1;6;690;23/12/2014
2014004399;1;2;1;1;3;690;28/03/2014
2014004400;2;2;1;1;6;690;24/04/2014
2014004401;1;1;1;1;1;690;13/06/2014
2014004402;1;1;1;1;3;690;16/06/2014
2014004403;1;1;1;1;3;690;18/07/2014
2014004404;1;2;1;1;1;690;03/09/2014
2014004405;1;1;1;1;3;690;03/10/2014
2014004406;3;1;1;2;1;690;16/11/2014
2014004407;1;1;1;1;7;690;16/03/2014
2014004408;1;1;1;1;1;690;28/03/2014
2014004409;1;2;1;1;3;690;28/04/2014
2014004410;1;2;1;7;7;690;15/05/2014
2014004411;1;2;1;1;6;690;22/06/2014
2014004412;1;1;1;1;1;690;22/06/2014
2014004413;1;2;1;1;6;690;19/08/2014
2014004414;2;2;1;1;6;690;07/10/2014
2014004415;1;1;1;2;1;690;07/10/2014
2014004416;1;2;1;1;6;690;18/10/2014
2014004417;2;1;3;1;3;690;13/11/2014
2014004418;5;2;1;1;2;690;05/12/2014
2014004419;1;1;1;8;6;690;18/12/2014
2014004420;1;2;7;1;6;690;31/12/2014
2014004421;3;1;1;2;3;690;19/01/2014
2014004422;1;1;1;1;3;690;25/07/2014
2014004423;1;1;1;1;1;690;01/09/2014
2014004424;1;1;3;1;3;690;14/09/2014
2014004425;3;1;1;1;3;690;25/01/2014
2014004426;5;2;1;2;3;690;15/02/2014
2014004427;1;1;6;1;4;690;17/03/2014
2014004428;5;1;1;1;1;690;22/03/2014
2014004429;1;1;1;1;6;690;01/04/2014
2014004430;1;1;1;1;3;690;03/04/2014
2014004431;1;1;6;1;1;690;17/04/2014
2014004432;1;1;2;1;3;690;13/05/2014
2014004433;1;1;1;8;5;690;20/07/2014
2014004434;1;1;1;1;1;690;08/08/2014
2014004435;5;1;1;1;6;690;12/09/2014
2014004436;3;1;1;1;6;690;28/10/2014
2014004437;2;1;4;8;1;690;08/02/2014
2014004438;1;1;3;1;3;690;17/04/2014
2014004439;1;1;3;1;3;690;20/06/2014
2014004440;1;2;1;1;1;690;05/07/2014
2014004441;1;1;1;2;7;690;15/08/2014
2014004442;1;1;1;1;7;690;17/08/2014
2014004443;2;1;1;7;3;690;10/11/2014
2014004444;3;1;1;1;1;690;02/01/2014
2014004445;3;1;1;1;7;690;10/08/2014
2014004446;1;1;1;1;3;690;27/09/2014
2014004447;1;1;1;5;1;690;08/11/2014
2014004448;2;1;1;5;6;690;19/12/2014
2014004449;1;1;1;1;1;690;09/01/2014
2014004450;1;1;1;1;1;690;20/02/2014
2014004451;1;1;1;1;1;690;02/03/2014
2014004452;1;1;1;1;6;690;29/03/2014
2014004453;1;1;1;1;2;690;06/04/2014
2014004454;1;2;1;1;6;690;16/04/2014
2014004455;1;1;1;1;6;690;11/05/2014
2014004456;2;1;1;2;5;690;26/05/2014
2014004457;1;1;1;8;1;690;04/06/2014
2014004458;1;1;1;1;1;690;10/06/2014
2014004459;1;1;1;1;1;690;26/06/2014
2014004460;1;1;1;1;3;690;21/09/2014
2014004461;1;1;1;5;6;690;01/11/2014
2014004462;2;1;1;8;6;690;26/01/2014
2014004463;5;2;1;2;7;690;23/03/2014
2014004464;1;2;1;7;6;690;13/04/2014
2014004465;1;1;1;1;2;690;02/06/2014
2014004466;1;1;1;7;7;690;10/06/2014
2014004467;1;1;2;8;3;690;11/07/2014
2014004468;5;2;1;1;6;690;24/11/2014
2014004469;2;1;1;8;1;690;04/12/2014
2014004470;3;1;1;9;6;690;24/12/2014
2014004471;1;2;8;2;6;690;28/02/2014
2014004472;1;1;3;7;3;690;09/03/2014
2014004473;1;1;9;9;3;690;26/07/2014
2014004474;5;1;1;2;1;690;19/11/2014
2014004475;2;1;1;2;1;690;20/12/2014
2014004476;1;2;1;1;3;690;11/01/2014
2014004477;3;1;1;3;1;690;19/01/2014
2014004478;1;2;1;1;6;690;22/01/2014
2014004479;1;1;1;8;1;690;01/03/2014
2014004480;1;1;1;1;1;690;12/04/2014
2014004481;1;1;1;1;3;690;27/06/2014
2014004482;1;2;1;1;3;690;28/07/2014
2014004483;1;2;1;1;3;690;29/08/2014
2014004484;1;1;1;1;1;690;08/09/2014
2014004485;1;2;1;3;6;690;08/09/2014
2014004486;1;1;1;2;1;690;13/12/2014
2014004487;1;1;4;1;3;10;03/06/2014
2014004488;2;1;1;1;3;10;16/06/2014
2014004489;1;1;1;1;6;10;21/09/2014
2014004490;1;1;1;1;7;10;21/09/2014
2014004491;1;1;1;1;7;10;10/11/2014
2014004492;3;1;1;3;1;10;19/01/2014
2014004493;5;1;2;2;3;10;25/01/2014
2014004494;2;2;2;3;3;10;10/02/2014
2014004495;1;1;1;1;1;10;26/08/2014
2014004496;1;1;1;1;6;10;30/09/2014
2014004497;1;1;1;1;1;10;21/12/2014
2014004498;1;1;1;1;6;10;22/01/2014
2014004499;1;1;1;1;6;10;18/02/2014
2014004500;2;2;1;7;6;10;05/04/2014
2014004501;1;2;1;1;6;10;03/05/2014
2014004502;1;1;2;1;3;10;04/05/2014
2014004503;1;1;1;1;7;10;10/05/2014
2014004504;1;1;3;1;1;10;18/05/2014
2014004505;1;1;3;1;3;10;07/06/2014
2014004506;1;1;1;1;1;10;13/06/2014
2014004507;3;1;1;1;1;10;15/06/2014
2014004508;1;1;1;1;2;10;26/06/2014
2014004509;1;1;1;1;3;10;04/07/2014
2014004510;1;1;1;1;6;10;05/07/2014
2014004511;1;1;1;1;6;10;31/07/2014
2014004512;1;1;1;1;3;10;21/08/2014
2014004513;1;1;1;1;2;10;05/09/2014
2014004514;5;2;1;1;6;10;13/09/2014
2014004515;3;1;1;1;7;10;24/09/2014
2014004516;1;1;1;1;1;10;01/10/2014
2014004517;5;1;1;5;6;10;04/10/2014
2014004518;1;1;1;2;7;10;09/10/2014
2014004519;1;1;1;3;5;10;10/10/2014
2014004520;1;1;1;1;7;10;19/10/2014
2014004521;1;1;1;5;3;10;30/11/2014
2014004522;1;1;1;1;3;10;26/12/2014
2014004523;1;1;1;1;2;10;19/03/2014
2014004524;1;1;1;1;1;10;17/04/2014
2014004525;1;1;1;1;6;10;19/04/2014
2014004526;1;2;2;1;3;10;12/08/2014
2014004527;1;1;1;1;3;10;23/08/2014
2014004528;2;1;1;5;6;10;01/11/2014
2014004529;3;1;1;3;1;10;17/12/2014
2014004530;5;2;2;1;3;10;07/03/2014
2014004531;1;1;1;1;7;10;16/06/2014
2014004532;1;1;2;1;3;10;24/07/2014
2014004533;1;1;1;1;2;10;22/08/2014
2014004534;1;1;1;2;3;10;10/10/2014
2014004535;2;1;1;1;2;10;19/10/2014
2014004536;1;2;1;5;1;10;19/11/2014
2014004537;5;2;1;5;3;10;19/11/2014
2014004538;3;1;1;1;6;10;11/01/2014
2014004539;5;2;1;1;1;10;23/02/2014
2014004540;2;2;9;1;6;10;26/04/2014
2014004541;1;2;1;1;1;10;13/05/2014
2014004542;3;1;1;2;6;10;05/11/2014
2014004543;1;1;1;8;6;10;03/12/2014
2014004544;3;1;1;8;6;10;16/12/2014
2014004545;1;2;1;1;6;10;10/06/2014
2014004546;1;1;1;2;6;10;21/07/2014
2014004547;1;2;1;1;6;10;27/07/2014
2014004548;1;1;1;1;1;10;16/09/2014
2014004549;1;2;1;1;1;10;04/10/2014
2014004550;1;1;1;8;3;10;16/10/2014
2014004551;1;1;1;1;2;10;19/10/2014
2014004552;1;1;1;1;6;10;10/05/2014
2014004553;1;1;1;2;1;10;10/07/2014
2014004554;1;2;1;1;6;10;29/07/2014
2014004555;1;1;1;1;6;10;25/01/2014
2014004556;1;2;1;1;6;10;28/02/2014
2014004557;1;1;1;1;1;10;15/04/2014
2014004558;1;2;1;1;3;10;13/05/2014
2014004559;1;1;1;1;1;10;29/06/2014
2014004560;3;1;1;1;1;10;27/07/2014
2014004561;5;2;1;5;2;10;24/07/2014
2014004562;3;1;1;1;7;10;24/08/2014
2014004563;1;2;1;1;6;10;18/09/2014
2014004564;1;1;1;1;6;10;28/09/2014
2014004565;3;1;1;8;1;10;10/10/2014
2014004566;1;2;1;1;6;10;14/10/2014
2014004567;1;2;8;1;1;10;17/10/2014
2014004568;2;1;1;3;2;10;16/10/2014
2014004569;5;1;1;3;4;10;04/11/2014
2014004570;3;1;1;1;6;10;11/11/2014
2014004571;3;1;1;1;7;10;20/12/2014
2014004572;1;1;1;1;1;10;07/03/2014
2014004573;1;2;1;1;6;10;01/01/2014
2014004574;1;1;1;1;6;10;27/05/2014
2014004575;1;1;1;1;7;10;08/06/2014
2014004576;2;2;1;1;3;10;18/06/2014
2014004577;1;2;1;2;6;10;14/08/2014
2014004578;1;2;6;1;3;10;02/09/2014
2014004579;1;2;1;1;1;10;02/09/2014
2014004580;1;2;3;7;3;10;12/09/2014
2014004581;2;1;1;1;6;10;16/09/2014
2014004582;1;2;1;1;2;10;18/09/2014
2014004583;5;1;1;8;6;10;18/12/2014
2014004584;1;2;1;1;6;10;07/04/2014
2014004585;1;1;1;1;2;10;15/07/2014
2014004586;2;1;1;1;5;10;28/10/2014
2014004587;1;1;1;1;6;10;16/07/2014
2014004588;1;1;1;1;7;10;21/09/2014
2014004589;1;2;1;1;6;10;08/03/2014
2014004590;1;1;1;1;6;10;15/03/2014
2014004591;1;1;1;1;5;10;30/03/2014
2014004592;1;2;9;1;3;10;09/04/2014
2014004593;1;2;4;1;3;10;03/05/2014
2014004594;1;2;6;1;6;10;10/05/2014
2014004595;1;2;1;1;6;10;21/05/2014
2014004596;1;1;1;1;6;10;23/05/2014
2014004597;1;1;1;1;1;10;12/07/2014
2014004598;1;2;1;1;1;10;01/09/2014
2014004599;2;1;1;1;1;10;02/12/2014
2014004600;5;2;2;1;3;10;11/12/2014
2014004601;5;1;3;1;3;10;12/12/2014
2014004602;2;2;1;5;6;10;14/12/2014
2014004603;1;1;1;2;1;10;28/02/2014
2014004604;1;1;3;1;2;10;09/03/2014
2014004605;1;1;1;1;3;10;17/06/2014
2014004606;3;2;1;1;3;10;06/10/2014
2014004607;1;2;1;8;7;10;09/10/2014
2014004608;2;1;1;1;3;10;05/12/2014
2014004609;3;1;1;3;1;10;11/12/2014
2014004610;1;1;1;1;4;10;06/02/2014
2014004611;1;2;3;1;1;10;03/04/2014
2014004612;3;1;1;1;7;10;10/04/2014
2014004613;1;2;9;1;7;10;08/05/2014
2014004614;1;1;3;1;3;10;16/07/2014
2014004615;1;1;1;3;5;10;10/02/2014
2014004616;1;1;2;1;3;10;24/02/2014
2014004617;1;1;2;1;3;10;17/05/2014
2014004618;1;1;1;1;2;10;03/07/2014
2014004619;1;1;1;7;1;10;16/07/2014
2014004620;1;1;1;1;7;10;10/08/2014
2014004621;1;1;1;1;7;10;06/09/2014
2014004622;1;2;1;7;3;10;11/04/2014
2014004623;1;1;1;1;7;10;05/05/2014
2014004624;1;1;1;1;1;10;12/05/2014
2014004625;1;1;4;1;3;10;16/05/2014
2014004626;1;1;1;1;2;10;29/05/2014
2014004627;1;2;1;1;1;10;30/05/2014
2014004628;2;1;1;1;1;10;21/06/2014
2014004629;1;2;1;1;3;10;30/08/2014
2014004630;1;2;2;1;1;10;24/07/2014
2014004631;1;1;1;1;1;10;06/08/2014
2014004632;5;2;1;1;6;10;09/12/2014
2014004633;1;2;1;2;6;10;13/02/2014
2014004634;5;2;1;1;3;10;19/02/2014
2014004635;1;2;1;1;3;10;18/05/2014
2014004636;1;2;2;1;3;10;30/06/2014
2014004637;1;2;1;1;7;10;08/06/2014
2014004638;5;2;2;1;3;10;28/08/2014
2014004639;1;1;4;3;7;10;01/02/2014
2014004640;1;2;1;1;6;10;14/03/2014
2014004641;1;2;4;1;6;10;20/04/2014
2014004642;3;1;1;1;7;10;05/06/2014
2014004643;1;2;1;1;7;10;21/06/2014
2014004644;1;1;1;1;6;10;03/07/2014
2014004645;1;1;4;1;3;10;05/07/2014
2014004646;1;2;1;1;6;10;29/11/2014
2014004647;2;1;1;2;1;10;03/03/2014
2014004648;1;1;2;1;1;10;16/03/2014
2014004649;3;1;1;1;6;10;25/04/2014
2014004650;1;1;3;1;2;10;24/04/2014
2014004651;1;1;4;1;3;10;22/05/2014
2014004652;1;1;1;1;6;10;27/06/2014
2014004653;1;2;1;1;1;10;27/06/2014