num_acc;lum;agg;inter;atm;col;dep;date
2014004654;1;1;1;1;1;10;07/07/2014
2014004655;3;1;1;2;7;10;12/07/2014
2014004656;3;1;1;1;7;10;17/07/2014
2014004657;1;1;2;1;3;10;22/08/2014
2014004658;1;1;1;1;5;10;03/10/2014
2014004659;1;1;1;1;3;10;13/11/2014
2014004660;1;1;2;1;3;10;04/12/2014
2014004661;1;1;2;1;3;10;16/02/2014
2014004662;1;2;1;1;3;10;09/06/2014
2014004663;1;1;1;1;6;10;16/06/2014
2014004664;3;1;1;1;5;10;12/07/2014
2014004665;1;1;1;1;7;10;05/08/2014
2014004666;1;2;1;1;7;10;19/10/2014
2014004667;2;1;1;5;6;10;01/11/2014
2014004668;2;1;2;8;3;10;01/11/2014
2014004669;3;1;1;2;1;70;05/01/2014
2014004670;1;1;1;1;6;70;24/05/2014
2014004671;1;1;1;1;6;70;31/05/2014
2014004672;1;1;1;1;7;70;13/06/2014
2014004673;1;1;1;1;7;70;14/06/2014
2014004674;1;2;1;1;1;70;11/08/2014
2014004675;1;1;1;1;6;70;31/10/2014
2014004676;1;2;1;1;6;70;13/11/2014
2014004677;3;1;1;5;7;70;24/11/2014
2014004678;1;1;1;1;1;70;19/04/2014
2014004679;3;1;1;3;1;70;18/01/2014
2014004680;1;1;1;1;7;70;05/07/2014
2014004681;1;1;1;1;6;70;19/07/2014
2014004682;1;1;1;1;6;70;06/10/2014
2014004683;1;1;1;1;5;70;18/10/2014
2014004684;1;1;1;7;1;70;23/12/2014
2014004685;1;2;1;1;6;70;16/06/2014
2014004686;1;2;1;1;6;70;30/06/2014
2014004687;1;1;1;6;7;70;23/09/2014
2014004688;1;2;1;1;6;70;17/10/2014
2014004689;1;1;1;7;3;70;17/10/2014
2014004690;3;1;1;1;1;70;22/10/2014
2014004691;2;1;1;1;1;70;01/01/2014
2014004692;1;1;1;1;1;70;14/01/2014
2014004693;3;1;1;2;6;70;19/01/2014
2014004694;1;1;1;1;1;70;22/01/2014
2014004695;1;1;1;1;6;70;27/07/2014
2014004696;1;2;1;1;5;70;12/01/2014
2014004697;5;2;1;3;6;70;19/01/2014
2014004698;5;2;3;1;3;70;03/02/2014
2014004699;2;2;1;2;3;70;06/02/2014
2014004700;3;1;1;8;1;70;20/02/2014
2014004701;5;2;3;1;3;70;22/02/2014
2014004702;1;2;3;1;3;70;10/05/2014
2014004703;5;2;1;1;6;70;07/06/2014
2014004704;5;1;1;1;5;70;21/06/2014
2014004705;3;1;1;1;6;70;23/06/2014
2014004706;1;1;1;1;1;70;03/07/2014
2014004707;1;2;1;2;6;70;04/07/2014
2014004708;1;1;1;1;2;70;19/07/2014
2014004709;1;2;1;1;3;70;06/08/2014
2014004710;1;2;1;1;6;70;25/07/2014
2014004711;1;1;1;1;6;70;04/10/2014
2014004712;2;1;3;1;1;70;06/10/2014
2014004713;1;2;1;1;6;70;08/10/2014
2014004714;1;2;3;1;3;70;18/10/2014
2014004715;2;1;2;1;3;70;28/10/2014
2014004716;1;1;1;1;1;70;27/10/2014
2014004717;1;2;1;1;2;70;02/10/2014
2014004718;1;2;1;1;1;70;08/11/2014
2014004719;1;2;1;1;6;70;25/11/2014
2014004720;1;1;1;1;2;70;22/12/2014
2014004721;1;2;1;1;3;70;11/10/2014
2014004722;1;1;1;1;6;70;24/06/2014
2014004723;1;1;1;1;6;70;05/07/2014
2014004724;1;1;1;1;1;70;27/07/2014
2014004725;2;1;1;1;6;70;27/07/2014
2014004726;1;1;1;1;1;70;04/05/2014
2014004727;1;1;1;5;3;70;23/01/2014
2014004728;1;1;1;1;7;70;31/05/2014
2014004729;1;1;1;1;7;70;06/08/2014
2014004730;5;1;1;1;6;70;31/08/2014
2014004731;1;1;1;1;6;70;28/01/2014
2014004732;3;1;1;1;6;70;21/06/2014
2014004733;3;1;1;1;6;70;08/11/2014
2014004734;1;1;1;1;3;70;03/07/2014
2014004735;5;2;1;1;6;70;16/12/2014
2014004736;1;2;1;1;6;70;08/01/2014
2014004737;1;1;1;1;1;70;11/02/2014
2014004738;1;1;1;1;3;70;19/04/2014
2014004739;1;1;1;1;3;70;05/05/2014
2014004740;1;1;1;8;6;70;19/09/2014
2014004741;1;2;1;1;6;70;16/10/2014
2014004742;3;1;1;1;7;70;19/12/2014
2014004743;1;2;1;1;6;70;22/12/2014
2014004744;1;1;9;1;1;70;01/04/2014
2014004745;1;1;1;1;1;70;08/05/2014
2014004746;1;1;1;1;1;70;03/06/2014
2014004747;1;1;1;1;6;70;31/08/2014
2014004748;3;1;1;8;3;70;29/09/2014
2014004749;1;1;1;1;1;70;31/10/2014
2014004750;3;1;1;2;7;70;04/07/2014
2014004751;1;1;1;1;1;260;19/04/2014
2014004752;2;1;1;1;6;260;30/08/2014
2014004753;1;1;2;1;1;260;18/09/2014
2014004754;2;1;2;1;3;260;06/10/2014
2014004755;1;1;1;1;7;260;09/10/2014
2014004756;1;2;1;1;6;260;28/11/2014
2014004757;1;2;1;1;3;260;19/03/2014
2014004758;1;1;1;1;1;260;16/04/2014
2014004759;1;1;1;1;6;260;01/01/2014
2014004760;2;1;1;8;6;260;27/04/2014
2014004761;1;1;1;1;6;260;28/06/2014
2014004762;1;1;1;1;7;260;31/07/2014
2014004763;1;2;1;1;1;260;18/04/2014
2014004764;1;2;1;1;6;260;29/08/2014
2014004765;2;2;3;2;3;260;14/10/2014
2014004766;3;1;1;3;1;260;16/11/2014
2014004767;5;2;1;1;6;260;27/11/2014
2014004768;1;2;2;1;6;20;20/09/2014
2014004769;1;2;2;1;3;20;18/09/2014
2014004770;1;2;1;1;6;20;25/09/2014
2014004771;1;2;1;1;6;20;27/09/2014
2014004772;1;2;2;1;3;20;18/10/2014
2014004773;1;2;1;1;6;20;18/10/2014
2014004774;1;2;1;3;6;20;07/11/2014
2014004775;1;2;3;1;1;20;21/10/2014
2014004776;3;2;3;1;6;20;01/12/2014
2014004777;5;2;2;1;3;20;21/12/2014
2014004778;5;2;3;1;6;20;27/11/2014
2014004779;5;2;2;2;6;20;06/12/2014
2014004780;1;2;3;3;4;20;13/12/2014
2014004781;1;2;6;1;6;20;13/01/2014
2014004782;1;2;1;2;6;20;15/01/2014
2014004783;1;2;1;1;3;260;04/05/2014
2014004784;5;2;1;3;6;20;12/02/2014
2014004785;1;2;1;1;3;20;17/02/2014
2014004786;1;1;1;1;6;260;07/09/2014
2014004787;5;2;3;1;3;20;04/04/2014
2014004788;1;2;1;1;1;20;05/04/2014
2014004789;1;2;1;1;6;20;16/04/2014
2014004790;1;2;2;1;6;20;19/05/2014
2014004791;1;2;7;1;6;20;28/05/2014
2014004792;1;2;1;1;3;20;10/06/2014
2014004793;1;2;1;1;3;20;23/06/2014
2014004794;1;1;1;1;2;20;23/06/2014
2014004795;3;1;1;1;6;260;04/04/2014
2014004796;1;1;1;1;6;260;06/03/2014
2014004797;1;2;1;7;1;260;31/05/2014
2014004798;1;1;1;7;3;260;01/06/2014
2014004799;1;1;1;1;2;260;06/06/2014
2014004800;1;1;1;1;1;260;15/06/2014
2014004801;1;1;1;1;6;260;27/06/2014
2014004802;1;1;1;1;2;260;22/09/2014
2014004803;5;2;1;1;3;260;10/01/2014
2014004804;3;1;1;1;6;260;12/07/2014
2014004805;1;1;1;1;1;260;15/05/2014
2014004806;2;1;1;2;6;260;29/09/2014
2014004807;1;2;2;1;6;20;10/10/2014
2014004808;1;2;1;1;3;20;18/10/2014
2014004809;5;2;1;1;6;20;08/11/2014
2014004810;5;2;1;1;6;20;05/12/2014
2014004811;5;2;3;2;6;20;03/11/2014
2014004812;1;1;1;1;7;20;18/05/2014
2014004813;1;2;3;3;6;20;17/12/2014
2014004814;1;2;1;1;3;20;22/05/2014
2014004815;1;2;3;1;6;20;22/12/2014
2014004816;3;2;3;2;6;20;11/12/2014
2014004817;1;2;1;1;6;20;24/07/2014
2014004818;4;2;1;1;6;20;31/08/2014
2014004819;1;2;2;1;3;20;05/09/2014
2014004820;5;2;3;2;6;20;08/02/2014
2014004821;1;2;1;1;6;20;05/03/2014
2014004822;1;2;1;1;6;20;10/05/2014
2014004823;1;2;1;1;6;20;01/09/2014
2014004824;5;2;2;1;3;20;01/09/2014
2014004825;1;2;1;1;6;380;07/01/2014
2014004826;1;2;1;1;3;380;28/04/2014
2014004827;1;1;1;1;5;380;19/07/2014
2014004828;1;2;1;1;3;380;11/09/2014
2014004829;1;1;1;1;6;380;15/10/2014
2014004830;1;2;1;1;1;380;22/10/2014
2014004831;1;1;9;1;3;380;22/11/2014
2014004832;1;2;6;1;6;380;17/12/2014
2014004833;1;2;7;1;1;380;30/08/2014
2014004834;1;2;1;3;1;380;04/11/2014
2014004835;1;2;3;1;3;380;03/12/2014
2014004836;1;2;1;1;6;380;26/05/2014
2014004837;1;2;1;1;7;380;05/07/2014
2014004838;1;1;1;1;2;380;05/04/2014
2014004839;1;1;1;1;7;380;25/05/2014
2014004840;1;1;1;1;1;380;08/06/2014
2014004841;1;1;1;1;7;380;25/06/2014
2014004842;1;1;4;1;3;380;03/07/2014
2014004843;1;2;1;1;1;380;03/10/2014
2014004844;1;1;1;1;3;380;20/10/2014
2014004845;1;1;1;1;1;380;07/12/2014
2014004846;1;1;1;1;6;380;21/12/2014
2014004847;1;1;1;7;1;380;23/12/2014
2014004848;5;2;1;1;1;380;23/12/2014
2014004849;1;1;1;4;6;380;27/12/2014
2014004850;1;1;1;1;1;380;08/05/2014
2014004851;1;2;1;1;6;380;24/05/2014
2014004852;1;2;6;1;3;380;01/06/2014
2014004853;1;2;1;1;3;380;17/06/2014
2014004854;1;1;1;8;7;380;06/02/2014
2014004855;1;1;1;8;6;380;16/02/2014
2014004856;1;1;1;1;7;380;24/06/2014
2014004857;2;1;1;1;7;380;17/07/2014
2014004858;1;1;1;1;3;380;18/10/2014
2014004859;1;1;1;1;6;380;19/10/2014
2014004860;1;1;1;2;3;380;10/11/2014
2014004861;1;2;2;1;3;380;17/01/2014
2014004862;1;1;1;1;3;380;19/02/2014
2014004863;1;1;4;1;5;380;06/03/2014
2014004864;5;2;1;1;7;380;28/03/2014
2014004865;1;1;1;1;1;380;08/06/2014
2014004866;3;1;1;2;6;380;13/07/2014
2014004867;5;2;1;3;6;380;12/11/2014
2014004868;5;2;1;1;3;380;14/12/2014
2014004869;1;2;1;1;1;380;06/01/2014
2014004870;1;1;1;2;1;380;10/07/2014
2014004871;1;2;1;1;3;380;22/08/2014
2014004872;1;1;1;3;1;380;18/09/2014
2014004873;1;1;1;1;1;380;07/10/2014
2014004874;5;2;1;1;1;380;16/10/2014
2014004875;1;1;1;1;2;380;22/07/2014
2014004876;5;2;1;1;7;380;04/09/2014
2014004877;1;2;1;1;4;380;11/09/2014
2014004878;3;1;1;1;1;380;02/10/2014
2014004879;3;1;1;5;7;380;08/01/2014
2014004880;1;1;1;8;6;380;01/05/2014
2014004881;1;1;1;8;6;380;21/11/2014
2014004882;1;2;6;1;3;20;17/09/2014
2014004883;5;2;1;1;2;20;13/10/2014
2014004884;5;2;1;8;6;20;14/11/2014
2014004885;3;1;1;2;6;20;16/11/2014
2014004886;5;2;3;8;3;20;21/11/2014
2014004887;1;1;2;2;3;20;08/12/2014
2014004888;2;2;3;1;1;20;03/12/2014
2014004889;5;2;1;8;6;20;04/12/2014
2014004890;5;2;2;3;3;20;15/01/2014
2014004891;1;2;1;8;7;20;03/02/2014
2014004892;1;1;6;8;5;380;24/01/2014
2014004893;5;2;1;3;6;20;05/02/2014
2014004894;1;2;2;7;1;20;16/07/2014
2014004895;1;2;1;1;7;20;26/08/2014
2014004896;5;2;1;1;7;20;29/08/2014
2014004897;1;2;2;1;7;380;20/06/2014
2014004898;1;2;1;1;3;380;13/09/2014
2014004899;1;2;6;1;3;380;29/11/2014
2014004900;1;2;1;2;6;380;01/12/2014
2014004901;1;1;3;2;3;380;18/12/2014
2014004902;1;2;1;1;6;380;23/06/2014
2014004903;1;2;1;1;3;380;25/06/2014
2014004904;2;1;2;5;6;380;01/03/2014
2014004905;1;1;1;1;6;380;01/05/2014
2014004906;1;2;1;1;1;380;07/06/2014
2014004907;1;1;1;1;2;380;21/06/2014
2014004908;1;1;1;1;1;380;31/07/2014
2014004909;2;1;1;1;6;380;26/10/2014
2014004910;1;1;1;5;6;380;06/11/2014
2014004911;3;1;1;1;6;380;21/03/2014
2014004912;1;2;4;1;1;380;03/04/2014
2014004913;1;2;1;1;3;380;09/05/2014
2014004914;1;1;1;1;6;380;16/05/2014
2014004915;2;1;1;2;6;380;22/05/2014
2014004916;1;1;1;1;1;380;05/07/2014
2014004917;1;1;1;1;6;380;15/07/2014
2014004918;1;2;1;1;3;380;31/08/2014
2014004919;1;1;6;1;3;380;04/09/2014
2014004920;2;1;1;1;7;380;13/09/2014
2014004921;5;2;1;8;6;380;02/12/2014
2014004922;1;1;1;3;1;380;10/11/2014
2014004923;1;1;1;1;7;380;12/12/2014
2014004924;1;1;1;1;1;380;28/01/2014
2014004925;1;1;1;1;1;380;27/04/2014
2014004926;1;1;1;1;6;380;11/05/2014
2014004927;2;1;1;1;1;380;16/05/2014
2014004928;3;1;1;1;6;380;29/05/2014
2014004929;3;1;1;2;7;380;03/08/2014
2014004930;1;2;1;7;6;380;03/11/2014
2014004931;3;1;2;3;3;380;04/11/2014
2014004932;1;1;1;2;1;380;18/11/2014
2014004933;5;2;1;1;5;380;12/12/2014
2014004934;3;1;1;5;6;380;24/12/2014
2014004935;1;2;1;1;6;380;19/07/2014
2014004936;1;1;2;1;3;380;27/08/2014
2014004937;1;1;1;1;2;380;30/08/2014
2014004938;1;1;1;1;7;380;01/11/2014
2014004939;1;1;3;1;3;380;09/12/2014
2014004940;1;2;1;1;6;380;23/12/2014
2014004941;1;1;1;1;1;380;10/02/2014
2014004942;1;2;3;1;3;380;18/02/2014
2014004943;1;1;1;1;5;380;15/05/2014
2014004944;1;1;1;1;6;380;09/06/2014
2014004945;1;1;1;2;7;380;30/07/2014
2014004946;1;2;6;7;6;380;17/08/2014
2014004947;2;1;1;1;7;380;19/10/2014
2014004948;1;1;1;1;1;380;25/10/2014
2014004949;3;1;1;5;7;380;07/11/2014
2014004950;3;1;1;1;1;380;09/12/2014
2014004951;3;1;1;1;6;380;10/01/2014
2014004952;1;1;1;3;6;380;07/02/2014
2014004953;1;1;1;1;7;380;16/04/2014
2014004954;3;1;1;1;6;380;21/06/2014
2014004955;1;1;1;2;3;380;10/07/2014
2014004956;1;1;6;1;7;380;27/08/2014
2014004957;5;1;1;2;3;380;26/08/2014
2014004958;3;1;1;5;6;380;02/11/2014
2014004959;1;1;2;1;3;380;07/04/2014
2014004960;1;1;1;1;1;380;17/04/2014
2014004961;2;2;1;1;6;380;31/05/2014
2014004962;1;2;1;1;5;380;11/06/2014
2014004963;1;1;4;2;1;380;18/06/2014
2014004964;1;2;1;1;6;380;19/03/2014
2014004965;1;1;3;1;3;380;25/05/2014
2014004966;3;2;1;1;6;380;31/05/2014
2014004967;1;2;1;1;3;380;10/08/2014
2014004968;1;1;1;1;1;380;26/10/2014
2014004969;1;1;1;1;1;380;20/02/2014
2014004970;1;1;1;1;1;380;05/03/2014
2014004971;1;1;1;1;6;380;19/03/2014
2014004972;1;2;1;1;1;380;04/04/2014
2014004973;3;1;4;1;1;380;10/04/2014
2014004974;3;2;1;1;6;380;18/05/2014
2014004975;1;1;1;1;6;380;08/06/2014
2014004976;1;1;1;3;1;380;10/07/2014
2014004977;1;2;1;1;7;380;31/01/2014
2014004978;1;2;1;1;3;380;24/03/2014
2014004979;3;2;1;1;3;380;29/05/2014
2014004980;5;2;2;1;1;380;23/12/2014
2014004981;1;2;1;1;1;380;26/01/2014
2014004982;3;1;1;1;2;380;14/02/2014
2014004983;1;2;1;2;3;380;26/02/2014
2014004984;1;1;1;1;1;380;29/03/2014
2014004985;1;1;1;1;7;380;22/04/2014
2014004986;1;1;1;1;7;380;07/06/2014
2014004987;1;2;1;1;6;380;07/09/2014
2014004988;3;2;1;2;6;380;07/02/2014
2014004989;5;2;9;1;3;380;11/02/2014
2014004990;1;2;9;2;6;380;21/02/2014
2014004991;1;2;1;1;1;380;31/03/2014
2014004992;1;2;1;1;6;380;11/04/2014
2014004993;3;1;1;3;6;380;13/05/2014
2014004994;1;2;1;1;7;380;02/06/2014
2014004995;1;1;1;1;5;380;02/06/2014
2014004996;1;1;1;1;1;380;12/06/2014
2014004997;1;1;1;1;6;380;20/06/2014
2014004998;1;2;1;1;3;380;02/07/2014
2014004999;3;1;1;1;3;380;27/07/2014
2014005000;1;1;1;1;2;380;01/09/2014
2014005001;3;1;1;2;6;380;11/10/2014
2014005002;1;2;1;1;3;380;11/11/2014
2014005003;5;2;1;1;3;380;21/11/2014
2014005004;1;1;1;2;4;380;20/12/2014
2014005005;1;2;6;1;6;440;10/02/2014
2014005006;1;1;1;1;3;440;30/05/2014
2014005007;1;1;1;1;7;440;22/06/2014
2014005008;1;2;6;1;1;440;27/06/2014
2014005009;3;1;1;1;6;440;31/08/2014
2014005010;1;1;1;1;4;380;03/02/2014
2014005011;1;2;2;1;3;380;03/03/2014
2014005012;1;2;1;1;6;380;01/04/2014
2014005013;1;2;1;1;6;380;28/03/2014
2014005014;1;1;1;1;1;380;25/04/2014
2014005015;1;1;1;1;6;380;14/05/2014
2014005016;1;1;1;1;3;380;08/08/2014
2014005017;3;1;1;1;1;380;22/02/2014
2014005018;1;1;1;1;3;380;15/03/2014
2014005019;5;1;1;1;3;380;25/05/2014
2014005020;1;1;1;1;3;380;20/06/2014
2014005021;1;2;2;1;3;380;21/06/2014
2014005022;3;1;1;8;6;380;08/07/2014
2014005023;3;1;6;1;7;380;05/08/2014
2014005024;1;1;1;1;3;380;14/08/2014
2014005025;1;1;2;1;3;380;06/09/2014
2014005026;1;1;2;1;3;380;07/12/2014
2014005027;3;2;1;1;1;380;23/12/2014
2014005028;1;1;1;1;6;380;02/03/2014
2014005029;1;2;2;1;5;380;04/03/2014
2014005030;2;1;1;1;1;380;11/04/2014
2014005031;1;2;1;7;6;380;17/04/2014
2014005032;1;1;1;8;6;380;02/05/2014
2014005033;1;1;1;1;2;380;22/05/2014
2014005034;3;1;1;3;1;380;22/05/2014
2014005035;1;1;1;1;2;380;24/05/2014
2014005036;5;1;4;1;1;380;02/06/2014
2014005037;1;1;1;1;6;380;08/06/2014
2014005038;1;1;1;1;6;380;20/06/2014
2014005039;1;1;1;1;1;380;27/06/2014
2014005040;3;1;1;1;6;380;13/07/2014
2014005041;1;1;1;2;1;380;30/07/2014
2014005042;3;1;1;1;1;380;01/11/2014
2014005043;3;1;1;1;7;380;23/11/2014
2014005044;1;2;1;1;7;380;21/02/2014
2014005045;1;1;1;1;2;380;12/03/2014
2014005046;2;1;1;1;3;380;24/03/2014
2014005047;1;2;1;1;6;380;24/05/2014
2014005048;2;2;1;1;7;380;24/06/2014
2014005049;5;2;1;1;6;380;04/10/2014
2014005050;3;1;1;1;6;380;31/10/2014
2014005051;3;2;1;1;6;380;22/11/2014
2014005052;5;2;1;2;6;380;10/12/2014
2014005053;2;2;1;2;6;380;18/01/2014
2014005054;5;1;1;1;3;380;07/03/2014
2014005055;3;1;2;1;1;380;03/04/2014
2014005056;1;2;1;1;6;380;19/05/2014
2014005057;1;1;2;1;3;380;28/05/2014
2014005058;1;2;1;7;3;380;16/06/2014
2014005059;1;1;1;1;6;380;24/06/2014
2014005060;1;1;1;1;1;380;05/07/2014
2014005061;1;1;1;1;1;380;12/07/2014
2014005062;2;1;1;1;5;380;16/07/2014
2014005063;1;1;1;1;6;380;02/10/2014
2014005064;1;2;1;2;6;380;07/10/2014
2014005065;5;1;1;1;4;380;07/11/2014
2014005066;1;2;1;8;3;380;15/11/2014
2014005067;3;1;1;2;3;380;10/12/2014
2014005068;1;1;1;1;7;380;23/11/2014
2014005069;3;1;1;1;1;380;03/03/2014
2014005070;1;1;1;1;5;380;16/07/2014
2014005071;1;1;1;1;1;380;03/08/2014
2014005072;1;1;1;1;3;380;14/11/2014
2014005073;1;1;1;1;1;420;27/03/2014
2014005074;1;1;1;1;1;420;12/04/2014
2014005075;1;2;1;1;5;420;18/05/2014
2014005076;1;1;1;1;6;420;25/05/2014
2014005077;1;1;2;1;1;420;27/08/2014
2014005078;1;2;1;1;3;420;05/09/2014
2014005079;2;1;1;8;3;420;20/09/2014
2014005080;1;1;1;1;7;420;01/01/2014
2014005081;1;2;1;7;6;420;07/01/2014
2014005082;3;2;1;1;2;420;06/02/2014
2014005083;1;1;1;1;1;420;19/06/2014
2014005084;1;1;6;1;6;420;22/06/2014
2014005085;1;2;1;1;1;420;25/07/2014
2014005086;1;1;1;1;7;420;03/09/2014
2014005087;1;2;3;1;3;420;14/09/2014
2014005088;5;1;2;8;1;420;14/01/2014
2014005089;1;1;1;1;2;420;17/02/2014
2014005090;1;2;3;1;5;420;14/03/2014
2014005091;1;1;1;1;2;420;17/03/2014
2014005092;1;1;1;1;3;420;06/04/2014
2014005093;1;2;1;2;6;420;22/04/2014
2014005094;2;1;1;1;6;420;16/06/2014
2014005095;1;1;1;1;1;420;17/06/2014
2014005096;2;1;1;8;1;420;19/09/2014
2014005097;3;1;1;1;5;420;26/10/2014
2014005098;1;1;1;1;3;420;08/11/2014
2014005099;2;2;1;1;6;420;13/11/2014
2014005100;2;1;1;2;2;420;05/12/2014
2014005101;3;1;1;8;3;420;08/12/2014
2014005102;5;2;1;4;6;420;28/12/2014
2014005103;1;2;7;1;6;420;31/12/2014
2014005104;1;2;6;1;6;420;18/04/2014
2014005105;1;1;1;1;3;420;16/05/2014
2014005106;1;2;1;1;1;420;05/06/2014
2014005107;2;2;1;3;1;420;10/06/2014
2014005108;1;2;1;7;6;420;18/10/2014
2014005109;3;1;1;2;1;420;08/11/2014
2014005110;5;2;1;3;6;420;20/12/2014
2014005111;1;1;1;1;3;420;17/01/2014
2014005112;1;1;1;8;7;420;22/01/2014
2014005113;3;1;1;2;7;420;16/02/2014
2014005114;3;1;1;1;7;420;07/05/2014
2014005115;1;1;1;1;1;420;23/05/2014
2014005116;1;1;1;1;3;420;01/07/2014
2014005117;1;1;1;2;6;420;13/07/2014
2014005118;1;2;1;1;3;420;03/09/2014
2014005119;1;1;1;1;1;420;21/09/2014
2014005120;1;1;1;1;1;420;12/01/2014
2014005121;1;1;1;2;1;420;24/01/2014
2014005122;1;1;1;1;3;420;09/02/2014
2014005123;3;1;1;1;2;420;22/03/2014
2014005124;1;1;1;1;5;420;24/04/2014
2014005125;1;2;2;1;3;420;14/04/2014
2014005126;1;2;1;1;6;420;14/05/2014
2014005127;1;2;1;1;1;420;01/06/2014
2014005128;3;1;1;1;6;420;03/07/2014
2014005129;1;1;1;8;2;420;08/07/2014
2014005130;1;2;1;1;3;420;05/08/2014
2014005131;1;1;1;1;6;420;25/10/2014
2014005132;2;2;1;1;6;420;07/11/2014
2014005133;3;2;1;2;3;420;17/11/2014
2014005134;1;2;1;2;6;420;18/11/2014
2014005135;1;1;1;2;3;420;30/11/2014
2014005136;5;2;1;1;1;420;14/12/2014
2014005137;1;2;1;1;6;420;29/12/2014
2014005138;1;1;1;2;6;420;08/02/2014
2014005139;3;1;1;1;6;420;23/02/2014
2014005140;5;1;1;1;6;420;19/03/2014
2014005141;1;1;1;1;7;420;23/03/2014
2014005142;1;1;1;1;1;420;31/05/2014
2014005143;5;2;1;2;6;420;28/06/2014
2014005144;1;1;1;1;3;420;26/09/2014
2014005145;3;1;1;2;7;420;05/10/2014
2014005146;1;1;1;1;7;420;08/10/2014
2014005147;1;1;1;8;1;420;16/10/2014
2014005148;3;1;1;1;6;420;15/11/2014
2014005149;4;2;1;1;1;420;12/12/2014
2014005150;1;2;1;1;1;420;05/01/2014
2014005151;1;1;1;1;1;420;23/01/2014
2014005152;1;1;1;1;1;420;25/01/2014
2014005153;1;1;1;1;1;420;07/02/2014
2014005154;1;2;1;1;3;420;09/03/2014
2014005155;1;2;3;1;3;420;11/03/2014
2014005156;1;2;8;1;6;420;28/04/2014
2014005157;1;1;1;2;6;420;25/04/2014
2014005158;1;2;1;1;6;420;08/05/2014
2014005159;1;1;1;2;6;420;25/05/2014
2014005160;1;2;1;1;3;420;13/06/2014
2014005161;3;1;1;1;6;420;17/07/2014
2014005162;1;1;1;1;1;420;19/07/2014
2014005163;1;1;1;1;7;420;20/10/2014
2014005164;1;1;1;2;7;420;03/11/2014
2014005165;1;1;1;2;5;420;27/11/2014
2014005166;1;1;2;9;1;420;04/12/2014
2014005167;1;1;1;1;3;420;17/03/2014
2014005168;1;2;1;2;6;420;25/04/2014
2014005169;1;1;1;1;1;420;30/04/2014
2014005170;1;1;1;1;7;420;10/05/2014
2014005171;2;1;1;1;6;420;05/07/2014
2014005172;1;2;1;1;3;420;07/08/2014
2014005173;1;2;1;1;3;420;04/09/2014
2014005174;1;1;1;1;6;420;04/10/2014
2014005175;1;2;1;1;6;420;30/10/2014
2014005176;1;2;1;8;6;420;11/12/2014
2014005177;1;1;1;1;7;420;05/01/2014
2014005178;3;1;1;1;7;420;01/03/2014
2014005179;3;1;1;1;7;420;23/03/2014
2014005180;1;1;1;1;7;420;10/04/2014
2014005181;1;1;1;1;3;420;26/04/2014
2014005182;1;1;1;1;2;420;03/06/2014
2014005183;1;1;1;1;7;420;15/06/2014
2014005184;1;1;1;1;7;420;27/06/2014
2014005185;1;1;1;2;7;420;07/07/2014
2014005186;1;1;2;1;3;420;18/07/2014
2014005187;1;1;3;1;3;420;19/07/2014
2014005188;1;1;2;2;1;420;07/08/2014
2014005189;1;1;1;1;1;420;07/08/2014
2014005190;1;1;1;1;1;420;21/08/2014
2014005191;1;2;6;1;2;420;20/08/2014
2014005192;1;2;1;1;1;420;29/08/2014
2014005193;5;1;1;1;6;420;04/09/2014
2014005194;1;1;2;1;3;420;29/10/2014
2014005195;1;1;1;1;1;420;02/11/2014
2014005196;3;1;1;1;6;420;09/01/2014
2014005197;1;2;1;1;7;420;06/02/2014
2014005198;1;1;3;1;3;420;13/03/2014
2014005199;1;1;1;1;1;420;17/03/2014
2014005200;1;1;1;1;3;420;11/05/2014
2014005201;1;1;1;1;6;420;24/05/2014
2014005202;2;2;1;1;7;420;25/05/2014
2014005203;1;1;1;1;7;420;11/06/2014
2014005204;1;1;1;2;3;420;10/07/2014
2014005205;1;1;1;1;3;420;23/07/2014
2014005206;1;1;1;2;7;420;02/08/2014
2014005207;1;1;1;1;1;420;11/08/2014
2014005208;1;2;1;1;6;420;15/08/2014
2014005209;1;1;1;2;6;420;29/09/2014
2014005210;1;1;1;3;7;420;12/10/2014
2014005211;3;1;1;1;2;420;02/12/2014
2014005212;3;2;1;2;1;420;16/12/2014
2014005213;3;1;1;1;6;420;18/12/2014
2014005214;5;2;1;2;6;420;19/12/2014
2014005215;1;1;1;1;7;420;14/03/2014
2014005216;1;2;1;1;1;420;18/03/2014
2014005217;1;2;3;1;3;420;28/03/2014
2014005218;1;2;1;1;1;420;24/04/2014
2014005219;5;2;1;1;6;420;01/06/2014
2014005220;1;1;1;2;2;420;13/07/2014
2014005221;1;1;1;1;1;420;18/07/2014
2014005222;1;1;2;1;3;420;31/07/2014
2014005223;1;1;2;1;3;420;31/07/2014
2014005224;1;1;1;2;6;420;09/08/2014
2014005225;5;2;2;2;3;420;06/10/2014
2014005226;2;2;1;5;2;420;02/10/2014
2014005227;3;1;1;1;1;420;25/10/2014
2014005228;5;1;1;1;2;420;13/12/2014
2014005229;1;1;1;3;7;420;18/12/2014
2014005230;1;2;1;1;6;420;24/12/2014
2014005231;3;1;1;1;3;420;07/03/2014
2014005232;1;1;1;1;3;420;18/03/2014
2014005233;1;1;1;1;1;420;30/05/2014
2014005234;1;1;1;1;7;420;21/06/2014
2014005235;1;1;1;1;1;420;22/07/2014
2014005236;2;1;1;2;1;420;25/07/2014
2014005237;1;2;1;1;3;420;28/08/2014
2014005238;1;1;1;1;3;420;10/09/2014