num_acc;lum;agg;inter;atm;col;dep;date
2014006405;1;1;1;1;1;670;17/06/2014
2014006406;1;2;1;1;6;670;27/09/2014
2014006407;1;2;1;1;6;670;12/03/2014
2014006408;1;2;1;7;6;670;09/04/2014
2014006409;1;2;1;1;2;670;18/08/2014
2014006410;1;2;1;1;3;670;19/09/2014
2014006411;3;1;1;1;7;670;08/11/2014
2014006412;1;1;1;1;3;670;08/03/2014
2014006413;1;1;1;1;6;670;14/06/2014
2014006414;3;1;1;1;7;670;20/06/2014
2014006415;1;1;1;1;5;670;29/06/2014
2014006416;1;1;1;1;1;670;03/07/2014
2014006417;3;1;1;1;6;670;07/08/2014
2014006418;3;1;1;5;6;670;28/08/2014
2014006419;1;1;1;1;4;670;27/09/2014
2014006420;1;1;1;1;1;670;10/10/2014
2014006421;3;1;1;1;4;670;27/11/2014
2014006422;5;2;1;1;7;670;29/11/2014
2014006423;1;1;1;1;2;670;11/04/2014
2014006424;1;1;1;1;6;670;08/05/2014
2014006425;1;1;1;1;2;670;18/08/2014
2014006426;3;1;1;1;1;670;06/01/2014
2014006427;1;2;1;1;2;670;03/02/2014
2014006428;5;2;1;1;1;670;07/02/2014
2014006429;1;1;1;1;3;670;10/02/2014
2014006430;3;1;1;1;6;670;22/02/2014
2014006431;3;1;1;1;1;670;14/03/2014
2014006432;1;2;1;1;1;670;09/04/2014
2014006433;1;1;1;1;2;670;22/06/2014
2014006434;1;1;1;1;1;670;04/07/2014
2014006435;3;1;1;3;1;670;29/08/2014
2014006436;3;1;1;1;7;670;13/09/2014
2014006437;3;1;1;9;6;670;12/11/2014
2014006438;2;1;1;2;2;670;11/12/2014
2014006439;2;1;1;8;7;670;07/05/2014
2014006440;1;2;1;1;1;670;15/05/2014
2014006441;1;2;6;1;3;670;03/08/2014
2014006442;1;1;1;1;6;670;22/09/2014
2014006443;5;2;1;8;6;670;09/11/2014
2014006444;3;1;1;2;7;670;02/12/2014
2014006445;1;2;1;2;2;670;08/02/2014
2014006446;1;1;1;1;6;670;08/03/2014
2014006447;1;1;1;2;7;670;24/03/2014
2014006448;1;2;1;1;2;670;23/05/2014
2014006449;3;1;1;2;7;670;16/11/2014
2014006450;5;2;1;1;7;670;09/03/2014
2014006451;1;2;1;1;6;670;23/05/2014
2014006452;1;1;3;8;3;670;26/08/2014
2014006453;1;1;1;1;4;670;20/09/2014
2014006454;1;1;1;1;1;670;25/09/2014
2014006455;3;1;1;1;6;670;25/10/2014
2014006456;1;2;1;5;1;670;31/10/2014
2014006457;1;1;1;1;6;670;10/08/2014
2014006458;5;2;1;1;7;670;12/10/2014
2014006459;1;1;1;8;7;670;22/10/2014
2014006460;2;2;1;1;6;670;06/11/2014
2014006461;1;2;1;1;7;670;26/11/2014
2014006462;1;2;1;1;3;680;01/04/2014
2014006463;1;1;1;1;1;680;16/04/2014
2014006464;1;1;6;1;3;680;07/06/2014
2014006465;2;1;1;8;6;680;14/08/2014
2014006466;3;1;1;1;6;680;14/10/2014
2014006467;3;1;1;1;1;680;22/12/2014
2014006468;1;2;1;8;6;680;07/02/2014
2014006469;1;1;1;1;2;680;16/05/2014
2014006470;1;1;1;1;1;680;16/05/2014
2014006471;1;2;1;1;3;680;11/06/2014
2014006472;5;2;1;1;3;680;14/07/2014
2014006473;1;1;1;1;1;680;17/08/2014
2014006474;1;1;1;1;2;680;04/10/2014
2014006475;1;1;1;1;1;680;13/10/2014
2014006476;1;1;1;8;3;680;08/12/2014
2014006477;1;2;1;8;7;680;18/01/2014
2014006478;5;2;1;1;6;680;27/01/2014
2014006479;1;1;1;1;7;680;30/03/2014
2014006480;1;1;1;1;6;680;21/06/2014
2014006481;1;1;1;1;1;680;09/08/2014
2014006482;1;1;1;1;7;680;10/08/2014
2014006483;1;2;1;1;6;680;12/08/2014
2014006484;1;2;1;3;3;680;22/10/2014
2014006485;5;2;3;2;1;680;29/10/2014
2014006486;1;2;1;1;6;680;24/12/2014
2014006487;1;1;6;1;3;680;02/01/2014
2014006488;1;1;1;1;6;680;09/01/2014
2014006489;1;1;1;1;6;680;30/03/2014
2014006490;1;2;1;1;2;680;09/09/2014
2014006491;1;1;1;1;6;680;22/11/2014
2014006492;1;2;1;7;6;680;14/04/2014
2014006493;1;1;1;1;1;680;16/05/2014
2014006494;1;1;1;1;6;680;19/09/2014
2014006495;1;2;1;1;1;680;03/11/2014
2014006496;3;1;1;1;6;680;22/12/2014
2014006497;1;1;1;1;6;680;09/01/2014
2014006498;2;1;1;1;5;680;21/01/2014
2014006499;1;1;1;1;1;680;19/02/2014
2014006500;1;2;1;1;6;680;07/03/2014
2014006501;1;1;1;8;1;680;31/08/2014
2014006502;2;1;1;1;6;680;07/11/2014
2014006503;3;1;3;1;3;680;05/04/2014
2014006504;1;1;1;1;7;680;14/06/2014
2014006505;1;2;3;1;3;680;11/07/2014
2014006506;1;1;1;1;1;680;28/09/2014
2014006507;1;1;1;1;7;680;29/09/2014
2014006508;1;2;3;1;3;680;30/09/2014
2014006509;1;1;1;1;6;680;06/10/2014
2014006510;1;2;1;1;6;680;24/10/2014
2014006511;2;1;3;2;3;680;09/12/2014
2014006512;1;1;1;8;6;680;20/01/2014
2014006513;1;2;1;1;1;680;01/04/2014
2014006514;1;2;3;1;3;680;12/04/2014
2014006515;1;2;1;1;6;680;14/04/2014
2014006516;1;2;2;1;3;680;17/05/2014
2014006517;1;2;1;1;6;680;26/05/2014
2014006518;5;2;1;1;7;680;05/09/2014
2014006519;2;1;1;1;1;680;17/09/2014
2014006520;3;1;1;1;6;680;10/11/2014
2014006521;1;2;1;1;6;680;09/02/2014
2014006522;1;2;2;1;7;680;23/05/2014
2014006523;5;2;1;8;6;680;13/09/2014
2014006524;1;1;1;1;3;680;02/11/2014
2014006525;3;1;1;8;6;680;07/11/2014
2014006526;2;1;1;1;7;680;17/03/2014
2014006527;1;1;1;1;6;680;22/06/2014
2014006528;1;1;1;8;7;680;28/06/2014
2014006529;1;1;1;1;6;680;07/07/2014
2014006530;1;1;1;8;7;680;14/07/2014
2014006531;1;1;1;1;6;680;12/08/2014
2014006532;1;1;1;5;7;680;30/08/2014
2014006533;3;1;2;1;7;680;30/08/2014
2014006534;2;1;1;3;7;680;29/08/2014
2014006535;3;1;1;2;6;680;08/10/2014
2014006536;5;2;1;1;6;680;12/10/2014
2014006537;3;1;1;1;6;680;19/10/2014
2014006538;5;2;1;1;6;680;31/10/2014
2014006539;5;2;1;1;6;680;20/09/2014
2014006540;1;1;1;1;1;680;18/02/2014
2014006541;1;2;1;1;1;680;11/03/2014
2014006542;1;1;3;1;6;680;08/05/2014
2014006543;1;1;3;1;3;680;08/08/2014
2014006544;1;1;1;1;1;680;11/08/2014
2014006545;3;1;1;8;6;680;31/08/2014
2014006546;1;1;1;2;1;680;08/10/2014
2014006547;5;2;1;2;1;680;17/11/2014
2014006548;3;1;2;8;3;680;29/11/2014
2014006549;3;1;2;1;3;680;28/01/2014
2014006550;2;2;3;1;3;680;24/03/2014
2014006551;1;1;2;1;3;680;30/08/2014
2014006552;1;2;1;1;6;680;10/05/2014
2014006553;1;2;6;1;3;680;21/05/2014
2014006554;1;2;1;1;6;680;13/06/2014
2014006555;1;2;6;1;3;680;24/06/2014
2014006556;1;2;9;1;3;680;30/06/2014
2014006557;2;2;1;2;1;680;18/09/2014
2014006558;5;2;1;2;6;680;06/12/2014
2014006559;5;1;1;2;1;680;17/12/2014
2014006560;1;2;1;1;6;680;10/01/2014
2014006561;1;2;1;1;6;680;02/05/2014
2014006562;1;2;2;1;3;680;11/09/2014
2014006563;4;2;1;3;6;680;12/11/2014
2014006564;1;2;2;1;3;680;27/01/2014
2014006565;3;1;1;1;1;680;10/01/2014
2014006566;3;2;1;1;3;680;01/03/2014
2014006567;5;2;1;1;1;680;02/03/2014
2014006568;1;2;1;1;2;680;04/04/2014
2014006569;1;2;2;1;3;680;04/04/2014
2014006570;3;1;1;3;2;680;26/04/2014
2014006571;1;2;1;1;6;680;27/05/2014
2014006572;1;1;1;1;7;680;17/06/2014
2014006573;1;1;1;1;6;680;20/06/2014
2014006574;1;2;3;1;3;680;21/08/2014
2014006575;1;2;2;1;3;680;01/10/2014
2014006576;5;2;1;1;6;680;25/01/2014
2014006577;3;1;1;1;6;680;24/05/2014
2014006578;1;2;2;1;1;680;28/05/2014
2014006579;1;1;1;1;6;680;16/06/2014
2014006580;1;1;1;1;3;680;23/12/2014
2014006581;2;1;1;1;7;680;02/02/2014
2014006582;1;2;1;1;6;680;01/07/2014
2014006583;1;1;1;1;3;680;19/07/2014
2014006584;1;1;1;1;7;680;06/09/2014
2014006585;3;1;1;1;7;680;17/09/2014
2014006586;5;1;6;5;6;680;20/01/2014
2014006587;1;2;1;1;6;680;31/01/2014
2014006588;1;2;1;1;3;680;01/04/2014
2014006589;1;1;9;1;2;680;17/07/2014
2014006590;1;2;1;1;6;680;20/10/2014
2014006591;1;1;1;1;3;680;20/03/2014
2014006592;1;2;1;1;3;680;23/04/2014
2014006593;1;1;1;1;6;680;17/05/2014
2014006594;1;1;1;1;1;680;25/05/2014
2014006595;1;1;1;1;7;680;24/05/2014
2014006596;1;1;1;8;1;680;29/05/2014
2014006597;1;1;8;1;3;680;02/07/2014
2014006598;1;1;1;8;6;680;10/08/2014
2014006599;5;2;1;1;2;680;27/09/2014
2014006600;1;1;1;8;6;680;08/10/2014
2014006601;1;2;3;2;3;680;03/11/2014
2014006602;1;2;1;2;6;680;02/12/2014
2014006603;1;2;3;1;3;680;08/01/2014
2014006604;1;1;1;8;3;680;06/09/2014
2014006605;3;1;1;1;1;510;07/01/2014
2014006606;1;2;3;1;4;510;18/01/2014
2014006607;3;1;1;2;5;510;23/01/2014
2014006608;1;1;2;1;3;510;08/04/2014
2014006609;1;1;3;1;1;510;14/06/2014
2014006610;1;2;1;1;6;510;17/07/2014
2014006611;1;1;1;1;1;510;11/09/2014
2014006612;1;1;1;1;3;510;14/09/2014
2014006613;3;1;1;1;6;510;19/09/2014
2014006614;1;1;1;1;6;510;07/01/2014
2014006615;2;1;1;2;6;510;17/01/2014
2014006616;2;1;1;1;5;510;28/02/2014
2014006617;1;1;1;1;5;510;02/06/2014
2014006618;1;2;1;1;2;510;06/06/2014
2014006619;1;2;1;1;1;510;25/06/2014
2014006620;1;1;1;1;5;510;17/10/2014
2014006621;3;2;7;2;6;510;14/11/2014
2014006622;2;2;1;2;1;510;11/12/2014
2014006623;5;2;3;9;3;510;16/12/2014
2014006624;1;2;1;1;6;510;28/03/2014
2014006625;1;2;2;2;3;510;06/05/2014
2014006626;1;1;2;1;3;510;30/05/2014
2014006627;1;1;2;1;3;510;02/06/2014
2014006628;1;2;1;1;2;510;26/07/2014
2014006629;1;1;3;1;1;510;18/09/2014
2014006630;1;1;1;2;5;510;15/10/2014
2014006631;5;2;1;1;7;510;21/02/2014
2014006632;2;1;1;1;6;510;25/02/2014
2014006633;1;2;1;1;3;510;07/03/2014
2014006634;3;1;1;1;6;510;08/03/2014
2014006635;1;1;1;1;7;510;04/05/2014
2014006636;1;1;2;1;3;510;21/06/2014
2014006637;1;1;2;1;3;510;22/06/2014
2014006638;2;2;2;5;2;510;26/09/2014
2014006639;1;2;1;2;2;510;15/10/2014
2014006640;3;1;1;1;6;510;06/11/2014
2014006641;5;2;1;1;1;510;07/11/2014
2014006642;5;2;2;1;1;510;25/12/2014
2014006643;3;1;1;8;6;510;02/01/2014
2014006644;1;1;2;1;3;510;05/06/2014
2014006645;1;2;1;1;6;510;02/09/2014
2014006646;1;1;2;1;3;510;29/09/2014
2014006647;1;1;1;1;1;510;13/10/2014
2014006648;1;1;1;1;7;510;20/10/2014
2014006649;3;1;1;2;6;510;09/12/2014
2014006650;2;2;1;5;2;510;21/01/2014
2014006651;1;1;2;1;3;510;06/04/2014
2014006652;2;1;1;5;7;510;26/04/2014
2014006653;2;1;1;1;3;510;12/05/2014
2014006654;1;1;1;1;6;510;18/05/2014
2014006655;1;1;1;1;6;510;25/06/2014
2014006656;1;2;2;1;5;510;26/06/2014
2014006657;1;1;1;1;6;510;03/08/2014
2014006658;3;1;1;1;2;510;03/10/2014
2014006659;5;1;1;2;6;510;24/01/2014
2014006660;1;1;1;1;7;510;30/01/2014
2014006661;1;1;2;1;3;510;28/03/2014
2014006662;1;2;3;1;6;510;04/04/2014
2014006663;3;1;1;1;6;510;20/04/2014
2014006664;1;1;1;1;2;510;26/04/2014
2014006665;3;2;1;1;6;510;14/05/2014
2014006666;1;2;1;1;1;510;29/05/2014
2014006667;1;1;1;1;1;510;20/06/2014
2014006668;1;1;3;1;1;510;23/09/2014
2014006669;3;1;3;1;3;510;24/10/2014
2014006670;3;1;1;2;7;510;16/11/2014
2014006671;3;1;1;2;2;510;02/12/2014
2014006672;1;1;2;1;3;510;06/12/2014
2014006673;1;1;1;2;6;510;03/11/2014
2014006674;1;1;1;2;1;510;18/11/2014
2014006675;1;1;1;1;6;510;19/06/2014
2014006676;1;1;1;1;1;510;14/07/2014
2014006677;1;2;1;1;6;510;10/08/2014
2014006678;3;1;1;1;6;510;13/09/2014
2014006679;2;1;1;2;5;510;21/09/2014
2014006680;1;1;1;1;6;510;20/09/2014
2014006681;1;2;1;1;6;510;04/10/2014
2014006682;1;1;1;2;1;510;09/10/2014
2014006683;3;1;1;2;3;510;17/10/2014
2014006684;2;1;1;1;1;510;26/01/2014
2014006685;2;1;1;1;5;510;27/04/2014
2014006686;1;1;1;1;1;510;05/05/2014
2014006687;1;2;3;1;3;510;25/06/2014
2014006688;1;1;1;2;6;510;29/06/2014
2014006689;1;1;1;1;1;510;08/07/2014
2014006690;1;1;1;2;7;510;10/07/2014
2014006691;1;1;1;1;2;510;19/07/2014
2014006692;1;1;1;1;6;510;09/08/2014
2014006693;1;1;1;1;6;510;19/08/2014
2014006694;1;1;2;1;3;510;02/09/2014
2014006695;1;1;2;1;3;510;05/05/2014
2014006696;2;1;1;1;7;510;16/05/2014
2014006697;1;1;2;1;2;510;12/09/2014
2014006698;1;2;1;1;3;510;28/03/2014
2014006699;1;1;2;8;3;510;14/05/2014
2014006700;3;1;8;1;7;510;22/06/2014
2014006701;1;1;1;1;6;510;02/08/2014
2014006702;1;1;1;1;6;510;17/09/2014
2014006703;1;1;3;1;7;510;20/09/2014
2014006704;1;1;1;2;1;510;04/11/2014
2014006705;1;2;2;2;3;510;16/11/2014
2014006706;1;2;6;1;6;510;01/12/2014
2014006707;5;2;6;1;6;510;06/12/2014
2014006708;1;2;2;2;6;510;27/12/2014
2014006709;1;1;3;7;3;510;11/05/2014
2014006710;3;1;1;2;7;510;20/01/2014
2014006711;1;1;1;1;7;510;13/04/2014
2014006712;1;1;1;1;7;510;24/05/2014
2014006713;1;1;2;7;3;510;08/06/2014
2014006714;3;1;1;1;7;510;13/06/2014
2014006715;1;2;2;1;3;510;27/06/2014
2014006716;1;1;1;2;1;510;18/08/2014
2014006717;3;2;1;1;1;510;18/10/2014
2014006718;3;1;1;1;6;510;19/10/2014
2014006719;1;1;2;8;3;510;21/10/2014
2014006720;3;1;1;9;7;510;29/12/2014
2014006721;1;1;3;1;3;510;18/03/2014
2014006722;1;1;1;2;1;510;28/07/2014
2014006723;1;1;1;2;6;510;06/08/2014
2014006724;3;1;1;1;7;510;19/09/2014
2014006725;4;1;1;8;1;80;29/11/2014
2014006726;1;1;1;1;6;80;12/03/2014
2014006727;1;2;1;7;6;80;16/03/2014
2014006728;2;2;6;8;6;80;25/03/2014
2014006729;5;2;1;3;4;80;13/01/2014
2014006730;1;1;1;1;5;80;18/02/2014
2014006731;1;1;1;1;6;80;08/01/2014
2014006732;1;2;3;1;3;80;26/01/2014
2014006733;1;1;1;1;3;80;28/01/2014
2014006734;1;2;1;1;3;80;24/02/2014
2014006735;3;1;1;2;6;80;16/01/2014
2014006736;1;1;1;1;7;80;16/03/2014
2014006737;3;1;1;1;7;80;22/01/2014
2014006738;1;1;1;1;6;80;19/10/2014
2014006739;3;1;9;2;6;80;08/01/2014
2014006740;1;2;1;1;6;80;02/02/2014
2014006741;5;2;2;1;1;80;05/03/2014
2014006742;1;2;1;1;6;80;24/03/2014
2014006743;1;1;1;1;6;100;16/04/2014
2014006744;1;2;1;1;2;100;07/09/2014
2014006745;3;1;1;1;1;100;31/01/2014
2014006746;1;1;2;1;5;100;14/03/2014
2014006747;1;2;2;1;3;100;14/03/2014
2014006748;1;1;1;1;3;100;26/07/2014
2014006749;1;1;1;1;2;100;04/09/2014
2014006750;1;2;1;1;3;100;16/09/2014
2014006751;3;1;1;1;2;100;07/11/2014
2014006752;3;1;1;2;2;100;24/12/2014
2014006753;1;1;3;1;1;100;06/06/2014
2014006754;1;1;1;1;6;100;30/05/2014
2014006755;1;1;1;1;2;100;23/07/2014
2014006756;1;1;1;1;6;100;27/07/2014
2014006757;5;2;1;1;6;100;11/08/2014
2014006758;5;2;9;1;6;100;14/09/2014
2014006759;3;1;1;1;7;100;29/11/2014
2014006760;2;2;1;9;1;100;09/12/2014
2014006761;1;1;9;1;6;100;12/01/2014
2014006762;1;1;1;2;1;100;29/01/2014
2014006763;1;1;1;1;1;100;25/03/2014
2014006764;1;2;2;1;3;100;09/06/2014
2014006765;1;1;1;1;3;100;21/06/2014
2014006766;1;1;1;1;7;100;22/06/2014
2014006767;1;2;2;1;3;100;26/06/2014
2014006768;1;1;2;3;3;100;05/07/2014
2014006769;2;1;1;1;7;100;14/07/2014
2014006770;2;1;1;2;1;100;10/08/2014
2014006771;1;1;1;5;6;100;25/09/2014
2014006772;5;2;1;1;1;100;29/10/2014
2014006773;3;2;8;8;6;100;07/01/2014
2014006774;2;2;1;1;6;100;07/01/2014
2014006775;1;1;1;1;7;100;09/03/2014
2014006776;1;1;1;1;6;100;09/03/2014
2014006777;5;2;9;3;6;100;27/03/2014
2014006778;1;2;7;1;1;100;09/05/2014
2014006779;1;1;1;1;1;100;26/05/2014
2014006780;1;2;1;1;6;100;10/06/2014
2014006781;3;1;1;1;6;100;22/08/2014
2014006782;1;1;1;1;6;100;14/10/2014
2014006783;1;1;1;1;1;100;26/01/2014
2014006784;1;1;1;1;6;100;19/02/2014
2014006785;1;2;3;1;1;100;07/04/2014
2014006786;1;1;1;1;7;100;18/06/2014
2014006787;3;1;1;1;7;100;29/08/2014
2014006788;2;2;1;2;6;100;27/01/2014
2014006789;5;2;1;1;6;100;02/03/2014
2014006790;2;2;1;1;6;100;03/06/2014
2014006791;3;1;1;1;6;100;27/06/2014
2014006792;3;1;1;2;6;100;04/07/2014
2014006793;1;1;1;2;6;100;04/07/2014
2014006794;1;1;1;8;7;100;06/07/2014
2014006795;1;1;1;1;1;100;23/08/2014
2014006796;3;1;1;2;7;100;18/09/2014
2014006797;1;2;6;5;6;100;23/09/2014
2014006798;1;2;1;1;3;100;18/10/2014
2014006799;3;2;1;1;6;100;19/10/2014
2014006800;5;1;1;2;7;100;23/10/2014
2014006801;3;1;1;1;6;100;26/04/2014
2014006802;1;1;1;1;7;100;15/05/2014
2014006803;3;1;1;2;6;100;29/06/2014
2014006804;1;1;1;1;5;100;03/08/2014
2014006805;3;1;1;1;7;100;27/09/2014
2014006806;1;2;1;1;1;100;13/10/2014
2014006807;3;1;1;5;1;100;26/11/2014
2014006808;1;1;1;1;5;100;16/06/2014
2014006809;1;2;4;1;3;520;12/01/2014
2014006810;1;1;2;7;3;520;16/03/2014
2014006811;3;1;1;1;6;520;25/05/2014
2014006812;1;1;2;1;3;520;23/08/2014
2014006813;1;1;1;1;7;520;29/08/2014
2014006814;1;2;1;1;6;520;14/10/2014
2014006815;2;1;1;1;7;520;04/05/2014
2014006816;1;1;1;1;6;520;20/10/2014
2014006817;3;1;1;2;6;520;15/12/2014
2014006818;3;1;3;5;1;520;22/01/2014
2014006819;3;1;1;1;1;520;21/02/2014
2014006820;1;1;1;1;1;520;09/03/2014
2014006821;1;1;1;1;3;520;25/05/2014
2014006822;1;1;1;7;1;520;15/06/2014
2014006823;1;1;1;1;6;520;16/02/2014
2014006824;2;1;1;1;7;520;09/03/2014
2014006825;2;2;1;1;1;520;03/07/2014
2014006826;1;1;1;1;7;520;21/11/2014
2014006827;3;1;1;2;5;520;11/12/2014
2014006828;2;2;1;8;1;520;01/01/2014
2014006829;3;1;1;1;7;520;25/01/2014
2014006830;3;2;1;2;6;520;08/02/2014
2014006831;2;1;1;1;7;520;18/03/2014
2014006832;1;1;1;1;1;520;02/04/2014
2014006833;1;1;1;1;6;520;20/04/2014
2014006834;1;1;1;1;7;520;06/05/2014
2014006835;1;1;1;1;1;520;10/06/2014
2014006836;1;1;1;1;4;520;16/06/2014
2014006837;1;1;1;8;1;520;11/07/2014
2014006838;1;1;1;1;5;520;15/07/2014
2014006839;1;2;1;2;6;520;29/07/2014
2014006840;1;1;1;1;3;520;19/08/2014
2014006841;3;1;1;1;7;520;07/09/2014
2014006842;1;2;1;1;6;520;14/09/2014
2014006843;1;2;1;1;2;520;13/11/2014
2014006844;3;2;1;5;7;520;14/12/2014
2014006845;3;1;1;2;3;520;16/12/2014
2014006846;5;2;1;2;6;520;18/12/2014
2014006847;5;2;1;2;6;520;20/12/2014
2014006848;3;1;1;1;6;520;13/04/2014
2014006849;1;1;1;1;2;520;01/11/2014
2014006850;1;1;1;1;6;520;25/01/2014
2014006851;5;1;1;1;7;520;02/02/2014
2014006852;3;1;1;1;3;520;21/02/2014
2014006853;1;1;1;1;3;520;25/07/2014
2014006854;1;1;1;1;6;520;26/09/2014
2014006855;3;1;1;5;1;520;28/01/2014
2014006856;1;1;1;1;2;520;26/04/2014
2014006857;1;1;1;7;3;520;24/06/2014
2014006858;1;2;1;9;7;520;12/01/2014
2014006859;3;1;1;1;6;520;14/02/2014
2014006860;2;1;1;1;1;520;08/03/2014
2014006861;1;1;1;8;6;520;06/07/2014
2014006862;4;2;1;1;6;520;28/03/2014
2014006863;1;2;9;1;6;520;16/04/2014
2014006864;1;1;1;1;1;520;06/06/2014
2014006865;1;2;1;1;1;520;07/06/2014
2014006866;3;1;1;1;5;520;10/08/2014
2014006867;1;1;1;2;6;520;13/08/2014
2014006868;3;1;1;1;3;520;26/10/2014
2014006869;1;1;1;1;7;520;19/04/2014
2014006870;1;2;2;1;3;520;04/06/2014
2014006871;3;1;1;1;6;520;28/06/2014
2014006872;1;2;1;8;6;520;06/08/2014
2014006873;1;1;1;1;1;520;29/09/2014
2014006874;1;1;1;8;1;520;21/12/2014
2014006875;1;1;1;1;2;210;28/08/2014
2014006876;3;2;1;2;6;210;20/09/2014
2014006877;1;1;1;2;1;210;14/11/2014
2014006878;3;1;3;1;1;210;02/12/2014
2014006879;1;2;1;8;3;210;14/01/2014
2014006880;1;2;1;1;6;210;05/04/2014
2014006881;2;1;1;2;7;210;10/05/2014
2014006882;1;2;1;1;1;210;23/05/2014
2014006883;1;2;1;1;6;210;28/11/2014
2014006884;1;2;1;1;6;210;10/01/2014
2014006885;1;2;1;1;6;210;15/03/2014
2014006886;2;1;1;1;7;210;05/04/2014
2014006887;1;1;1;1;3;210;23/06/2014
2014006888;1;1;1;1;1;210;05/08/2014
2014006889;5;2;1;2;2;210;13/12/2014
2014006890;2;2;6;1;3;210;28/03/2014
2014006891;1;1;1;1;3;210;15/08/2014
2014006892;1;2;2;1;3;210;30/08/2014
2014006893;1;1;3;1;3;210;22/09/2014
2014006894;1;1;1;1;3;210;29/10/2014
2014006895;5;2;1;1;6;210;27/11/2014
2014006896;1;2;3;1;3;210;09/12/2014
2014006897;1;1;1;1;1;210;30/01/2014
2014006898;1;1;1;1;1;210;16/03/2014
2014006899;1;2;1;1;1;210;26/09/2014
2014006900;3;1;1;5;7;210;23/12/2014
2014006901;1;1;1;1;7;210;18/01/2014
2014006902;1;1;2;1;3;210;14/03/2014
2014006903;1;2;1;1;6;210;19/04/2014
2014006904;3;1;1;1;6;210;26/05/2014
2014006905;1;1;1;1;6;210;28/05/2014
2014006906;1;1;1;7;1;210;19/06/2014
2014006907;1;1;1;1;7;210;28/06/2014
2014006908;3;1;1;2;7;210;28/08/2014
2014006909;1;2;1;1;3;210;30/08/2014
2014006910;1;1;1;1;7;210;08/10/2014
2014006911;2;2;1;1;3;210;29/11/2014
2014006912;1;1;9;1;7;210;11/12/2014
2014006913;1;2;2;1;3;210;09/01/2014
2014006914;1;1;1;1;5;210;24/01/2014
2014006915;1;2;1;8;6;210;07/02/2014
2014006916;3;1;1;1;1;210;14/03/2014
2014006917;1;1;1;8;3;210;22/03/2014
2014006918;1;1;1;1;6;210;16/04/2014
2014006919;1;1;1;1;3;210;23/05/2014
2014006920;1;2;3;1;3;210;31/05/2014
2014006921;1;1;1;1;3;210;23/06/2014
2014006922;1;2;1;1;6;210;16/07/2014
2014006923;1;1;1;1;3;210;16/07/2014
2014006924;1;1;1;1;7;210;04/09/2014
2014006925;1;1;2;1;3;210;04/09/2014
2014006926;1;1;1;1;1;210;12/09/2014
2014006927;1;2;2;1;1;210;18/09/2014
2014006928;1;1;1;1;3;210;18/09/2014
2014006929;3;1;1;1;3;210;20/10/2014
2014006930;2;1;1;5;1;210;20/10/2014
2014006931;5;2;1;1;6;210;27/10/2014
2014006932;3;1;1;5;1;210;02/11/2014
2014006933;3;1;1;1;6;210;09/11/2014
2014006934;2;1;1;2;1;210;13/01/2014
2014006935;1;1;1;1;6;210;24/05/2014
2014006936;3;1;1;3;3;210;10/02/2014
2014006937;1;2;1;1;3;210;20/02/2014
2014006938;1;1;1;8;1;210;26/02/2014
2014006939;1;1;2;7;3;210;12/03/2014
2014006940;1;1;1;2;1;210;16/11/2014
2014006941;3;1;1;5;6;210;23/11/2014
2014006942;1;2;1;1;1;210;19/08/2014
2014006943;1;1;1;1;6;210;20/02/2014
2014006944;1;1;1;1;3;210;05/05/2014
2014006945;3;1;1;1;7;210;14/08/2014
2014006946;1;1;1;1;6;210;25/10/2014
2014006947;1;1;2;1;3;210;16/04/2014
2014006948;3;1;1;2;5;210;20/01/2014
2014006949;3;1;1;1;6;210;30/09/2014
2014006950;1;1;1;1;7;210;27/09/2014
2014006951;1;1;3;8;3;210;03/04/2014
2014006952;2;1;1;1;6;210;08/06/2014
2014006953;1;2;1;7;1;210;30/06/2014
2014006954;2;2;1;1;6;210;27/07/2014
2014006955;1;1;1;1;3;210;23/08/2014
2014006956;1;1;1;1;1;210;01/09/2014
2014006957;1;1;1;1;6;210;06/09/2014
2014006958;1;1;1;7;1;210;17/01/2014
2014006959;1;1;1;8;6;210;23/05/2014
2014006960;1;1;1;1;1;580;17/01/2014
2014006961;3;1;1;1;3;580;07/02/2014
2014006962;1;2;4;1;1;580;17/04/2014
2014006963;1;1;1;1;2;580;16/05/2014
2014006964;3;2;1;1;7;580;05/07/2014
2014006965;1;1;1;1;1;580;24/07/2014
2014006966;1;2;1;1;6;580;09/08/2014
2014006967;1;1;1;1;6;580;22/08/2014
2014006968;1;1;1;1;6;580;22/09/2014
2014006969;1;1;1;1;6;580;20/10/2014
2014006970;1;1;1;1;6;580;28/10/2014
2014006971;1;2;1;1;6;580;10/11/2014
2014006972;1;2;1;1;3;580;13/12/2014
2014006973;1;2;1;8;2;580;08/02/2014
2014006974;1;2;6;1;6;580;18/03/2014
2014006975;1;1;1;7;3;580;10/04/2014
2014006976;1;2;1;1;3;580;22/05/2014
2014006977;1;1;1;1;1;580;30/05/2014
2014006978;2;2;1;8;1;580;18/11/2014
2014006979;1;1;1;1;7;580;08/03/2014
2014006980;1;1;1;1;1;580;17/07/2014
2014006981;1;1;1;2;6;580;19/09/2014
2014006982;3;1;1;2;4;580;01/02/2014
2014006983;1;1;1;1;3;580;07/02/2014
2014006984;2;1;1;1;2;580;10/04/2014
2014006985;2;1;1;1;3;580;10/04/2014