num_acc;lum;agg;inter;atm;col;dep;date
2014006986;1;1;1;1;6;580;24/04/2014
2014006987;2;1;1;8;6;580;27/04/2014
2014006988;1;1;1;1;1;580;04/06/2014
2014006989;1;1;1;1;3;580;12/06/2014
2014006990;1;1;1;1;2;580;02/07/2014
2014006991;3;1;1;1;1;580;29/08/2014
2014006992;3;1;1;1;7;580;07/09/2014
2014006993;3;1;1;2;7;580;22/02/2014
2014006994;1;1;1;2;3;580;27/02/2014
2014006995;1;1;1;1;6;580;09/08/2014
2014006996;1;1;1;1;6;580;29/08/2014
2014006997;1;1;1;1;7;580;06/09/2014
2014006998;3;1;1;1;7;580;20/09/2014
2014006999;1;1;1;1;6;580;31/10/2014
2014007000;1;1;1;1;6;580;21/11/2014
2014007001;1;1;1;1;7;580;07/06/2014
2014007002;1;1;1;1;3;580;15/03/2014
2014007003;1;2;1;8;6;580;23/01/2014
2014007004;1;1;1;1;7;580;03/05/2014
2014007005;1;1;1;1;7;580;18/05/2014
2014007006;1;2;1;1;7;580;18/05/2014
2014007007;1;1;2;1;1;580;20/08/2014
2014007008;1;1;1;1;6;580;06/09/2014
2014007009;3;1;1;8;7;580;08/11/2014
2014007010;1;1;1;1;6;580;30/11/2014
2014007011;1;1;1;1;6;580;01/01/2014
2014007012;1;2;1;1;6;580;15/06/2014
2014007013;2;1;1;1;6;580;17/06/2014
2014007014;3;1;1;1;7;580;22/08/2014
2014007015;1;2;1;1;6;580;22/11/2014
2014007016;3;1;1;9;5;580;10/12/2014
2014007017;3;1;1;1;6;580;09/12/2014
2014007018;5;2;3;1;3;580;02/01/2014
2014007019;3;1;1;8;6;580;06/01/2014
2014007020;1;1;1;1;6;580;01/05/2014
2014007021;1;1;1;1;1;580;30/06/2014
2014007022;3;2;1;1;6;580;02/07/2014
2014007023;1;1;1;1;6;580;20/07/2014
2014007024;1;1;1;2;1;580;16/11/2014
2014007025;3;1;1;1;3;710;07/02/2014
2014007026;1;1;1;1;2;710;11/02/2014
2014007027;1;1;1;1;6;710;11/02/2014
2014007028;1;1;6;2;3;710;25/02/2014
2014007029;1;1;1;1;5;710;13/03/2014
2014007030;3;1;1;1;6;710;13/03/2014
2014007031;1;1;1;1;2;710;09/04/2014
2014007032;3;1;1;2;7;710;28/04/2014
2014007033;1;1;1;1;3;710;29/04/2014
2014007034;3;1;1;1;6;710;01/06/2014
2014007035;5;1;1;1;1;710;06/06/2014
2014007036;1;1;1;8;4;710;25/09/2014
2014007037;3;1;9;1;1;710;14/09/2014
2014007038;1;1;1;3;6;710;10/10/2014
2014007039;4;2;1;1;1;710;25/10/2014
2014007040;1;1;1;1;2;710;02/11/2014
2014007041;1;1;1;2;1;710;27/02/2014
2014007042;1;1;1;1;6;710;02/03/2014
2014007043;1;1;1;1;5;710;21/04/2014
2014007044;1;1;1;2;1;710;13/05/2014
2014007045;1;1;1;1;3;710;06/06/2014
2014007046;1;1;1;1;1;710;31/08/2014
2014007047;1;1;1;1;1;710;21/09/2014
2014007048;1;1;1;1;7;710;18/10/2014
2014007049;1;2;9;1;6;710;24/07/2014
2014007050;1;2;1;1;3;710;18/01/2014
2014007051;2;1;1;9;7;710;12/02/2014
2014007052;1;1;1;1;7;710;09/03/2014
2014007053;3;1;1;1;6;710;06/04/2014
2014007054;1;1;1;1;6;710;08/04/2014
2014007055;1;2;1;1;6;710;16/04/2014
2014007056;1;2;1;1;6;710;22/05/2014
2014007057;1;1;1;1;1;710;25/06/2014
2014007058;1;1;1;1;5;710;30/08/2014
2014007059;1;2;1;1;6;710;28/09/2014
2014007060;1;2;1;1;1;710;24/10/2014
2014007061;2;2;1;2;6;710;27/11/2014
2014007062;1;1;1;1;7;710;16/04/2014
2014007063;1;1;1;1;1;710;07/09/2014
2014007064;1;1;1;1;7;710;18/10/2014
2014007065;3;1;1;5;1;710;06/11/2014
2014007066;1;1;1;1;3;710;17/06/2014
2014007067;3;1;1;8;7;710;16/11/2014
2014007068;1;1;1;2;6;710;04/07/2014
2014007069;1;2;1;1;3;710;27/08/2014
2014007070;5;2;1;1;6;710;08/12/2014
2014007071;3;2;1;1;1;710;03/02/2014
2014007072;1;1;1;1;2;710;07/04/2014
2014007073;1;1;1;1;7;710;05/05/2014
2014007074;3;1;1;1;6;710;22/06/2014
2014007075;1;1;1;1;1;710;28/06/2014
2014007076;1;2;1;1;1;710;23/07/2014
2014007077;1;2;1;1;3;710;02/10/2014
2014007078;1;2;1;8;4;710;05/11/2014
2014007079;4;1;1;5;7;710;23/12/2014
2014007080;1;2;1;7;6;710;13/03/2014
2014007081;1;2;1;1;2;710;18/04/2014
2014007082;5;2;1;1;6;710;07/06/2014
2014007083;3;2;1;1;6;710;14/06/2014
2014007084;1;1;1;1;2;710;23/07/2014
2014007085;5;2;1;1;1;710;21/11/2014
2014007086;1;1;1;1;1;710;15/04/2014
2014007087;1;1;1;1;7;710;11/08/2014
2014007088;1;2;1;7;6;710;16/04/2014
2014007089;1;2;1;7;6;710;14/06/2014
2014007090;5;2;7;1;3;710;04/02/2014
2014007091;1;2;1;1;6;710;19/02/2014
2014007092;1;1;1;1;6;710;21/03/2014
2014007093;5;2;2;8;3;710;21/03/2014
2014007094;1;1;1;7;7;710;16/06/2014
2014007095;1;1;1;1;3;710;24/06/2014
2014007096;1;2;1;1;6;710;30/06/2014
2014007097;1;2;1;1;1;710;22/08/2014
2014007098;1;1;1;1;6;710;16/11/2014
2014007099;5;2;1;1;6;710;16/12/2014
2014007100;1;1;1;7;1;710;06/04/2014
2014007101;1;1;1;1;6;710;16/06/2014
2014007102;1;1;1;2;1;710;28/07/2014
2014007103;1;1;9;2;1;710;09/08/2014
2014007104;1;1;1;1;6;710;02/11/2014
2014007105;1;1;1;1;6;710;21/12/2014
2014007106;3;1;1;1;6;710;14/02/2014
2014007107;1;1;1;1;2;710;05/06/2014
2014007108;1;1;1;1;6;710;01/07/2014
2014007109;1;1;1;1;3;710;27/09/2014
2014007110;3;1;1;5;1;710;30/10/2014
2014007111;5;2;1;1;6;710;20/12/2014
2014007112;5;2;2;1;1;710;08/01/2014
2014007113;1;1;3;1;3;710;03/02/2014
2014007114;1;2;1;1;1;710;11/03/2014
2014007115;1;2;1;1;6;710;03/09/2014
2014007116;1;2;6;1;1;710;24/09/2014
2014007117;1;2;1;1;2;710;20/10/2014
2014007118;3;1;1;2;6;710;26/11/2014
2014007119;1;1;1;1;1;710;10/01/2014
2014007120;1;2;1;7;6;710;17/03/2014
2014007121;1;2;1;1;6;710;19/03/2014
2014007122;1;1;1;1;3;710;22/03/2014
2014007123;1;1;1;1;6;710;07/08/2014
2014007124;1;1;9;1;3;710;28/08/2014
2014007125;1;1;1;1;5;710;12/09/2014
2014007126;2;1;1;1;6;710;24/10/2014
2014007127;3;1;1;5;6;710;21/11/2014
2014007128;3;1;1;2;1;710;02/12/2014
2014007129;1;1;1;1;7;710;27/06/2014
2014007130;1;1;1;1;7;710;27/06/2014
2014007131;1;1;1;1;1;710;21/04/2014
2014007132;1;1;1;1;6;710;10/05/2014
2014007133;1;1;1;1;6;710;05/07/2014
2014007134;1;1;1;1;5;710;17/07/2014
2014007135;2;1;1;3;2;710;16/10/2014
2014007136;1;1;3;1;1;710;27/07/2014
2014007137;1;1;1;2;6;710;11/10/2014
2014007138;1;1;1;2;1;710;09/11/2014
2014007139;1;1;1;2;1;710;23/08/2014
2014007140;1;2;7;1;3;710;01/09/2014
2014007141;1;1;1;1;3;710;09/06/2014
2014007142;3;1;1;1;2;890;18/02/2014
2014007143;3;1;1;1;3;890;27/03/2014
2014007144;3;1;1;1;1;890;26/04/2014
2014007145;1;1;1;3;6;890;26/05/2014
2014007146;1;1;1;1;2;890;10/06/2014
2014007147;3;1;1;1;2;890;05/07/2014
2014007148;1;1;1;1;2;890;12/08/2014
2014007149;3;1;1;1;2;890;21/08/2014
2014007150;1;1;1;1;6;890;30/08/2014
2014007151;3;1;1;1;6;890;21/11/2014
2014007152;1;1;1;1;2;890;19/02/2014
2014007153;1;1;1;1;6;890;04/04/2014
2014007154;3;1;1;1;6;890;12/04/2014
2014007155;3;1;1;1;2;890;10/05/2014
2014007156;1;1;1;1;4;890;07/02/2014
2014007157;5;2;3;8;3;890;10/02/2014
2014007158;3;2;1;9;7;890;14/02/2014
2014007159;2;1;3;1;1;890;22/02/2014
2014007160;5;2;1;1;6;890;30/03/2014
2014007161;1;1;2;1;3;890;08/04/2014
2014007162;1;1;1;1;6;890;04/05/2014
2014007163;1;1;1;8;6;890;23/08/2014
2014007164;3;1;1;1;1;890;21/11/2014
2014007165;3;1;1;2;6;890;16/12/2014
2014007166;1;1;1;1;6;890;08/01/2014
2014007167;1;1;1;1;7;890;02/02/2014
2014007168;3;1;1;1;6;890;02/04/2014
2014007169;2;1;1;3;6;890;16/11/2014
2014007170;1;2;1;1;6;890;02/01/2014
2014007171;3;1;1;1;2;890;19/01/2014
2014007172;2;1;1;1;6;890;21/01/2014
2014007173;1;2;1;2;6;890;10/02/2014
2014007174;1;2;1;1;3;890;19/04/2014
2014007175;1;1;1;1;7;890;03/08/2014
2014007176;1;2;3;1;3;890;05/08/2014
2014007177;1;1;1;1;3;890;06/08/2014
2014007178;1;2;1;1;3;890;11/08/2014
2014007179;1;2;1;8;3;890;23/08/2014
2014007180;1;2;2;1;1;890;18/10/2014
2014007181;1;2;1;1;6;890;26/10/2014
2014007182;1;1;2;2;3;890;06/12/2014
2014007183;5;2;1;3;3;890;14/12/2014
2014007184;1;1;1;1;1;890;20/03/2014
2014007185;1;1;2;1;3;890;21/04/2014
2014007186;1;1;1;1;3;890;18/05/2014
2014007187;3;1;1;1;6;890;24/05/2014
2014007188;1;1;3;1;1;890;06/07/2014
2014007189;1;1;2;1;3;890;21/07/2014
2014007190;1;1;1;1;5;890;30/08/2014
2014007191;5;2;1;2;6;890;02/12/2014
2014007192;3;2;1;1;2;890;17/01/2014
2014007193;1;1;1;1;6;890;25/05/2014
2014007194;1;1;2;1;3;890;09/06/2014
2014007195;1;2;1;1;1;890;25/06/2014
2014007196;1;1;1;1;6;890;26/07/2014
2014007197;1;1;1;1;7;890;27/07/2014
2014007198;1;1;1;1;6;890;23/08/2014
2014007199;3;1;1;3;6;890;05/10/2014
2014007200;1;1;1;2;6;890;11/12/2014
2014007201;3;1;1;1;1;890;23/12/2014
2014007202;3;1;1;1;2;890;21/01/2014
2014007203;1;1;1;1;2;890;05/03/2014
2014007204;1;2;1;8;6;890;26/05/2014
2014007205;1;2;1;7;3;890;14/06/2014
2014007206;1;1;1;2;6;890;23/06/2014
2014007207;1;1;1;1;3;890;28/08/2014
2014007208;1;1;1;1;7;890;12/09/2014
2014007209;1;2;1;1;6;890;14/09/2014
2014007210;2;1;1;5;6;890;01/10/2014
2014007211;1;1;1;2;7;890;05/10/2014
2014007212;1;2;9;1;3;890;06/01/2014
2014007213;1;1;2;1;3;890;09/03/2014
2014007214;1;1;1;1;6;890;27/07/2014
2014007215;3;1;1;2;3;890;02/12/2014
2014007216;1;1;1;7;5;890;10/01/2014
2014007217;1;1;1;1;3;890;01/06/2014
2014007218;3;2;1;1;6;890;23/02/2014
2014007219;1;1;1;1;3;890;14/03/2014
2014007220;1;2;1;1;1;890;17/05/2014
2014007221;1;2;1;1;3;890;26/07/2014
2014007222;1;1;1;1;6;890;02/08/2014
2014007223;1;2;1;1;3;890;24/08/2014
2014007224;3;1;1;1;7;890;03/02/2014
2014007225;1;1;1;2;3;890;06/08/2014
2014007226;1;1;1;1;3;890;25/08/2014
2014007227;1;2;1;1;3;890;16/09/2014
2014007228;1;2;9;1;1;890;27/09/2014
2014007229;3;1;1;1;2;890;23/10/2014
2014007230;3;1;2;1;3;890;31/03/2014
2014007231;1;2;1;1;3;890;10/04/2014
2014007232;1;1;1;1;3;890;31/05/2014
2014007233;3;1;2;8;3;890;01/01/2014
2014007234;3;1;1;2;2;890;04/01/2014
2014007235;1;1;1;1;3;890;10/01/2014
2014007236;3;1;2;2;1;890;26/01/2014
2014007237;2;1;1;1;2;890;18/02/2014
2014007238;3;1;1;1;6;890;24/04/2014
2014007239;1;1;1;1;7;890;28/10/2014
2014007240;1;1;2;8;3;890;08/11/2014
2014007241;1;1;1;1;3;890;24/11/2014
2014007242;1;1;1;1;6;890;21/02/2014
2014007243;3;1;1;1;6;890;23/02/2014
2014007244;5;2;1;8;1;890;26/02/2014
2014007245;1;2;1;1;6;890;17/03/2014
2014007246;1;2;1;1;3;890;18/03/2014
2014007247;1;2;1;8;6;890;19/04/2014
2014007248;1;2;1;1;6;890;02/06/2014
2014007249;1;1;6;1;7;890;27/06/2014
2014007250;1;1;1;1;7;890;20/07/2014
2014007251;1;2;1;1;6;890;27/07/2014
2014007252;5;2;1;1;2;890;02/10/2014
2014007253;1;2;1;2;6;890;21/04/2014
2014007254;1;2;1;1;6;890;13/06/2014
2014007255;2;1;1;5;6;890;30/06/2014
2014007256;1;1;1;1;7;890;17/08/2014
2014007257;2;1;1;2;2;890;03/11/2014
2014007258;2;1;1;1;6;890;05/11/2014
2014007259;5;2;1;2;5;250;03/01/2014
2014007260;3;1;1;1;6;250;19/04/2014
2014007261;3;1;1;1;6;250;23/04/2014
2014007262;1;1;1;1;7;250;24/04/2014
2014007263;3;1;1;2;1;250;01/05/2014
2014007264;1;1;1;1;2;250;29/05/2014
2014007265;1;1;1;1;1;250;17/07/2014
2014007266;1;2;3;1;3;250;17/08/2014
2014007267;1;1;1;1;5;250;27/09/2014
2014007268;1;2;1;1;1;250;01/12/2014
2014007269;1;1;1;5;1;250;20/02/2014
2014007270;1;1;1;1;6;250;08/10/2014
2014007271;5;2;6;1;3;250;10/01/2014
2014007272;1;1;1;1;6;250;18/01/2014
2014007273;3;2;1;1;7;250;23/03/2014
2014007274;1;2;3;1;3;250;04/04/2014
2014007275;2;2;1;1;1;250;02/06/2014
2014007276;1;1;1;1;6;250;22/06/2014
2014007277;2;1;1;1;7;250;17/07/2014
2014007278;1;1;1;1;3;250;04/08/2014
2014007279;1;1;1;1;1;250;03/09/2014
2014007280;1;2;1;1;1;250;05/09/2014
2014007281;1;1;1;1;5;250;24/09/2014
2014007282;1;1;1;1;1;250;29/09/2014
2014007283;2;1;1;1;7;250;02/12/2014
2014007284;5;1;1;1;6;250;22/04/2014
2014007285;1;2;1;1;7;250;24/05/2014
2014007286;1;2;1;1;1;250;05/06/2014
2014007287;1;2;6;1;1;250;21/06/2014
2014007288;1;2;1;1;6;250;28/08/2014
2014007289;1;2;1;1;1;250;06/03/2014
2014007290;1;2;1;1;5;250;11/04/2014
2014007291;1;1;1;1;3;250;18/07/2014
2014007292;1;2;1;1;1;250;26/07/2014
2014007293;1;1;1;1;6;250;18/10/2014
2014007294;1;2;1;1;3;250;31/10/2014
2014007295;5;2;1;2;6;250;07/11/2014
2014007296;3;1;1;1;6;250;31/01/2014
2014007297;1;1;1;7;1;250;09/06/2014
2014007298;1;2;1;2;3;250;11/07/2014
2014007299;1;2;1;1;2;250;29/09/2014
2014007300;2;2;1;5;6;250;04/12/2014
2014007301;1;1;1;1;6;250;26/02/2014
2014007302;1;2;1;1;6;250;08/03/2014
2014007303;1;1;1;1;1;250;10/04/2014
2014007304;1;2;1;1;3;250;14/06/2014
2014007305;1;2;1;1;1;250;23/06/2014
2014007306;3;1;3;1;3;250;24/07/2014
2014007307;3;1;1;9;6;250;30/01/2014
2014007308;1;1;1;1;1;250;11/04/2014
2014007309;1;1;1;1;7;250;05/05/2014
2014007310;1;2;1;9;3;250;02/08/2014
2014007311;3;1;1;1;7;250;23/08/2014
2014007312;1;1;1;1;7;250;24/08/2014
2014007313;1;1;1;2;1;250;10/10/2014
2014007314;1;1;1;1;3;250;13/10/2014
2014007315;1;1;1;1;6;250;01/11/2014
2014007316;5;2;1;1;3;250;28/11/2014
2014007317;3;1;1;1;6;250;29/11/2014
2014007318;3;1;1;1;6;250;22/06/2014
2014007319;1;2;1;1;3;250;03/06/2014
2014007320;1;1;1;2;6;250;03/06/2014
2014007321;3;1;2;8;3;250;06/07/2014
2014007322;1;1;1;1;6;250;24/08/2014
2014007323;1;2;1;1;6;250;20/10/2014
2014007324;1;2;1;1;2;250;24/10/2014
2014007325;1;1;1;1;1;250;12/03/2014
2014007326;1;2;1;1;7;250;11/04/2014
2014007327;3;1;1;8;6;250;12/07/2014
2014007328;1;1;1;1;3;250;24/07/2014
2014007329;1;2;1;7;3;250;31/07/2014
2014007330;3;1;1;9;6;250;24/12/2014
2014007331;1;1;1;1;3;250;17/01/2014
2014007332;3;1;1;1;5;250;30/01/2014
2014007333;5;2;1;4;3;250;22/02/2014
2014007334;1;1;1;1;6;250;09/03/2014
2014007335;1;1;1;1;6;250;19/03/2014
2014007336;1;1;1;1;6;250;10/04/2014
2014007337;1;1;9;1;6;250;13/04/2014
2014007338;2;2;1;2;6;250;11/05/2014
2014007339;1;1;1;1;2;250;11/06/2014
2014007340;1;1;1;1;7;250;20/04/2014
2014007341;1;2;1;1;3;250;12/07/2014
2014007342;1;2;1;1;1;250;24/07/2014
2014007343;1;1;1;1;1;250;22/08/2014
2014007344;1;1;1;1;2;250;30/08/2014
2014007345;1;1;1;1;1;250;14/09/2014
2014007346;1;2;1;1;1;250;10/11/2014
2014007347;5;2;1;1;2;250;29/11/2014
2014007348;3;1;1;1;6;250;14/12/2014
2014007349;3;1;1;1;6;250;01/02/2014
2014007350;3;1;1;1;6;250;16/03/2014
2014007351;3;1;1;1;5;250;25/03/2014
2014007352;1;1;1;1;6;250;10/04/2014
2014007353;1;2;1;1;3;250;20/05/2014
2014007354;1;1;1;1;1;250;01/06/2014
2014007355;3;1;1;1;7;250;07/06/2014
2014007356;1;1;1;1;7;250;08/06/2014
2014007357;2;1;1;1;6;250;05/07/2014
2014007358;1;1;1;1;3;250;17/08/2014
2014007359;1;1;1;3;3;250;26/08/2014
2014007360;1;1;1;1;3;250;19/09/2014
2014007361;3;1;1;2;1;250;14/11/2014
2014007362;1;1;1;4;1;250;27/12/2014
2014007363;3;1;1;9;6;250;04/01/2014
2014007364;3;1;1;9;6;250;11/01/2014
2014007365;1;1;1;1;1;250;02/02/2014
2014007366;1;1;1;4;4;250;24/03/2014
2014007367;3;1;1;1;5;250;04/04/2014
2014007368;1;1;1;1;6;250;13/04/2014
2014007369;1;1;1;2;6;250;18/04/2014
2014007370;1;1;1;4;4;250;23/04/2014
2014007371;1;1;1;1;6;250;12/06/2014
2014007372;1;1;1;2;1;250;23/01/2014
2014007373;5;1;1;1;6;250;15/02/2014
2014007374;1;2;1;1;3;250;09/03/2014
2014007375;1;1;1;1;1;250;13/03/2014
2014007376;1;1;1;1;6;250;15/05/2014
2014007377;1;2;1;1;3;250;11/06/2014
2014007378;1;1;3;7;1;250;18/06/2014
2014007379;3;1;1;2;6;250;10/07/2014
2014007380;3;1;1;1;7;250;18/07/2014
2014007381;1;1;1;2;1;250;22/07/2014
2014007382;1;1;2;1;3;250;06/08/2014
2014007383;2;1;1;3;1;250;21/09/2014
2014007384;1;1;1;1;5;250;25/09/2014
2014007385;2;1;1;1;3;250;27/09/2014
2014007386;1;1;1;1;5;250;04/10/2014
2014007387;1;1;1;1;1;250;18/10/2014
2014007388;1;1;1;1;7;250;11/11/2014
2014007389;2;1;1;2;1;250;15/11/2014
2014007390;1;2;3;1;5;250;29/11/2014
2014007391;1;2;9;7;6;40;22/01/2014
2014007392;1;2;6;1;5;40;28/01/2014
2014007393;1;2;6;1;6;40;17/04/2014
2014007394;1;1;1;1;7;40;06/07/2014
2014007395;2;2;1;1;6;40;09/07/2014
2014007396;5;2;6;1;6;40;17/07/2014
2014007397;1;1;1;1;7;40;05/09/2014
2014007398;1;1;1;1;6;40;01/10/2014
2014007399;1;2;1;2;7;40;11/10/2014
2014007400;1;2;1;1;6;40;06/12/2014
2014007401;3;1;1;9;1;390;15/01/2014
2014007402;1;1;1;1;6;390;19/06/2014
2014007403;1;1;1;1;7;390;27/07/2014
2014007404;1;2;6;1;3;390;30/08/2014
2014007405;3;2;1;1;7;390;26/10/2014
2014007406;1;1;1;1;1;390;16/11/2014
2014007407;2;2;1;2;6;390;02/12/2014
2014007408;3;2;1;3;6;390;18/12/2014
2014007409;3;1;3;3;1;390;18/12/2014
2014007410;3;1;1;1;1;390;08/03/2014
2014007411;5;2;1;1;7;390;31/08/2014
2014007412;1;1;1;1;1;390;15/04/2014
2014007413;1;1;1;1;7;390;31/05/2014
2014007414;1;1;1;1;1;390;07/09/2014
2014007415;1;1;2;1;3;390;14/09/2014
2014007416;1;1;1;1;6;390;27/09/2014
2014007417;1;1;1;1;6;390;27/09/2014
2014007418;3;1;3;2;3;390;16/10/2014
2014007419;1;1;1;9;7;390;24/12/2014
2014007420;1;1;1;7;6;390;17/08/2014
2014007421;1;1;1;1;5;390;06/06/2014
2014007422;1;1;1;1;5;390;05/08/2014
2014007423;1;1;1;1;6;390;24/09/2014
2014007424;1;1;1;1;7;390;06/10/2014
2014007425;2;1;1;1;1;390;14/04/2014
2014007426;1;2;1;1;6;390;06/05/2014
2014007427;5;2;1;2;5;390;06/07/2014
2014007428;1;1;1;1;3;390;14/07/2014
2014007429;1;1;1;1;6;390;02/10/2014
2014007430;1;1;1;1;1;390;03/07/2014
2014007431;1;1;1;1;3;390;22/11/2014
2014007432;1;2;1;1;1;390;27/07/2014
2014007433;1;2;1;7;6;390;10/01/2014
2014007434;3;1;1;1;3;390;30/01/2014
2014007435;2;1;1;1;1;390;04/07/2014
2014007436;1;1;1;1;1;390;05/07/2014
2014007437;1;1;1;1;1;390;13/07/2014
2014007438;1;1;1;1;1;390;01/08/2014
2014007439;3;1;6;1;6;390;20/09/2014
2014007440;3;1;1;3;7;390;16/11/2014
2014007441;1;2;1;1;6;390;21/11/2014
2014007442;1;2;1;1;6;390;08/01/2014
2014007443;1;1;1;1;7;390;29/03/2014
2014007444;1;1;2;1;1;390;11/04/2014
2014007445;1;2;1;1;1;390;05/08/2014
2014007446;1;2;1;1;6;390;06/09/2014
2014007447;1;1;1;2;1;390;09/11/2014
2014007448;1;1;1;1;3;390;08/04/2014
2014007449;1;2;1;1;6;390;30/03/2014
2014007450;1;1;1;1;7;390;25/04/2014
2014007451;1;1;1;1;3;390;22/06/2014
2014007452;1;1;1;1;2;390;12/08/2014
2014007453;1;2;6;1;2;390;10/09/2014
2014007454;1;2;2;1;3;390;27/09/2014
2014007455;3;2;1;1;7;390;01/11/2014
2014007456;3;1;1;1;3;390;19/11/2014
2014007457;2;2;1;1;6;390;31/12/2014
2014007458;3;1;1;2;6;390;18/01/2014
2014007459;1;1;1;1;1;390;21/01/2014
2014007460;3;1;1;1;6;390;06/02/2014
2014007461;1;1;1;1;6;390;09/06/2014
2014007462;1;1;1;1;1;390;21/06/2014
2014007463;1;1;6;8;5;390;03/11/2014
2014007464;2;2;1;8;6;390;07/11/2014
2014007465;3;1;6;2;7;390;14/12/2014
2014007466;1;2;1;1;2;390;31/03/2014
2014007467;4;1;1;1;6;390;06/04/2014
2014007468;1;1;3;1;1;390;17/04/2014
2014007469;1;1;1;1;6;390;04/05/2014
2014007470;1;1;1;1;7;390;08/05/2014
2014007471;1;1;1;2;5;390;22/07/2014
2014007472;1;1;1;2;3;390;29/07/2014
2014007473;1;1;1;1;5;390;23/08/2014
2014007474;1;1;9;2;7;390;10/09/2014
2014007475;1;2;1;1;1;390;27/09/2014
2014007476;1;1;1;5;1;390;06/10/2014
2014007477;1;1;1;1;6;390;26/10/2014
2014007478;3;1;1;1;6;390;31/10/2014
2014007479;1;2;1;2;6;390;11/12/2014
2014007480;1;1;1;2;5;390;08/04/2014
2014007481;1;1;1;1;6;390;24/05/2014
2014007482;1;1;1;8;1;390;12/10/2014
2014007483;1;1;1;1;3;390;18/10/2014
2014007484;1;1;1;1;4;390;26/10/2014
2014007485;2;1;1;2;6;390;30/11/2014
2014007486;1;2;2;8;6;40;02/01/2014
2014007487;1;2;3;8;3;40;21/03/2014
2014007488;1;2;1;1;1;40;06/05/2014
2014007489;1;2;1;1;3;40;14/05/2014
2014007490;1;1;1;1;5;40;25/06/2014
2014007491;1;2;1;1;4;40;23/09/2014
2014007492;1;1;1;1;5;700;04/02/2014
2014007493;1;1;4;1;3;700;12/03/2014
2014007494;1;1;1;1;4;700;17/09/2014
2014007495;1;1;1;1;7;700;19/09/2014
2014007496;1;1;1;7;5;700;25/06/2014
2014007497;3;1;1;1;6;700;12/07/2014
2014007498;1;1;1;1;1;700;16/09/2014
2014007499;3;1;1;1;1;700;17/01/2014
2014007500;1;1;1;1;5;700;27/01/2014
2014007501;4;1;1;2;7;700;14/02/2014
2014007502;1;2;1;1;6;700;16/06/2014
2014007503;1;1;1;1;6;700;01/08/2014
2014007504;1;1;1;1;3;700;30/10/2014
2014007505;3;1;1;1;6;700;01/12/2014
2014007506;1;1;1;8;2;700;01/12/2014
2014007507;3;1;9;1;1;700;03/12/2014
2014007508;3;1;1;1;6;700;07/12/2014
2014007509;1;2;1;8;7;700;09/12/2014
2014007510;1;1;1;1;7;700;10/04/2014
2014007511;3;1;1;1;6;700;04/05/2014
2014007512;1;1;1;1;1;700;11/09/2014
2014007513;5;1;2;1;3;700;14/09/2014
2014007514;1;1;1;1;6;700;14/09/2014
2014007515;1;2;1;1;1;700;01/11/2014
2014007516;1;1;1;2;1;700;13/01/2014
2014007517;3;1;1;1;2;700;18/02/2014
2014007518;1;1;1;1;5;700;20/03/2014
2014007519;1;1;1;1;7;700;10/05/2014
2014007520;1;1;1;1;6;700;05/09/2014
2014007521;3;1;1;5;6;700;14/09/2014
2014007522;2;1;1;5;6;700;15/10/2014
2014007523;1;2;1;1;1;700;17/10/2014
2014007524;1;2;1;1;6;700;27/10/2014
2014007525;1;2;1;1;3;700;23/11/2014
2014007526;1;2;1;1;6;700;19/02/2014
2014007527;3;2;2;1;3;700;23/03/2014
2014007528;1;1;1;1;3;700;13/04/2014
2014007529;1;1;1;1;7;700;21/06/2014
2014007530;1;2;1;1;6;700;13/07/2014
2014007531;1;2;1;1;1;700;20/08/2014
2014007532;1;1;1;1;1;700;08/09/2014
2014007533;1;2;1;1;6;700;31/10/2014
2014007534;1;1;1;8;1;700;18/01/2014
2014007535;3;1;1;9;7;700;05/02/2014
2014007536;3;1;1;1;5;700;26/03/2014
2014007537;1;1;1;1;3;700;15/05/2014
2014007538;1;1;1;1;1;700;01/06/2014
2014007539;1;1;1;1;3;700;25/08/2014
2014007540;1;1;1;1;1;700;29/09/2014
2014007541;1;1;1;1;7;700;03/12/2014
2014007542;1;2;6;2;3;700;16/01/2014
2014007543;5;2;1;2;6;700;01/02/2014
2014007544;1;2;1;1;6;700;18/06/2014
2014007545;3;1;1;1;1;700;06/07/2014
2014007546;3;1;1;1;4;700;09/12/2014
2014007547;3;1;9;3;3;700;17/12/2014
2014007548;1;1;1;1;6;700;09/03/2014
2014007549;1;1;2;1;3;700;03/07/2014
2014007550;1;1;1;1;6;700;30/11/2014
2014007551;3;1;1;3;6;700;17/12/2014
2014007552;3;1;1;1;2;700;28/01/2014
2014007553;1;2;1;1;6;700;12/03/2014
2014007554;1;2;1;1;2;700;20/03/2014
2014007555;1;2;6;1;3;700;18/06/2014
2014007556;1;2;1;1;1;700;19/09/2014
2014007557;1;2;1;1;7;700;11/10/2014
2014007558;1;2;1;1;6;700;15/11/2014
2014007559;1;2;1;1;6;700;07/12/2014
2014007560;1;1;1;7;7;700;19/08/2014
2014007561;2;1;1;8;7;700;23/10/2014
2014007562;1;1;1;8;6;700;13/07/2014
2014007563;5;2;1;2;6;900;01/02/2014
2014007564;1;1;1;1;3;900;20/05/2014
2014007565;3;1;1;1;6;900;24/06/2014