num_acc;lum;agg;inter;atm;col;dep;date
2014007566;2;1;9;8;6;900;07/08/2014
2014007567;1;2;1;2;6;900;21/09/2014
2014007568;1;1;1;1;6;900;01/11/2014
2014007569;2;2;1;1;6;900;29/11/2014
2014007570;1;1;1;9;1;900;27/02/2014
2014007571;5;2;1;1;6;900;02/03/2014
2014007572;1;2;1;1;1;900;06/09/2014
2014007573;5;2;1;1;6;900;21/11/2014
2014007574;3;1;1;2;5;900;09/12/2014
2014007575;1;1;1;1;1;900;14/03/2014
2014007576;1;1;1;1;5;900;28/03/2014
2014007577;1;1;1;1;6;900;29/03/2014
2014007578;1;2;1;1;3;900;04/04/2014
2014007579;1;1;1;1;3;900;17/04/2014
2014007580;1;1;1;1;5;900;30/06/2014
2014007581;1;1;1;3;5;900;31/07/2014
2014007582;1;1;1;1;6;900;01/08/2014
2014007583;1;2;1;1;1;900;07/08/2014
2014007584;1;1;1;3;1;900;19/08/2014
2014007585;1;1;1;2;1;900;03/09/2014
2014007586;1;1;1;2;1;900;07/09/2014
2014007587;1;2;1;2;3;900;20/09/2014
2014007588;1;1;1;1;6;900;29/11/2014
2014007589;3;1;1;3;6;900;21/02/2014
2014007590;2;1;1;5;7;900;20/11/2014
2014007591;2;1;1;1;7;260;13/01/2014
2014007592;1;1;1;1;1;260;09/05/2014
2014007593;1;1;1;2;6;380;29/06/2014
2014007594;2;1;1;1;6;380;06/07/2014
2014007595;1;1;1;1;4;380;17/07/2014
2014007596;1;1;1;1;2;380;04/08/2014
2014007597;1;1;1;1;3;260;10/09/2014
2014007598;1;1;1;1;5;380;31/10/2014
2014007599;1;1;1;3;2;260;04/11/2014
2014007600;3;1;1;1;2;380;29/11/2014
2014007601;1;1;9;1;4;380;31/12/2014
2014007602;3;1;1;2;3;260;04/01/2014
2014007603;1;2;1;1;2;260;09/01/2014
2014007604;1;1;1;1;6;260;23/01/2014
2014007605;3;1;1;1;3;260;22/01/2014
2014007606;1;1;1;1;7;260;02/02/2014
2014007607;3;1;1;2;1;260;08/02/2014
2014007608;1;1;1;1;1;260;15/02/2014
2014007609;1;1;1;1;1;260;17/02/2014
2014007610;1;2;1;1;2;260;22/02/2014
2014007611;1;1;1;1;3;260;06/03/2014
2014007612;3;1;1;1;2;260;08/03/2014
2014007613;1;1;1;1;1;260;14/03/2014
2014007614;1;1;1;1;5;260;30/03/2014
2014007615;1;1;1;1;5;260;31/03/2014
2014007616;1;1;1;1;5;260;31/03/2014
2014007617;3;1;1;1;6;260;10/04/2014
2014007618;1;1;1;1;2;260;12/04/2014
2014007619;1;1;1;1;6;260;17/04/2014
2014007620;1;2;1;1;3;260;22/04/2014
2014007621;3;1;1;3;3;260;26/04/2014
2014007622;1;1;1;1;3;260;14/05/2014
2014007623;1;1;1;1;5;260;21/05/2014
2014007624;1;1;1;1;6;260;25/05/2014
2014007625;1;1;1;1;6;260;26/05/2014
2014007626;1;1;1;1;7;260;27/05/2014
2014007627;1;1;1;1;2;260;01/06/2014
2014007628;1;1;3;1;3;260;24/06/2014
2014007629;1;1;1;1;3;260;08/06/2014
2014007630;1;1;1;1;7;260;01/06/2014
2014007631;1;1;1;1;6;260;19/06/2014
2014007632;1;1;1;1;3;260;22/06/2014
2014007633;1;1;1;2;7;260;08/07/2014
2014007634;1;2;4;2;6;260;10/07/2014
2014007635;1;1;3;1;1;260;21/07/2014
2014007636;1;1;1;1;1;260;31/07/2014
2014007637;1;1;1;1;7;260;31/07/2014
2014007638;1;1;1;1;5;260;06/08/2014
2014007639;2;1;1;1;6;260;31/08/2014
2014007640;1;2;1;1;1;260;11/09/2014
2014007641;1;1;1;1;3;260;11/09/2014
2014007642;1;1;1;2;1;260;19/09/2014
2014007643;1;2;1;1;6;260;24/09/2014
2014007644;1;1;3;1;1;260;30/09/2014
2014007645;1;2;1;1;6;260;28/09/2014
2014007646;3;1;1;1;6;260;04/10/2014
2014007647;1;1;1;1;1;260;06/10/2014
2014007648;3;1;1;1;6;260;12/10/2014
2014007649;2;1;1;1;3;260;15/10/2014
2014007650;1;1;1;1;7;260;18/10/2014
2014007651;1;1;1;1;2;260;23/10/2014
2014007652;1;1;1;1;7;260;27/10/2014
2014007653;1;1;2;1;3;260;23/10/2014
2014007654;1;1;1;1;6;260;16/11/2014
2014007655;1;1;1;2;6;260;03/11/2014
2014007656;3;1;1;1;6;260;13/12/2014
2014007657;1;1;1;1;1;260;19/11/2014
2014007658;1;1;1;1;3;260;19/12/2014
2014007659;1;1;1;1;1;260;20/12/2014
2014007660;3;1;1;1;6;260;21/12/2014
2014007661;1;1;1;1;5;260;22/12/2014
2014007662;1;1;1;1;3;260;24/12/2014
2014007663;1;1;1;9;1;130;01/02/2014
2014007664;1;1;1;1;1;130;05/08/2014
2014007665;1;1;1;1;1;130;06/08/2014
2014007666;1;1;1;1;6;130;14/08/2014
2014007667;3;1;1;1;6;130;09/12/2014
2014007668;1;2;1;1;4;130;23/12/2014
2014007669;1;1;1;1;3;130;24/12/2014
2014007670;1;1;2;1;3;130;15/02/2014
2014007671;2;1;1;1;1;130;27/02/2014
2014007672;1;1;1;1;1;130;19/03/2014
2014007673;2;1;1;1;6;130;01/07/2014
2014007674;1;1;1;1;1;130;18/07/2014
2014007675;3;1;1;1;6;130;19/07/2014
2014007676;3;2;1;1;7;130;03/10/2014
2014007677;3;1;1;1;3;130;15/10/2014
2014007678;1;1;1;3;1;130;25/11/2014
2014007679;3;1;1;1;6;130;25/12/2014
2014007680;1;1;1;1;5;130;31/07/2014
2014007681;1;2;1;1;2;130;14/01/2014
2014007682;3;1;1;1;5;130;11/02/2014
2014007683;5;2;1;1;6;130;25/02/2014
2014007684;1;1;1;1;2;130;27/02/2014
2014007685;1;1;6;1;2;130;17/03/2014
2014007686;3;2;1;1;7;130;28/03/2014
2014007687;1;2;1;1;6;130;14/04/2014
2014007688;1;2;1;1;3;130;06/05/2014
2014007689;1;2;1;1;2;130;05/06/2014
2014007690;1;2;1;1;5;130;17/06/2014
2014007691;1;1;1;1;3;130;01/07/2014
2014007692;1;1;1;1;3;130;03/08/2014
2014007693;1;2;1;1;6;130;18/08/2014
2014007694;2;1;1;1;2;130;05/10/2014
2014007695;1;2;1;1;6;130;07/09/2014
2014007696;1;1;1;1;3;130;14/10/2014
2014007697;1;2;2;1;3;130;13/10/2014
2014007698;1;1;1;1;7;130;18/10/2014
2014007699;4;1;1;1;2;130;19/10/2014
2014007700;5;2;1;1;6;130;02/11/2014
2014007701;1;1;1;1;7;130;08/11/2014
2014007702;1;2;1;1;3;130;18/11/2014
2014007703;1;1;1;1;5;130;26/03/2014
2014007704;1;1;1;1;6;130;28/05/2014
2014007705;1;1;1;1;1;130;05/06/2014
2014007706;1;1;1;1;1;130;19/06/2014
2014007707;2;1;1;1;1;130;23/08/2014
2014007708;3;2;9;1;3;130;22/10/2014
2014007709;1;1;1;1;5;130;26/10/2014
2014007710;1;1;1;1;1;130;10/11/2014
2014007711;1;2;1;1;6;130;06/01/2014
2014007712;5;2;1;2;3;130;13/02/2014
2014007713;1;1;6;1;3;130;10/04/2014
2014007714;1;1;1;1;6;130;13/04/2014
2014007715;1;2;1;1;5;130;24/07/2014
2014007716;2;1;1;3;3;130;30/09/2014
2014007717;1;1;1;1;5;130;28/01/2014
2014007718;1;1;1;1;1;130;14/04/2014
2014007719;1;1;1;1;1;130;17/04/2014
2014007720;1;1;1;1;6;130;27/06/2014
2014007721;1;1;1;7;3;130;16/09/2014
2014007722;3;1;6;2;7;130;14/12/2014
2014007723;1;1;1;1;1;130;28/01/2014
2014007724;1;2;1;1;6;130;12/03/2014
2014007725;1;1;3;1;3;130;23/05/2014
2014007726;1;1;1;1;6;130;05/06/2014
2014007727;1;1;1;1;7;130;06/06/2014
2014007728;1;1;1;1;3;130;08/06/2014
2014007729;1;1;1;1;7;130;14/06/2014
2014007730;3;1;1;1;7;130;14/07/2014
2014007731;1;1;1;1;1;130;13/07/2014
2014007732;1;1;1;1;7;130;23/08/2014
2014007733;1;1;3;1;3;130;06/09/2014
2014007734;2;1;3;1;3;130;20/09/2014
2014007735;3;1;1;3;5;130;16/01/2014
2014007736;1;2;9;1;6;130;11/02/2014
2014007737;1;2;2;1;1;130;09/04/2014
2014007738;1;1;1;1;1;130;19/05/2014
2014007739;2;1;1;1;5;130;09/10/2014
2014007740;1;1;1;1;3;130;18/10/2014
2014007741;5;2;2;1;3;130;22/05/2014
2014007742;1;1;1;1;1;130;01/08/2014
2014007743;1;1;1;2;1;130;03/01/2014
2014007744;1;1;1;1;7;130;17/06/2014
2014007745;1;1;1;1;7;130;05/07/2014
2014007746;1;2;6;1;3;130;25/07/2014
2014007747;1;1;1;1;7;130;16/08/2014
2014007748;1;1;9;1;2;130;21/08/2014
2014007749;1;1;3;1;3;130;26/08/2014
2014007750;1;2;1;1;6;130;08/11/2014
2014007751;2;1;1;1;6;130;19/12/2014
2014007752;1;1;2;1;3;130;21/01/2014
2014007753;1;2;1;1;1;130;09/05/2014
2014007754;3;2;1;1;6;130;08/06/2014
2014007755;2;1;1;1;6;130;03/07/2014
2014007756;1;1;1;1;1;130;01/08/2014
2014007757;3;1;1;1;3;130;29/09/2014
2014007758;1;2;1;1;6;130;20/12/2014
2014007759;1;1;1;1;1;130;26/01/2014
2014007760;1;1;1;1;3;130;22/02/2014
2014007761;1;1;1;1;3;130;04/08/2014
2014007762;5;2;6;1;6;130;03/04/2014
2014007763;1;1;1;1;1;130;04/06/2014
2014007764;1;1;1;1;3;130;04/06/2014
2014007765;1;1;1;1;3;130;11/06/2014
2014007766;3;1;1;1;1;130;15/08/2014
2014007767;1;2;1;1;6;130;23/01/2014
2014007768;3;2;1;1;3;130;25/01/2014
2014007769;1;1;1;1;2;130;30/08/2014
2014007770;1;2;1;1;2;130;12/09/2014
2014007771;1;1;1;1;6;130;25/09/2014
2014007772;2;2;1;1;3;130;05/03/2014
2014007773;3;1;1;1;1;130;05/08/2014
2014007774;1;1;1;1;1;130;18/10/2014
2014007775;3;1;1;1;1;130;11/01/2014
2014007776;1;2;1;1;2;130;21/01/2014
2014007777;1;2;7;1;6;130;05/03/2014
2014007778;1;2;1;1;3;130;16/05/2014
2014007779;1;1;1;1;1;130;19/05/2014
2014007780;1;2;1;1;6;130;15/07/2014
2014007781;1;2;1;1;5;130;26/07/2014
2014007782;5;2;1;1;1;130;14/08/2014
2014007783;1;2;1;1;3;130;19/08/2014
2014007784;1;1;1;1;3;130;31/08/2014
2014007785;1;1;1;1;3;130;05/09/2014
2014007786;1;1;1;1;1;130;14/09/2014
2014007787;1;1;1;2;1;130;09/11/2014
2014007788;3;1;1;1;6;130;18/12/2014
2014007789;1;2;1;1;6;130;21/02/2014
2014007790;1;2;1;1;6;130;12/06/2014
2014007791;1;1;1;1;6;130;18/06/2014
2014007792;1;2;1;1;7;130;26/07/2014
2014007793;1;2;6;1;6;130;10/08/2014
2014007794;3;1;1;1;6;130;29/08/2014
2014007795;3;1;1;1;6;130;09/09/2014
2014007796;1;1;1;1;6;130;21/09/2014
2014007797;1;1;1;1;1;130;19/11/2014
2014007798;1;2;1;7;1;130;28/03/2014
2014007799;1;1;1;1;2;130;06/06/2014
2014007800;3;1;1;1;1;130;23/02/2014
2014007801;1;2;1;1;6;130;24/03/2014
2014007802;5;2;1;1;2;130;27/05/2014
2014007803;1;1;1;1;6;130;28/05/2014
2014007804;5;2;1;1;7;130;26/10/2014
2014007805;1;1;1;1;1;130;03/04/2014
2014007806;1;1;1;1;2;130;25/05/2014
2014007807;1;2;1;1;6;130;07/07/2014
2014007808;2;1;1;1;5;130;09/07/2014
2014007809;2;1;1;1;6;130;04/08/2014
2014007810;1;2;1;1;1;130;03/10/2014
2014007811;1;1;2;1;3;130;13/05/2014
2014007812;5;2;1;1;6;130;15/05/2014
2014007813;1;1;1;1;3;130;06/03/2014
2014007814;1;1;1;7;1;130;09/03/2014
2014007815;2;1;1;1;7;130;17/05/2014
2014007816;1;1;1;1;5;130;05/06/2014
2014007817;1;1;1;1;2;130;17/06/2014
2014007818;1;1;2;1;3;130;19/09/2014
2014007819;3;1;1;1;6;130;20/10/2014
2014007820;1;1;1;1;6;40;10/03/2014
2014007821;2;2;3;1;3;40;11/03/2014
2014007822;1;1;1;1;5;40;27/03/2014
2014007823;1;1;1;2;1;40;30/05/2014
2014007824;3;1;1;2;6;40;31/05/2014
2014007825;1;1;1;1;3;40;17/06/2014
2014007826;1;1;1;1;1;40;21/07/2014
2014007827;3;1;1;1;6;40;28/07/2014
2014007828;1;1;1;1;6;40;09/09/2014
2014007829;1;1;1;1;1;40;01/10/2014
2014007830;1;1;1;1;7;40;03/10/2014
2014007831;1;1;1;1;5;40;22/10/2014
2014007832;5;1;1;1;6;40;06/11/2014
2014007833;3;1;1;1;6;40;05/12/2014
2014007834;1;1;1;1;5;40;09/03/2014
2014007835;1;2;1;1;6;40;23/03/2014
2014007836;1;2;1;1;6;40;28/04/2014
2014007837;3;1;1;1;1;40;31/05/2014
2014007838;3;1;1;1;7;40;10/09/2014
2014007839;1;1;1;8;7;40;13/10/2014
2014007840;1;1;1;1;1;40;09/12/2014
2014007841;3;1;1;1;3;40;21/12/2014
2014007842;1;1;1;8;7;40;17/01/2014
2014007843;2;1;1;1;5;40;12/02/2014
2014007844;1;1;1;9;7;40;12/02/2014
2014007845;1;1;1;1;1;40;10/04/2014
2014007846;1;1;7;1;6;40;22/04/2014
2014007847;1;1;1;1;7;40;09/07/2014
2014007848;1;1;1;1;1;40;01/08/2014
2014007849;1;2;1;1;1;40;25/08/2014
2014007850;1;1;1;1;2;40;20/11/2014
2014007851;1;1;1;1;6;40;21/11/2014
2014007852;2;1;1;2;7;40;22/04/2014
2014007853;1;1;1;2;7;40;21/04/2014
2014007854;1;1;1;1;6;40;06/07/2014
2014007855;1;1;1;1;1;40;15/07/2014
2014007856;1;1;1;1;6;40;16/07/2014
2014007857;1;1;1;1;7;40;28/07/2014
2014007858;2;1;1;1;6;40;15/08/2014
2014007859;1;1;1;1;7;40;21/08/2014
2014007860;1;1;1;1;7;40;27/05/2014
2014007861;1;1;1;1;5;40;09/08/2014
2014007862;1;1;2;1;3;40;16/08/2014
2014007863;1;1;1;1;1;40;11/08/2014
2014007864;3;1;1;2;6;40;27/08/2014
2014007865;5;2;7;2;6;40;26/11/2014
2014007866;5;2;1;1;6;40;31/12/2014
2014007867;1;1;1;1;3;40;03/02/2014
2014007868;1;1;1;1;1;40;11/08/2014
2014007869;1;1;3;7;1;40;10/09/2014
2014007870;1;1;1;1;5;40;16/03/2014
2014007871;1;1;1;1;7;40;11/06/2014
2014007872;1;1;1;1;3;40;14/07/2014
2014007873;1;1;1;1;3;40;01/08/2014
2014007874;1;1;1;1;3;40;15/08/2014
2014007875;1;1;1;1;1;40;14/10/2014
2014007876;2;1;1;9;7;40;20/12/2014
2014007877;1;1;1;1;1;40;19/04/2014
2014007878;1;1;1;8;5;40;02/05/2014
2014007879;3;1;1;1;7;40;11/07/2014
2014007880;1;1;1;1;7;40;15/07/2014
2014007881;1;1;1;1;6;40;27/07/2014
2014007882;1;1;1;1;1;40;27/07/2014
2014007883;1;1;1;1;6;40;19/08/2014
2014007884;1;1;1;1;7;40;31/08/2014
2014007885;1;1;1;1;2;40;04/09/2014
2014007886;1;1;1;1;6;40;10/10/2014
2014007887;1;1;1;1;7;40;19/10/2014
2014007888;1;1;1;4;6;40;02/01/2014
2014007889;1;1;1;1;7;40;28/09/2014
2014007890;1;1;1;1;1;40;26/10/2014
2014007891;3;1;1;1;1;40;09/03/2014
2014007892;1;1;1;1;1;40;15/08/2014
2014007893;1;1;1;1;2;40;22/08/2014
2014007894;2;1;1;1;3;40;29/01/2014
2014007895;1;1;1;7;7;40;14/04/2014
2014007896;1;1;1;1;6;40;16/04/2014
2014007897;1;2;1;1;4;40;19/04/2014
2014007898;1;1;1;1;5;40;19/04/2014
2014007899;1;1;1;1;6;40;25/04/2014
2014007900;1;1;1;1;3;40;02/07/2014
2014007901;1;1;1;1;2;40;05/07/2014
2014007902;3;1;1;1;6;40;10/08/2014
2014007903;3;1;1;1;6;40;22/08/2014
2014007904;1;1;1;1;6;40;05/09/2014
2014007905;1;1;1;1;7;40;23/09/2014
2014007906;1;1;1;1;7;40;23/10/2014
2014007907;3;2;1;1;6;40;16/11/2014
2014007908;1;1;1;7;6;40;17/11/2014
2014007909;1;1;1;1;7;40;05/03/2014
2014007910;1;1;1;2;6;40;20/04/2014
2014007911;1;1;1;1;3;40;22/05/2014
2014007912;1;1;1;1;5;40;30/07/2014
2014007913;1;2;1;1;1;40;09/08/2014
2014007914;1;1;2;1;3;40;27/09/2014
2014007915;2;1;1;2;1;40;30/09/2014
2014007916;2;2;1;7;5;40;06/10/2014
2014007917;1;1;1;8;6;40;28/11/2014
2014007918;1;1;1;1;3;40;10/12/2014
2014007919;2;1;1;1;1;40;31/12/2014
2014007920;1;1;1;1;6;40;02/02/2014
2014007921;1;1;1;1;7;40;09/03/2014
2014007922;1;2;1;1;7;40;21/08/2014
2014007923;1;1;1;1;1;40;23/08/2014
2014007924;1;1;1;1;6;40;09/10/2014
2014007925;1;1;1;1;7;40;26/10/2014
2014007926;1;2;1;1;1;40;23/02/2014
2014007927;1;2;3;1;2;40;28/06/2014
2014007928;1;2;2;1;5;40;05/07/2014
2014007929;3;1;1;1;6;40;24/07/2014
2014007930;4;2;1;1;6;40;12/09/2014
2014007931;1;2;1;1;1;40;15/10/2014
2014007932;5;2;1;2;6;40;16/01/2014
2014007933;1;1;1;2;7;40;11/05/2014
2014007934;1;2;2;1;3;40;01/06/2014
2014007935;1;1;1;1;7;40;12/06/2014
2014007936;1;1;1;1;6;40;15/06/2014
2014007937;1;2;1;2;3;40;30/09/2014
2014007938;3;1;1;2;3;40;15/12/2014
2014007939;1;1;1;1;1;40;29/12/2014
2014007940;3;1;1;1;7;40;12/04/2014
2014007941;1;1;1;1;7;40;23/05/2014
2014007942;1;1;1;1;6;40;31/05/2014
2014007943;3;1;1;1;6;50;31/05/2014
2014007944;1;1;1;1;6;50;02/06/2014
2014007945;1;1;2;1;3;50;12/07/2014
2014007946;1;2;1;7;6;50;15/07/2014
2014007947;3;1;1;1;2;50;22/08/2014
2014007948;3;1;1;1;7;50;18/10/2014
2014007949;1;2;1;1;6;50;24/10/2014
2014007950;1;2;1;1;3;50;03/02/2014
2014007951;1;1;3;1;1;50;26/07/2014
2014007952;1;1;1;1;6;50;12/08/2014
2014007953;1;1;1;1;4;50;19/08/2014
2014007954;2;1;1;1;1;50;12/10/2014
2014007955;1;1;1;4;7;50;15/11/2014
2014007956;1;1;1;9;6;50;11/12/2014
2014007957;5;2;1;1;1;50;09/03/2014
2014007958;1;1;1;1;5;50;04/05/2014
2014007959;1;1;1;1;3;50;12/08/2014
2014007960;2;1;1;1;5;50;19/09/2014
2014007961;2;1;1;5;7;50;08/02/2014
2014007962;1;1;1;1;6;50;28/04/2014
2014007963;1;1;1;2;7;50;07/05/2014
2014007964;1;1;1;8;1;50;30/05/2014
2014007965;1;1;1;1;6;50;03/06/2014
2014007966;1;1;1;4;7;50;28/02/2014
2014007967;1;1;1;3;6;50;11/05/2014
2014007968;1;1;6;1;1;50;16/05/2014
2014007969;1;1;9;1;1;50;18/05/2014
2014007970;1;1;1;1;5;50;16/06/2014
2014007971;3;1;1;1;1;50;05/08/2014
2014007972;2;1;1;1;7;50;29/08/2014
2014007973;1;1;1;1;2;50;01/09/2014
2014007974;3;1;1;1;6;50;23/06/2014
2014007975;1;1;3;1;3;50;26/05/2014
2014007976;3;1;1;1;7;50;24/08/2014
2014007977;3;1;1;1;7;50;20/04/2014
2014007978;1;2;1;7;7;50;01/06/2014
2014007979;1;2;1;1;2;50;08/08/2014
2014007980;1;2;1;1;2;50;12/08/2014
2014007981;3;2;1;1;7;50;19/08/2014
2014007982;1;1;1;2;1;50;30/09/2014
2014007983;2;1;1;2;1;50;30/09/2014
2014007984;4;1;1;1;1;60;26/02/2014
2014007985;3;1;1;1;7;60;15/06/2014
2014007986;1;2;1;1;3;60;19/08/2014
2014007987;1;1;1;1;1;60;05/09/2014
2014007988;1;2;1;1;3;60;07/09/2014
2014007989;2;2;7;1;6;60;28/10/2014
2014007990;1;1;1;8;3;60;28/11/2014
2014007991;1;1;9;1;3;60;29/03/2014
2014007992;1;2;8;1;6;60;23/10/2014
2014007993;1;1;1;1;6;60;29/10/2014
2014007994;1;1;1;1;6;60;29/10/2014
2014007995;1;1;1;1;7;60;18/11/2014
2014007996;1;2;1;1;2;60;08/12/2014
2014007997;1;1;1;1;6;60;31/05/2014
2014007998;1;1;1;1;1;60;20/06/2014
2014007999;3;1;1;1;7;60;25/09/2014
2014008000;5;2;1;2;3;60;26/11/2014
2014008001;1;1;1;2;6;60;30/09/2014
2014008002;1;1;1;3;5;60;14/10/2014
2014008003;1;1;1;1;1;60;24/11/2014
2014008004;5;2;1;1;6;60;19/11/2014
2014008005;1;1;1;1;1;60;23/07/2014
2014008006;1;2;1;1;6;60;27/01/2014
2014008007;1;1;1;1;6;60;14/02/2014
2014008008;1;2;1;9;5;60;04/04/2014
2014008009;1;2;1;1;6;60;22/04/2014
2014008010;1;2;1;1;1;60;24/04/2014
2014008011;5;2;1;1;1;60;07/05/2014
2014008012;1;1;1;1;1;60;13/05/2014
2014008013;1;1;1;1;6;60;13/06/2014
2014008014;1;2;1;1;1;60;01/07/2014
2014008015;1;1;1;7;1;60;16/07/2014
2014008016;1;2;1;1;3;60;17/07/2014
2014008017;1;2;1;1;3;60;20/07/2014
2014008018;1;1;1;1;1;60;25/07/2014
2014008019;1;2;1;1;1;60;07/08/2014
2014008020;1;2;1;1;7;60;28/08/2014
2014008021;1;2;1;1;3;60;30/08/2014
2014008022;2;1;1;2;1;60;03/10/2014
2014008023;1;1;1;1;1;60;11/10/2014
2014008024;1;2;6;1;7;60;23/10/2014
2014008025;1;1;1;1;5;60;26/10/2014
2014008026;5;2;1;1;6;60;11/12/2014
2014008027;1;1;1;1;7;60;15/01/2014
2014008028;1;1;1;1;2;60;12/04/2014
2014008029;1;1;1;1;7;60;16/06/2014
2014008030;1;1;1;1;7;60;21/06/2014
2014008031;1;1;1;1;7;60;04/07/2014
2014008032;1;1;1;1;3;60;18/07/2014
2014008033;1;1;1;1;7;60;27/07/2014
2014008034;1;1;1;1;5;60;05/10/2014
2014008035;1;1;1;1;6;60;25/12/2014
2014008036;5;1;1;1;6;60;13/09/2014
2014008037;1;2;1;1;3;60;21/09/2014
2014008038;1;2;1;1;6;60;25/10/2014
2014008039;5;2;1;1;7;60;30/11/2014
2014008040;1;1;1;1;6;60;06/04/2014
2014008041;1;1;1;1;1;60;16/06/2014
2014008042;1;1;1;1;1;60;10/08/2014
2014008043;5;2;9;1;6;60;29/10/2014
2014008044;1;1;1;1;6;60;27/01/2014
2014008045;1;1;1;1;6;60;26/04/2014
2014008046;1;1;1;1;6;60;20/06/2014
2014008047;1;1;1;1;1;60;22/06/2014
2014008048;1;1;1;1;6;60;10/08/2014
2014008049;1;1;1;1;3;60;17/08/2014
2014008050;1;1;1;1;6;60;16/10/2014
2014008051;1;2;1;1;6;60;28/10/2014
2014008052;1;2;1;1;6;60;07/11/2014
2014008053;1;1;1;1;6;60;05/12/2014
2014008054;1;2;1;1;1;60;19/04/2014
2014008055;1;1;1;1;3;60;08/05/2014
2014008056;1;2;1;1;1;60;03/07/2014
2014008057;1;1;1;1;1;60;16/09/2014
2014008058;5;2;1;1;6;60;02/12/2014
2014008059;1;1;1;1;5;60;18/12/2014
2014008060;1;1;1;1;6;60;21/06/2014
2014008061;1;1;1;1;1;60;07/08/2014
2014008062;1;1;1;1;5;60;19/08/2014
2014008063;1;2;9;1;3;60;07/09/2014
2014008064;1;1;1;1;7;60;13/01/2014
2014008065;1;1;1;1;1;60;09/06/2014
2014008066;1;2;1;1;1;60;26/06/2014
2014008067;3;1;1;1;6;60;24/08/2014
2014008068;1;1;1;1;1;60;19/10/2014
2014008069;3;1;1;1;3;60;22/01/2014
2014008070;1;1;1;1;6;60;28/09/2014
2014008071;2;1;1;1;7;60;30/12/2014
2014008072;1;1;1;1;1;60;31/12/2014
2014008073;1;1;1;4;3;60;16/01/2014
2014008074;1;1;1;1;1;830;18/02/2014
2014008075;1;1;1;1;3;830;18/02/2014
2014008076;5;2;1;1;6;830;01/03/2014
2014008077;2;1;1;1;3;830;04/03/2014
2014008078;1;2;1;1;5;830;01/04/2014
2014008079;5;2;1;1;6;830;06/05/2014
2014008080;1;1;1;1;5;830;11/05/2014
2014008081;1;1;1;1;7;830;11/07/2014
2014008082;1;1;6;1;3;830;17/07/2014
2014008083;5;2;1;1;6;830;17/09/2014
2014008084;2;1;1;1;3;830;18/02/2014
2014008085;1;1;1;1;2;830;24/05/2014
2014008086;1;1;1;1;6;830;04/08/2014
2014008087;1;1;1;1;7;830;05/08/2014
2014008088;1;1;1;1;7;830;17/08/2014
2014008089;1;1;1;1;7;830;30/08/2014
2014008090;1;1;1;1;1;830;07/09/2014
2014008091;3;1;1;3;7;830;27/11/2014
2014008092;1;1;1;1;3;830;28/01/2014
2014008093;1;1;1;1;6;830;06/05/2014
2014008094;1;2;1;1;2;830;05/06/2014
2014008095;1;1;1;1;1;830;30/07/2014
2014008096;1;2;1;1;3;830;02/09/2014
2014008097;1;2;1;1;6;830;08/09/2014
2014008098;1;2;1;1;7;830;08/09/2014
2014008099;3;2;1;8;3;830;04/10/2014
2014008100;1;1;1;1;7;830;18/11/2014
2014008101;1;1;1;1;1;830;11/12/2014
2014008102;2;2;1;1;6;830;31/01/2014
2014008103;1;1;1;1;2;830;25/03/2014
2014008104;1;2;1;1;6;830;01/04/2014
2014008105;1;1;1;1;1;830;14/06/2014
2014008106;1;1;1;1;1;830;22/07/2014
2014008107;1;1;1;1;1;830;23/10/2014
2014008108;1;2;1;1;3;830;17/03/2014
2014008109;1;1;1;1;2;830;19/03/2014
2014008110;1;1;1;1;6;830;30/03/2014
2014008111;3;1;1;1;6;830;24/05/2014
2014008112;1;1;1;1;2;830;10/08/2014
2014008113;1;1;1;1;7;830;14/09/2014
2014008114;2;1;1;1;6;830;08/10/2014
2014008115;1;1;1;1;1;830;10/10/2014
2014008116;1;1;1;1;1;830;21/11/2014
2014008117;1;1;1;1;1;830;21/07/2014
2014008118;3;1;1;1;7;830;25/08/2014
2014008119;4;1;1;1;7;830;20/09/2014
2014008120;3;2;1;2;6;830;18/01/2014
2014008121;5;2;1;1;6;830;20/01/2014
2014008122;1;1;1;1;3;830;11/03/2014
2014008123;1;2;1;1;6;830;16/03/2014
2014008124;1;1;1;1;1;830;13/05/2014
2014008125;1;2;1;7;1;830;14/05/2014
2014008126;1;1;1;1;1;830;16/05/2014
2014008127;1;2;1;1;6;830;17/05/2014
2014008128;2;1;1;3;3;830;30/05/2014
2014008129;1;2;1;1;3;830;03/06/2014
2014008130;1;1;1;1;3;830;24/06/2014
2014008131;2;1;1;1;1;830;26/09/2014
2014008132;1;2;1;1;6;830;22/10/2014
2014008133;1;1;1;1;2;830;29/10/2014
2014008134;3;1;1;1;2;830;30/10/2014
2014008135;1;2;1;1;3;830;28/10/2014
2014008136;2;1;1;3;1;830;11/11/2014
2014008137;1;1;1;1;6;830;15/01/2014
2014008138;1;1;1;1;7;830;17/04/2014
2014008139;2;1;1;1;6;830;13/08/2014
2014008140;1;2;1;1;7;830;07/10/2014
2014008141;3;1;1;1;1;830;05/11/2014
2014008142;3;1;1;1;7;830;08/11/2014
2014008143;3;1;1;2;1;830;04/01/2014
2014008144;1;1;1;1;3;830;08/01/2014
2014008145;3;1;1;1;7;830;14/01/2014
2014008146;1;1;1;1;2;830;23/02/2014
2014008147;1;1;1;1;7;830;23/02/2014
2014008148;1;1;1;1;7;830;07/03/2014
2014008149;3;1;1;1;6;830;12/03/2014
2014008150;1;1;1;1;7;830;15/03/2014
2014008151;1;1;1;1;1;830;13/04/2014
2014008152;1;2;1;1;3;830;14/04/2014
2014008153;1;1;1;1;6;830;28/04/2014