num_acc;lum;agg;inter;atm;col;dep;date
2014008154;1;2;1;1;3;830;25/05/2014
2014008155;3;1;1;1;6;830;22/07/2014
2014008156;1;1;1;1;6;830;29/07/2014
2014008157;3;1;1;1;6;830;08/08/2014
2014008158;1;1;1;1;5;830;10/08/2014
2014008159;1;1;1;1;3;830;13/09/2014
2014008160;5;2;1;1;6;830;25/09/2014
2014008161;1;1;1;1;2;830;02/10/2014
2014008162;1;1;1;1;7;830;18/10/2014
2014008163;1;2;1;1;1;830;22/10/2014
2014008164;3;1;1;1;6;830;16/11/2014
2014008165;3;1;1;1;7;830;17/11/2014
2014008166;1;2;1;1;6;830;23/11/2014
2014008167;3;1;1;1;6;830;22/12/2014
2014008168;1;1;2;1;3;830;23/12/2014
2014008169;1;2;1;1;5;830;28/01/2014
2014008170;3;1;1;1;3;830;10/02/2014
2014008171;3;1;1;1;6;830;28/02/2014
2014008172;1;1;1;1;5;830;26/03/2014
2014008173;1;1;1;1;4;830;27/03/2014
2014008174;1;2;1;1;6;830;07/05/2014
2014008175;3;1;1;1;6;830;07/07/2014
2014008176;1;1;1;1;3;830;06/09/2014
2014008177;3;1;1;1;1;830;05/11/2014
2014008178;2;1;1;1;1;830;21/11/2014
2014008179;1;1;1;1;1;830;25/01/2014
2014008180;2;1;1;1;3;830;03/02/2014
2014008181;1;1;1;1;6;830;04/03/2014
2014008182;3;1;1;1;7;830;05/04/2014
2014008183;1;1;1;1;6;830;06/04/2014
2014008184;1;1;1;1;3;830;11/04/2014
2014008185;1;1;1;1;6;830;19/04/2014
2014008186;1;1;1;1;1;830;09/05/2014
2014008187;1;1;1;1;6;830;12/05/2014
2014008188;1;1;1;1;1;830;12/05/2014
2014008189;1;1;1;1;2;830;17/05/2014
2014008190;1;2;1;1;6;830;16/06/2014
2014008191;1;1;1;1;1;830;20/06/2014
2014008192;1;1;1;1;1;830;08/07/2014
2014008193;1;1;1;2;7;830;12/07/2014
2014008194;3;1;1;1;1;830;19/08/2014
2014008195;3;1;1;1;1;830;22/08/2014
2014008196;1;1;9;1;6;830;29/08/2014
2014008197;5;2;1;1;2;830;23/10/2014
2014008198;1;2;1;1;6;830;08/11/2014
2014008199;2;1;1;1;1;830;18/12/2014
2014008200;5;2;1;1;6;830;12/01/2014
2014008201;5;1;1;2;7;830;19/01/2014
2014008202;5;2;1;1;1;830;05/04/2014
2014008203;1;1;1;1;1;830;06/04/2014
2014008204;1;1;1;1;2;830;23/06/2014
2014008205;1;1;1;1;6;830;12/07/2014
2014008206;1;1;1;1;5;830;18/07/2014
2014008207;1;1;1;1;3;830;22/07/2014
2014008208;1;1;1;1;1;830;01/08/2014
2014008209;3;1;1;1;2;830;10/08/2014
2014008210;1;1;1;1;3;830;10/08/2014
2014008211;1;1;1;1;1;830;20/08/2014
2014008212;3;1;1;1;7;830;12/09/2014
2014008213;1;1;1;1;6;830;14/09/2014
2014008214;1;1;6;1;3;830;16/09/2014
2014008215;1;1;1;1;3;830;18/09/2014
2014008216;1;1;1;1;2;830;01/10/2014
2014008217;1;1;1;1;3;830;15/10/2014
2014008218;1;1;1;1;1;830;23/10/2014
2014008219;2;1;1;2;2;830;12/11/2014
2014008220;3;1;1;1;7;830;15/12/2014
2014008221;2;1;1;1;1;830;17/12/2014
2014008222;5;2;1;1;3;830;30/12/2014
2014008223;1;1;1;2;1;830;02/01/2014
2014008224;1;1;1;1;6;830;02/03/2014
2014008225;1;1;1;1;1;830;06/03/2014
2014008226;5;2;1;1;6;830;12/04/2014
2014008227;1;2;1;1;6;830;06/05/2014
2014008228;1;1;1;1;2;830;30/05/2014
2014008229;1;2;6;1;1;830;01/06/2014
2014008230;1;2;1;1;2;830;05/06/2014
2014008231;1;2;1;1;1;830;10/07/2014
2014008232;1;2;1;1;1;830;28/08/2014
2014008233;5;2;1;1;6;830;02/09/2014
2014008234;3;1;1;1;5;830;09/10/2014
2014008235;1;1;1;1;3;830;27/01/2014
2014008236;1;1;9;1;3;830;28/01/2014
2014008237;1;1;1;1;6;830;11/02/2014
2014008238;5;1;1;1;3;830;25/05/2014
2014008239;1;1;1;1;1;830;27/05/2014
2014008240;1;1;1;1;1;830;06/06/2014
2014008241;1;1;1;1;6;830;16/06/2014
2014008242;5;1;1;1;6;830;17/06/2014
2014008243;1;1;1;1;2;830;17/06/2014
2014008244;3;1;1;1;2;830;22/07/2014
2014008245;1;2;1;1;1;830;23/07/2014
2014008246;1;2;1;1;6;830;15/07/2014
2014008247;1;1;1;1;3;830;08/08/2014
2014008248;1;1;1;1;3;830;12/08/2014
2014008249;5;2;1;1;2;830;16/08/2014
2014008250;1;1;1;1;6;830;23/08/2014
2014008251;1;2;1;1;2;830;28/08/2014
2014008252;1;1;1;1;2;830;16/09/2014
2014008253;1;1;1;7;6;830;02/10/2014
2014008254;1;2;1;1;7;830;03/10/2014
2014008255;1;1;1;3;3;830;14/10/2014
2014008256;1;1;1;1;4;830;16/10/2014
2014008257;1;1;1;1;1;830;25/10/2014
2014008258;5;1;1;3;6;830;15/11/2014
2014008259;3;1;1;1;6;830;22/01/2014
2014008260;1;1;1;1;1;830;17/02/2014
2014008261;1;1;1;1;5;830;05/04/2014
2014008262;3;1;1;1;1;830;11/04/2014
2014008263;1;1;1;1;1;830;05/08/2014
2014008264;3;1;1;1;1;830;17/11/2014
2014008265;1;1;1;7;3;830;27/05/2014
2014008266;1;1;9;1;1;830;28/05/2014
2014008267;1;2;1;1;3;830;21/09/2014
2014008268;5;1;1;1;1;830;21/09/2014
2014008269;1;1;1;1;6;830;28/10/2014
2014008270;1;1;3;1;3;830;29/10/2014
2014008271;2;1;1;1;1;830;16/11/2014
2014008272;3;1;1;1;1;830;30/12/2014
2014008273;1;1;1;1;4;830;10/03/2014
2014008274;2;2;3;1;1;830;29/05/2014
2014008275;1;1;1;1;1;830;17/07/2014
2014008276;1;2;1;1;7;830;11/09/2014
2014008277;1;2;1;1;6;830;15/09/2014
2014008278;1;1;1;1;3;830;10/11/2014
2014008279;1;2;1;1;7;830;06/01/2014
2014008280;1;1;1;1;1;830;07/03/2014
2014008281;1;1;1;1;6;830;05/04/2014
2014008282;1;2;6;1;2;830;18/05/2014
2014008283;1;2;1;1;6;830;30/05/2014
2014008284;5;2;1;1;6;830;04/06/2014
2014008285;1;2;1;7;6;830;27/07/2014
2014008286;1;1;1;1;1;830;21/08/2014
2014008287;1;1;1;1;3;830;11/09/2014
2014008288;1;1;1;2;1;840;22/05/2014
2014008289;1;2;1;1;3;840;27/05/2014
2014008290;1;1;1;1;2;840;08/07/2014
2014008291;3;1;1;1;7;840;03/09/2014
2014008292;3;2;1;3;1;840;15/09/2014
2014008293;1;1;1;1;1;840;29/09/2014
2014008294;2;2;1;1;2;840;14/10/2014
2014008295;5;2;1;1;6;840;27/10/2014
2014008296;3;1;1;5;6;840;01/11/2014
2014008297;3;1;1;1;7;840;16/11/2014
2014008298;1;1;2;1;1;840;10/01/2014
2014008299;3;2;1;1;1;840;17/01/2014
2014008300;3;1;1;1;1;840;20/01/2014
2014008301;3;1;1;1;7;840;28/03/2014
2014008302;1;1;2;1;3;840;07/04/2014
2014008303;5;1;1;1;7;840;07/05/2014
2014008304;1;2;1;1;5;840;20/05/2014
2014008305;1;2;9;1;3;840;13/06/2014
2014008306;1;1;1;1;7;840;16/07/2014
2014008307;1;1;1;1;1;840;23/07/2014
2014008308;1;2;3;1;2;840;01/08/2014
2014008309;1;1;1;1;6;840;18/08/2014
2014008310;1;2;1;1;1;840;21/08/2014
2014008311;3;1;1;1;3;840;29/08/2014
2014008312;1;1;1;1;7;840;11/09/2014
2014008313;3;1;1;1;3;840;22/09/2014
2014008314;1;2;1;1;6;840;04/10/2014
2014008315;1;2;1;1;3;840;08/10/2014
2014008316;1;1;1;1;2;840;09/10/2014
2014008317;1;1;1;1;1;840;10/10/2014
2014008318;1;2;1;1;6;840;14/10/2014
2014008319;5;2;1;1;2;840;18/10/2014
2014008320;1;2;1;1;1;840;23/10/2014
2014008321;3;1;1;6;1;840;02/12/2014
2014008322;1;1;1;1;1;840;10/12/2014
2014008323;5;1;1;8;2;840;02/02/2014
2014008324;1;2;1;1;6;840;09/02/2014
2014008325;1;2;9;8;6;840;18/03/2014
2014008326;1;2;1;1;6;840;28/03/2014
2014008327;1;2;1;1;3;840;13/05/2014
2014008328;1;2;1;1;2;840;06/06/2014
2014008329;5;2;9;1;1;840;19/10/2014
2014008330;1;1;1;7;6;840;21/10/2014
2014008331;1;1;1;5;6;840;10/01/2014
2014008332;1;2;1;1;1;840;28/03/2014
2014008333;1;1;1;1;1;840;16/04/2014
2014008334;1;1;1;1;6;840;30/05/2014
2014008335;1;1;1;1;2;840;26/06/2014
2014008336;1;1;1;1;2;840;10/07/2014
2014008337;1;2;1;1;2;840;29/08/2014
2014008338;1;2;1;1;6;840;03/09/2014
2014008339;1;2;1;1;6;840;08/09/2014
2014008340;2;2;9;1;6;840;10/09/2014
2014008341;1;2;1;1;7;840;08/11/2014
2014008342;1;1;1;6;1;840;31/12/2014
2014008343;1;2;1;7;6;840;15/01/2014
2014008344;1;1;1;1;6;840;05/03/2014
2014008345;1;2;1;1;7;840;23/03/2014
2014008346;1;1;1;1;1;840;26/04/2014
2014008347;1;1;1;1;1;840;28/04/2014
2014008348;1;1;9;1;7;840;27/07/2014
2014008349;5;1;1;1;6;840;22/11/2014
2014008350;2;1;1;2;5;840;27/11/2014
2014008351;1;1;1;8;4;840;22/05/2014
2014008352;1;1;1;1;1;840;23/08/2014
2014008353;2;1;1;1;1;840;26/08/2014
2014008354;2;2;1;1;6;840;28/09/2014
2014008355;1;1;1;1;2;840;15/10/2014
2014008356;1;1;1;3;6;840;05/02/2014
2014008357;1;1;1;1;2;840;26/04/2014
2014008358;1;1;2;1;3;840;24/05/2014
2014008359;1;1;1;1;3;840;23/11/2014
2014008360;5;2;1;1;1;840;12/12/2014
2014008361;2;1;1;7;1;840;26/12/2014
2014008362;1;2;1;1;6;840;14/01/2014
2014008363;2;1;1;9;6;840;06/02/2014
2014008364;3;1;1;1;6;840;31/05/2014
2014008365;1;2;1;1;6;840;02/06/2014
2014008366;1;1;1;1;6;840;16/06/2014
2014008367;2;1;2;1;3;840;19/06/2014
2014008368;1;1;1;1;1;840;29/08/2014
2014008369;1;2;1;1;3;840;21/10/2014
2014008370;3;1;1;1;1;840;24/10/2014
2014008371;5;2;1;2;3;840;29/11/2014
2014008372;1;1;1;1;1;840;28/05/2014
2014008373;1;1;1;1;6;840;23/02/2014
2014008374;3;1;1;1;7;840;20/05/2014
2014008375;1;2;6;1;7;840;31/05/2014
2014008376;1;1;1;1;5;840;11/06/2014
2014008377;1;1;3;2;3;840;05/02/2014
2014008378;1;2;1;1;6;840;26/03/2014
2014008379;1;1;1;1;1;840;27/08/2014
2014008380;1;1;1;1;2;840;27/10/2014
2014008381;1;1;2;1;3;840;25/01/2014
2014008382;1;1;1;2;1;840;30/01/2014
2014008383;2;1;1;1;2;840;16/06/2014
2014008384;1;1;2;2;3;840;25/07/2014
2014008385;3;1;1;2;3;840;17/12/2014
2014008386;1;1;1;1;1;840;18/12/2014
2014008387;1;2;1;1;6;840;27/01/2014
2014008388;1;1;1;8;7;840;03/04/2014
2014008389;1;2;9;1;6;840;08/04/2014
2014008390;1;1;2;1;5;840;03/05/2014
2014008391;1;2;1;1;6;840;08/07/2014
2014008392;3;1;1;1;3;840;20/07/2014
2014008393;1;1;1;1;6;840;22/02/2014
2014008394;1;2;1;1;6;840;13/04/2014
2014008395;2;2;1;1;6;840;05/05/2014
2014008396;2;1;1;1;7;840;18/05/2014
2014008397;1;1;1;7;3;840;16/06/2014
2014008398;1;2;1;1;6;840;31/12/2014
2014008399;2;1;1;1;1;840;07/01/2014
2014008400;5;2;1;2;6;840;01/02/2014
2014008401;1;1;1;1;6;840;23/02/2014
2014008402;5;2;1;1;6;840;27/02/2014
2014008403;2;2;1;1;2;840;28/03/2014
2014008404;1;1;1;1;1;840;02/06/2014
2014008405;1;1;1;1;3;840;16/07/2014
2014008406;3;2;1;1;7;840;06/08/2014
2014008407;1;1;1;1;7;840;14/08/2014
2014008408;1;1;1;1;1;840;01/09/2014
2014008409;3;1;1;1;6;840;06/11/2014
2014008410;2;1;1;4;6;840;28/12/2014
2014008411;5;2;1;3;2;840;18/01/2014
2014008412;5;2;1;1;1;840;26/02/2014
2014008413;1;2;1;1;6;840;14/03/2014
2014008414;1;1;1;1;5;840;11/03/2014
2014008415;2;2;1;1;7;840;21/03/2014
2014008416;3;1;2;1;3;840;28/03/2014
2014008417;1;2;1;1;6;840;17/03/2014
2014008418;1;1;1;1;5;840;12/04/2014
2014008419;1;1;1;2;2;840;22/04/2014
2014008420;1;2;2;1;3;840;28/04/2014
2014008421;1;1;1;1;1;840;19/07/2014
2014008422;1;1;1;1;6;840;17/08/2014
2014008423;1;1;1;1;6;840;05/11/2014
2014008424;2;1;1;2;7;840;14/11/2014
2014008425;1;2;1;1;1;840;24/11/2014
2014008426;1;2;9;1;6;340;23/01/2014
2014008427;3;1;6;1;3;340;28/02/2014
2014008428;1;2;6;1;3;340;21/07/2014
2014008429;1;2;1;1;6;340;10/09/2014
2014008430;1;2;1;1;3;340;11/01/2014
2014008431;1;2;1;1;1;340;05/05/2014
2014008432;1;2;3;1;3;340;27/08/2014
2014008433;5;2;1;1;6;340;26/08/2014
2014008434;2;1;1;1;3;340;09/10/2014
2014008435;1;1;1;1;6;340;01/11/2014
2014008436;3;1;1;1;6;340;21/11/2014
2014008437;5;2;9;1;1;340;15/12/2014
2014008438;2;1;1;1;1;340;25/02/2014
2014008439;1;2;1;1;6;340;06/04/2014
2014008440;5;2;3;1;3;340;03/05/2014
2014008441;1;2;1;1;7;340;02/02/2014
2014008442;1;2;1;1;1;340;14/06/2014
2014008443;5;2;1;1;6;340;27/07/2014
2014008444;5;2;1;1;3;340;09/08/2014
2014008445;3;1;1;1;6;340;13/10/2014
2014008446;5;2;1;1;6;340;31/10/2014
2014008447;1;1;1;2;6;340;30/01/2014
2014008448;3;1;1;1;7;340;25/01/2014
2014008449;3;1;1;1;6;340;24/02/2014
2014008450;5;2;1;1;6;340;16/03/2014
2014008451;1;1;9;1;3;340;23/04/2014
2014008452;1;2;1;1;6;340;05/05/2014
2014008453;1;1;1;1;1;340;06/05/2014
2014008454;1;1;1;1;6;340;08/06/2014
2014008455;2;1;1;1;6;340;16/06/2014
2014008456;1;1;1;1;1;340;14/07/2014
2014008457;1;2;2;1;3;340;19/07/2014
2014008458;1;2;2;1;3;340;31/07/2014
2014008459;1;1;1;1;1;340;18/08/2014
2014008460;1;2;2;1;3;340;28/08/2014
2014008461;1;2;1;1;1;340;17/09/2014
2014008462;3;1;1;1;1;340;21/11/2014
2014008463;1;1;2;1;3;340;07/12/2014
2014008464;5;2;1;6;6;340;30/12/2014
2014008465;2;2;1;9;1;340;07/01/2014
2014008466;2;1;9;5;5;340;11/04/2014
2014008467;1;1;1;1;1;340;19/06/2014
2014008468;1;1;1;1;3;340;25/06/2014
2014008469;1;1;1;1;1;340;03/10/2014
2014008470;1;1;1;1;5;340;17/10/2014
2014008471;1;1;1;1;3;340;13/06/2014
2014008472;1;1;1;1;6;340;04/08/2014
2014008473;1;1;9;1;3;340;16/08/2014
2014008474;3;1;1;2;7;340;29/11/2014
2014008475;2;2;1;1;6;340;29/12/2014
2014008476;5;2;1;1;6;340;11/05/2014
2014008477;1;1;1;1;3;340;17/05/2014
2014008478;1;1;1;1;6;340;08/06/2014
2014008479;2;1;1;1;7;340;22/06/2014
2014008480;1;2;1;1;6;340;17/07/2014
2014008481;1;2;1;1;1;340;09/08/2014
2014008482;1;1;1;1;6;340;06/11/2014
2014008483;2;1;1;8;1;340;01/12/2014
2014008484;5;1;1;8;6;340;02/12/2014
2014008485;5;2;1;1;6;340;10/01/2014
2014008486;1;1;1;1;6;340;30/01/2014
2014008487;1;1;1;1;3;340;09/02/2014
2014008488;1;1;1;1;6;340;12/04/2014
2014008489;1;2;1;1;7;;16/05/2014
2014008490;1;2;1;1;6;340;18/05/2014
2014008491;1;2;1;1;6;340;17/05/2014
2014008492;1;2;1;1;1;340;02/07/2014
2014008493;2;1;1;1;6;340;25/06/2014
2014008494;3;1;1;1;6;340;06/07/2014
2014008495;1;1;1;1;3;340;07/08/2014
2014008496;1;1;1;1;5;340;27/08/2014
2014008497;5;2;1;1;3;340;12/12/2014
2014008498;5;2;1;1;6;340;14/12/2014
2014008499;3;1;1;1;6;340;20/12/2014
2014008500;3;1;1;2;6;340;04/01/2014
2014008501;2;1;1;1;2;340;02/01/2014
2014008502;1;1;1;1;7;340;18/02/2014
2014008503;1;2;1;1;3;340;20/06/2014
2014008504;1;1;1;1;1;340;18/08/2014
2014008505;1;1;1;1;1;340;23/08/2014
2014008506;1;1;1;1;6;340;18/09/2014
2014008507;1;1;1;1;1;340;15/10/2014
2014008508;1;2;1;1;3;340;24/09/2014
2014008509;1;1;1;7;3;340;24/12/2014
2014008510;1;2;1;1;6;340;27/06/2014
2014008511;1;2;1;1;1;340;21/08/2014
2014008512;1;2;1;1;3;340;26/10/2014
2014008513;3;1;1;1;7;340;01/11/2014
2014008514;1;1;1;1;7;340;19/04/2014
2014008515;5;2;1;2;6;340;27/04/2014
2014008516;1;2;1;1;6;340;30/05/2014
2014008517;1;1;1;1;7;340;08/06/2014
2014008518;1;1;1;1;1;340;09/08/2014
2014008519;2;1;1;1;6;340;06/09/2014
2014008520;1;1;6;1;6;340;09/02/2014
2014008521;3;1;1;1;7;340;12/03/2014
2014008522;1;1;1;1;7;340;04/05/2014
2014008523;1;1;3;1;5;340;12/08/2014
2014008524;1;1;1;1;6;340;21/08/2014
2014008525;1;1;1;1;6;340;25/08/2014
2014008526;1;1;1;1;1;340;13/10/2014
2014008527;3;1;1;1;1;340;16/10/2014
2014008528;1;2;1;1;6;340;08/03/2014
2014008529;3;1;1;1;7;340;12/04/2014
2014008530;3;1;1;1;4;340;24/07/2014
2014008531;1;1;1;1;3;340;20/08/2014
2014008532;1;2;6;1;3;340;25/08/2014
2014008533;1;1;1;1;3;340;30/08/2014
2014008534;3;1;9;1;3;340;24/10/2014
2014008535;3;2;1;1;6;340;25/11/2014
2014008536;3;1;1;1;5;340;06/12/2014
2014008537;3;1;1;1;6;340;17/08/2014
2014008538;1;2;1;1;1;340;01/06/2014
2014008539;1;1;1;1;1;340;16/06/2014
2014008540;1;1;1;1;3;340;30/07/2014
2014008541;1;2;1;1;3;340;11/09/2014
2014008542;1;1;1;9;7;340;22/03/2014
2014008543;5;2;1;1;6;340;04/04/2014
2014008544;1;2;6;1;3;340;01/05/2014
2014008545;3;1;1;1;6;340;09/05/2014
2014008546;1;1;1;1;7;340;25/05/2014
2014008547;1;1;1;1;2;340;15/08/2014
2014008548;1;1;1;1;2;340;29/08/2014
2014008549;5;2;1;1;3;340;11/02/2014
2014008550;3;1;1;1;6;340;01/03/2014
2014008551;3;1;1;1;3;340;11/03/2014
2014008552;1;1;1;1;1;340;18/12/2014
2014008553;1;1;1;8;1;340;04/01/2014
2014008554;1;1;1;1;3;340;14/04/2014
2014008555;1;1;9;1;7;340;14/05/2014
2014008556;1;2;1;1;3;340;24/06/2014
2014008557;1;1;1;1;1;340;23/07/2014
2014008558;2;2;1;1;6;340;11/09/2014
2014008559;1;1;1;1;7;340;02/12/2014
2014008560;1;1;1;1;7;110;24/09/2014
2014008561;1;1;1;1;2;110;11/12/2014
2014008562;1;1;1;6;6;110;24/02/2014
2014008563;1;1;1;1;7;110;01/03/2014
2014008564;1;1;1;1;6;110;07/05/2014
2014008565;1;1;1;1;7;110;08/05/2014
2014008566;1;2;1;1;6;110;25/05/2014
2014008567;3;1;1;1;1;110;24/05/2014
2014008568;3;1;1;8;6;110;02/08/2014
2014008569;3;1;1;1;6;110;31/08/2014
2014008570;1;1;1;1;7;110;03/09/2014
2014008571;1;1;1;1;6;110;06/10/2014
2014008572;2;2;1;7;6;110;06/11/2014
2014008573;1;1;1;1;3;110;14/05/2014
2014008574;3;1;1;1;6;110;25/07/2014
2014008575;3;1;1;1;6;110;28/10/2014
2014008576;1;2;1;1;2;110;18/11/2014
2014008577;1;1;1;1;7;110;06/02/2014
2014008578;3;1;1;1;7;110;16/02/2014
2014008579;1;1;1;1;6;110;28/03/2014
2014008580;1;1;1;1;5;110;07/05/2014
2014008581;4;2;6;1;6;110;05/06/2014
2014008582;1;1;1;1;1;110;30/06/2014
2014008583;1;1;1;1;6;110;31/07/2014
2014008584;1;1;1;1;1;110;02/09/2014
2014008585;3;1;1;1;6;110;30/10/2014
2014008586;3;1;1;1;6;110;12/11/2014
2014008587;3;1;1;2;7;110;23/11/2014
2014008588;1;2;1;1;6;110;21/01/2014
2014008589;2;1;1;1;1;110;12/02/2014
2014008590;1;2;1;1;1;110;28/04/2014
2014008591;1;1;1;2;5;110;23/06/2014
2014008592;5;2;1;1;6;110;26/09/2014
2014008593;1;1;1;1;6;110;17/10/2014
2014008594;5;2;1;1;6;110;18/10/2014
2014008595;1;2;1;1;1;110;18/10/2014
2014008596;1;1;1;1;6;110;18/10/2014
2014008597;3;1;1;3;7;110;30/11/2014
2014008598;1;1;1;2;6;110;17/12/2014
2014008599;3;1;1;1;3;110;07/01/2014
2014008600;1;1;1;1;2;110;11/02/2014
2014008601;1;1;1;1;6;110;25/02/2014
2014008602;2;1;1;2;6;110;27/04/2014
2014008603;1;2;1;1;1;110;20/05/2014
2014008604;1;1;1;1;3;110;16/06/2014
2014008605;2;1;1;8;6;110;02/07/2014
2014008606;1;1;1;1;6;110;05/07/2014
2014008607;3;1;1;1;5;110;26/07/2014
2014008608;1;1;1;1;6;110;27/08/2014
2014008609;1;1;1;1;6;110;15/09/2014
2014008610;3;1;1;1;1;110;24/09/2014
2014008611;1;2;1;1;6;110;09/10/2014
2014008612;3;1;8;3;1;110;30/11/2014
2014008613;1;1;1;2;1;110;01/12/2014
2014008614;3;1;1;1;6;110;14/12/2014
2014008615;1;1;1;1;1;110;15/05/2014
2014008616;1;1;1;1;7;110;20/05/2014
2014008617;1;1;1;6;1;110;20/05/2014
2014008618;1;1;1;1;1;110;10/06/2014
2014008619;3;1;1;1;1;110;17/11/2014
2014008620;5;2;1;1;1;110;09/03/2014
2014008621;1;1;1;1;5;110;28/05/2014
2014008622;1;2;1;1;6;110;14/05/2014
2014008623;1;2;3;1;3;110;14/07/2014
2014008624;1;2;3;1;3;110;22/07/2014
2014008625;1;1;3;1;3;110;11/10/2014
2014008626;1;1;1;7;2;110;15/11/2014
2014008627;1;1;1;1;6;110;09/06/2014
2014008628;1;1;1;1;7;110;17/08/2014
2014008629;3;1;1;1;6;110;14/12/2014
2014008630;1;1;1;1;6;110;07/01/2014
2014008631;3;1;1;1;7;110;12/01/2014
2014008632;1;2;1;1;1;110;01/03/2014
2014008633;1;1;1;1;7;110;04/05/2014
2014008634;1;1;1;2;6;110;26/05/2014
2014008635;3;1;1;1;7;110;15/07/2014
2014008636;1;1;1;1;6;110;06/09/2014
2014008637;5;2;1;1;3;110;19/09/2014
2014008638;3;1;1;1;6;110;18/10/2014
2014008639;1;1;1;2;1;110;27/11/2014
2014008640;2;1;1;1;3;110;07/01/2014
2014008641;3;1;1;1;6;110;12/01/2014
2014008642;1;1;1;1;3;110;31/01/2014
2014008643;3;1;1;1;1;110;01/02/2014
2014008644;1;2;1;1;7;110;02/02/2014
2014008645;1;2;1;1;1;110;02/03/2014
2014008646;1;1;3;8;1;110;02/04/2014
2014008647;1;1;6;1;2;110;04/04/2014
2014008648;1;2;2;1;3;110;02/05/2014
2014008649;3;1;1;1;1;110;12/05/2014
2014008650;1;1;1;1;7;110;25/05/2014
2014008651;2;1;1;1;1;110;01/06/2014
2014008652;1;1;1;6;1;110;06/06/2014
2014008653;1;1;1;1;1;110;10/06/2014
2014008654;1;1;1;1;3;110;27/06/2014
2014008655;1;1;1;1;5;110;18/07/2014
2014008656;1;1;1;1;6;110;23/07/2014
2014008657;3;1;1;1;6;110;05/08/2014
2014008658;1;1;1;1;2;110;18/08/2014
2014008659;3;1;1;1;1;110;21/08/2014
2014008660;1;2;1;1;6;110;04/09/2014
2014008661;1;2;1;1;7;110;09/09/2014
2014008662;3;1;1;2;6;110;05/10/2014
2014008663;3;1;1;1;4;110;26/10/2014
2014008664;1;2;1;2;1;110;15/12/2014
2014008665;1;1;1;1;1;110;04/08/2014
2014008666;1;1;1;1;6;110;26/09/2014
2014008667;1;2;1;1;6;110;17/02/2014
2014008668;1;1;2;1;3;110;03/03/2014
2014008669;3;1;1;1;7;110;27/04/2014
2014008670;1;1;1;1;6;110;03/07/2014
2014008671;5;1;1;1;6;110;06/07/2014
2014008672;1;2;2;1;3;110;30/06/2014
2014008673;3;1;1;1;6;110;13/07/2014
2014008674;1;1;1;1;3;110;14/07/2014
2014008675;1;1;1;1;1;110;25/07/2014
2014008676;1;1;1;8;3;110;01/08/2014
2014008677;1;2;2;1;3;110;27/08/2014
2014008678;1;1;1;1;3;110;11/09/2014
2014008679;1;1;2;1;3;110;08/11/2014
2014008680;2;2;1;2;1;110;26/11/2014
2014008681;1;1;1;1;1;110;10/12/2014
2014008682;1;1;1;1;1;110;25/01/2014
2014008683;1;1;1;1;6;110;31/05/2014
2014008684;3;1;1;1;7;110;22/07/2014
2014008685;3;1;6;1;7;300;11/03/2014
2014008686;3;2;1;1;1;300;25/04/2014
2014008687;1;2;1;1;2;300;06/05/2014
2014008688;1;1;1;1;6;300;22/06/2014
2014008689;2;1;6;1;6;300;11/07/2014
2014008690;2;2;1;1;3;300;15/07/2014
2014008691;3;1;1;1;3;300;31/07/2014
2014008692;1;1;1;1;2;300;16/08/2014
2014008693;1;1;6;1;1;300;19/08/2014
2014008694;3;1;1;1;6;300;23/08/2014
2014008695;1;1;1;1;3;300;25/08/2014
2014008696;1;2;1;1;3;300;06/09/2014
2014008697;1;1;1;3;2;300;06/12/2014
2014008698;5;2;1;1;7;300;07/12/2014
2014008699;3;1;1;1;7;300;02/01/2014
2014008700;2;1;1;8;1;300;17/01/2014
2014008701;3;1;1;1;7;300;08/03/2014
2014008702;1;2;1;1;3;300;10/03/2014
2014008703;3;2;1;1;1;300;07/05/2014
2014008704;1;1;6;1;6;300;28/05/2014
2014008705;1;1;1;1;3;300;16/05/2014
2014008706;1;2;1;6;6;300;04/07/2014
2014008707;3;1;1;1;6;300;20/07/2014
2014008708;1;1;1;1;3;300;21/07/2014
2014008709;5;2;1;1;6;300;03/10/2014
2014008710;2;1;1;1;1;300;28/10/2014
2014008711;3;1;1;1;1;300;12/11/2014
2014008712;1;2;1;1;3;300;20/12/2014
2014008713;1;1;6;1;3;300;28/03/2014
2014008714;3;1;1;1;7;300;11/04/2014
2014008715;1;1;1;1;3;300;22/04/2014
2014008716;1;2;1;1;2;300;16/05/2014
2014008717;1;2;1;1;3;300;29/05/2014
2014008718;1;2;1;1;3;300;05/06/2014
2014008719;1;1;1;8;1;300;15/09/2014
2014008720;1;2;2;1;3;300;26/09/2014
2014008721;5;2;1;1;1;300;22/10/2014
2014008722;1;2;1;1;1;300;10/03/2014
2014008723;1;1;1;1;7;300;18/05/2014
2014008724;3;1;1;1;3;300;22/06/2014
2014008725;3;1;1;1;7;300;02/08/2014
2014008726;1;1;1;1;6;300;02/01/2014
2014008727;3;1;1;9;7;300;31/01/2014
2014008728;1;1;1;1;3;300;11/03/2014
2014008729;1;2;1;1;6;300;05/04/2014
2014008730;5;1;1;1;2;300;10/04/2014
2014008731;1;1;1;6;7;300;21/05/2014
2014008732;3;1;1;2;6;300;31/05/2014
2014008733;2;1;1;1;1;300;08/06/2014