num_acc;lum;agg;inter;atm;col;dep;date
2014010490;1;2;1;1;2;60;16/12/2014
2014010491;1;2;1;1;6;60;15/12/2014
2014010492;1;2;1;1;6;60;18/12/2014
2014010493;1;2;1;1;6;60;19/12/2014
2014010494;1;2;1;1;6;60;20/12/2014
2014010495;1;2;1;1;6;60;20/12/2014
2014010496;1;2;1;1;3;60;29/12/2014
2014010497;1;2;1;1;2;60;30/12/2014
2014010498;1;2;1;2;7;60;02/01/2014
2014010499;1;2;1;1;2;60;03/01/2014
2014010500;5;2;1;1;7;60;07/01/2014
2014010501;1;2;1;1;7;60;10/01/2014
2014010502;1;2;1;1;7;60;14/01/2014
2014010503;2;2;1;2;2;60;16/01/2014
2014010504;1;2;1;2;7;60;17/01/2014
2014010505;5;2;1;2;6;60;18/01/2014
2014010506;5;2;6;2;3;60;19/01/2014
2014010507;5;2;1;1;7;60;20/01/2014
2014010508;1;2;1;1;2;60;22/01/2014
2014010509;1;2;1;1;7;60;25/01/2014
2014010510;1;2;1;1;6;60;28/01/2014
2014010511;2;2;1;3;6;60;29/01/2014
2014010512;1;2;1;2;6;60;30/01/2014
2014010513;1;2;6;1;3;60;31/01/2014
2014010514;1;2;1;1;3;60;31/01/2014
2014010515;1;1;1;1;7;60;03/02/2014
2014010516;2;2;1;2;7;60;03/02/2014
2014010517;1;1;1;8;2;60;04/02/2014
2014010518;2;2;1;8;7;60;06/02/2014
2014010519;2;2;1;1;7;60;06/02/2014
2014010520;1;2;1;2;2;60;08/02/2014
2014010521;1;2;2;1;3;60;11/02/2014
2014010522;1;2;1;1;6;60;11/02/2014
2014010523;1;2;1;1;6;60;13/02/2014
2014010524;1;2;1;1;2;60;14/02/2014
2014010525;5;2;4;1;3;60;14/02/2014
2014010526;5;2;1;1;2;60;14/02/2014
2014010527;1;2;1;6;1;60;15/02/2014
2014010528;1;2;1;1;7;60;20/02/2014
2014010529;1;2;1;1;3;60;21/02/2014
2014010530;2;2;1;1;6;60;21/02/2014
2014010531;5;2;1;1;7;60;21/02/2014
2014010532;1;2;1;1;2;60;24/02/2014
2014010533;1;2;1;7;6;60;25/02/2014
2014010534;1;2;1;8;6;60;26/02/2014
2014010535;1;2;1;3;1;60;28/02/2014
2014010536;1;1;1;1;1;60;28/02/2014
2014010537;1;2;1;1;4;60;01/03/2014
2014010538;1;2;1;1;7;60;10/03/2014
2014010539;1;2;1;1;6;60;09/03/2014
2014010540;1;2;1;1;6;60;10/03/2014
2014010541;2;2;1;1;6;60;13/03/2014
2014010542;1;2;1;1;2;60;13/03/2014
2014010543;1;2;1;1;1;60;13/03/2014
2014010544;2;2;1;1;6;60;13/03/2014
2014010545;4;2;1;1;3;60;14/03/2014
2014010546;1;2;1;1;1;60;18/03/2014
2014010547;1;2;1;1;2;60;19/03/2014
2014010548;1;2;1;1;2;60;19/03/2014
2014010549;1;2;1;1;6;60;23/03/2014
2014010550;5;2;1;1;3;60;24/03/2014
2014010551;1;2;1;1;6;60;28/03/2014
2014010552;1;2;1;1;6;60;28/03/2014
2014010553;1;2;1;1;6;60;29/03/2014
2014010554;1;2;1;1;2;60;02/04/2014
2014010555;1;2;1;1;6;60;04/04/2014
2014010556;2;2;1;1;7;60;04/04/2014
2014010557;5;2;1;1;6;60;05/04/2014
2014010558;1;2;1;1;7;60;07/04/2014
2014010559;1;2;1;1;6;60;08/04/2014
2014010560;5;2;1;1;6;60;08/04/2014
2014010561;1;2;1;1;6;60;09/04/2014
2014010562;1;2;1;1;6;60;09/04/2014
2014010563;1;2;1;1;2;60;09/04/2014
2014010564;1;2;1;1;2;60;09/04/2014
2014010565;1;2;1;1;1;60;14/04/2014
2014010566;2;2;1;1;7;60;14/04/2014
2014010567;1;2;1;1;6;60;17/04/2014
2014010568;1;2;1;1;2;60;18/04/2014
2014010569;1;2;1;1;6;60;18/04/2014
2014010570;5;2;1;1;6;60;19/04/2014
2014010571;1;2;1;1;6;60;19/04/2014
2014010572;1;2;1;1;7;60;20/04/2014
2014010573;1;2;1;1;6;60;23/04/2014
2014010574;1;2;1;1;7;60;25/04/2014
2014010575;5;2;1;1;6;60;26/04/2014
2014010576;1;2;1;1;1;60;29/04/2014
2014010577;2;2;1;1;3;60;30/04/2014
2014010578;5;2;1;1;7;60;01/05/2014
2014010579;1;2;1;1;6;60;02/05/2014
2014010580;1;2;1;1;3;60;07/05/2014
2014010581;1;2;1;1;3;60;07/05/2014
2014010582;1;2;1;1;6;60;07/05/2014
2014010583;1;2;1;1;3;60;07/05/2014
2014010584;1;2;1;7;6;60;09/05/2014
2014010585;1;2;1;1;1;60;14/05/2014
2014010586;2;2;3;1;5;60;14/05/2014
2014010587;1;2;1;1;1;60;14/05/2014
2014010588;1;2;1;1;6;60;16/05/2014
2014010589;1;2;1;1;7;60;16/05/2014
2014010590;1;2;1;1;5;60;16/05/2014
2014010591;1;2;1;7;3;60;17/05/2014
2014010592;1;2;1;1;5;60;19/05/2014
2014010593;1;2;1;1;3;60;20/05/2014
2014010594;1;2;1;1;2;60;21/05/2014
2014010595;3;2;1;1;1;60;23/05/2014
2014010596;1;2;1;1;2;60;23/05/2014
2014010597;1;2;1;1;2;60;25/05/2014
2014010598;1;2;1;1;3;60;26/05/2014
2014010599;1;2;1;1;3;60;27/05/2014
2014010600;1;2;1;1;4;60;28/05/2014
2014010601;1;2;1;1;7;60;28/05/2014
2014010602;1;2;1;1;2;60;28/05/2014
2014010603;1;2;1;1;7;60;29/05/2014
2014010604;1;2;1;1;3;60;30/05/2014
2014010605;1;2;1;1;3;60;31/05/2014
2014010606;1;2;1;1;2;60;02/06/2014
2014010607;1;2;1;1;6;60;03/06/2014
2014010608;1;2;1;1;7;60;03/06/2014
2014010609;1;2;1;1;6;60;04/06/2014
2014010610;1;2;1;1;3;60;05/06/2014
2014010611;1;2;1;1;7;60;05/06/2014
2014010612;1;2;1;1;2;60;06/06/2014
2014010613;1;2;1;1;2;60;08/06/2014
2014010614;1;2;1;1;6;60;10/06/2014
2014010615;1;2;1;1;6;60;12/06/2014
2014010616;1;2;1;1;2;60;12/06/2014
2014010617;1;2;1;1;3;60;13/06/2014
2014010618;1;2;1;1;3;60;16/06/2014
2014010619;1;2;1;1;2;60;17/06/2014
2014010620;1;2;1;1;1;60;19/06/2014
2014010621;1;2;1;1;5;60;18/06/2014
2014010622;1;2;1;1;7;60;20/06/2014
2014010623;5;1;1;1;7;60;21/06/2014
2014010624;1;2;1;1;7;60;23/06/2014
2014010625;1;2;1;1;3;60;23/06/2014
2014010626;1;2;1;1;6;60;24/06/2014
2014010627;1;2;1;1;6;60;26/06/2014
2014010628;1;2;1;1;6;60;26/06/2014
2014010629;1;2;6;1;7;60;27/06/2014
2014010630;1;2;1;1;1;60;29/06/2014
2014010631;1;2;1;1;6;60;01/07/2014
2014010632;5;2;1;1;6;60;04/07/2014
2014010633;5;2;1;1;7;60;06/07/2014
2014010634;1;2;1;1;7;60;06/07/2014
2014010635;2;2;1;1;6;60;08/07/2014
2014010636;1;2;1;1;6;60;11/07/2014
2014010637;1;2;1;1;6;60;14/07/2014
2014010638;1;2;1;1;1;60;14/07/2014
2014010639;1;2;1;1;2;60;15/07/2014
2014010640;1;2;1;1;3;60;16/07/2014
2014010641;1;2;1;1;1;60;17/07/2014
2014010642;1;2;3;1;3;60;20/07/2014
2014010643;1;2;1;1;7;60;25/07/2014
2014010644;1;2;1;1;7;60;26/07/2014
2014010645;1;2;1;1;3;60;27/07/2014
2014010646;1;2;1;1;3;60;28/07/2014
2014010647;1;2;1;1;1;60;02/08/2014
2014010648;1;2;1;1;3;60;02/08/2014
2014010649;1;2;1;1;7;60;05/08/2014
2014010650;1;2;1;1;7;60;08/08/2014
2014010651;5;2;1;1;6;60;11/08/2014
2014010652;1;2;1;1;3;60;12/08/2014
2014010653;1;2;1;1;7;60;12/08/2014
2014010654;1;2;1;1;2;60;14/08/2014
2014010655;1;2;1;1;7;60;17/08/2014
2014010656;1;2;1;1;7;60;18/08/2014
2014010657;5;2;1;1;7;60;19/08/2014
2014010658;1;2;1;1;6;60;23/08/2014
2014010659;1;2;1;1;2;60;25/08/2014
2014010660;2;2;1;1;2;60;25/08/2014
2014010661;1;2;1;1;6;60;30/08/2014
2014010662;1;2;1;1;1;60;31/08/2014
2014010663;1;2;6;1;3;60;31/08/2014
2014010664;2;2;1;1;3;60;31/08/2014
2014010665;1;2;1;1;6;60;01/09/2014
2014010666;1;2;1;1;6;60;02/09/2014
2014010667;1;2;1;1;7;60;03/09/2014
2014010668;1;2;1;1;3;60;04/09/2014
2014010669;2;2;1;1;7;60;05/09/2014
2014010670;1;2;1;1;1;60;07/09/2014
2014010671;1;2;1;1;6;60;05/09/2014
2014010672;1;2;1;1;6;60;10/09/2014
2014010673;1;2;1;1;7;60;10/09/2014
2014010674;1;2;1;1;6;60;10/09/2014
2014010675;1;2;1;1;1;60;13/09/2014
2014010676;1;2;1;2;7;60;15/09/2014
2014010677;1;2;1;3;6;60;15/09/2014
2014010678;1;2;1;2;7;60;15/09/2014
2014010679;1;2;1;1;3;60;19/09/2014
2014010680;1;2;1;1;7;60;21/09/2014
2014010681;3;2;1;1;5;60;19/09/2014
2014010682;1;2;1;1;1;60;19/09/2014
2014010683;5;2;1;1;6;60;23/09/2014
2014010684;1;2;1;1;2;60;24/09/2014
2014010685;1;2;1;1;3;60;24/09/2014
2014010686;1;2;3;1;3;60;25/09/2014
2014010687;1;2;1;1;7;60;26/09/2014
2014010688;5;2;1;1;7;60;27/09/2014
2014010689;1;2;1;3;1;60;30/09/2014
2014010690;1;2;1;1;2;60;01/10/2014
2014010691;1;2;1;1;3;60;02/10/2014
2014010692;1;2;1;1;6;60;03/10/2014
2014010693;1;1;1;1;1;60;04/10/2014
2014010694;1;2;1;3;6;60;05/10/2014
2014010695;1;2;1;1;7;60;06/10/2014
2014010696;2;2;3;2;3;60;06/10/2014
2014010697;1;2;1;2;6;60;07/10/2014
2014010698;1;2;1;1;3;60;07/10/2014
2014010699;1;2;1;2;7;60;08/10/2014
2014010700;1;2;1;1;6;60;08/10/2014
2014010701;1;1;1;1;3;60;10/10/2014
2014010702;1;2;1;8;6;60;11/10/2014
2014010703;1;2;1;2;2;60;13/10/2014
2014010704;1;2;1;2;7;60;13/10/2014
2014010705;1;1;1;1;7;60;18/10/2014
2014010706;1;2;1;1;3;60;18/10/2014
2014010707;1;2;1;1;3;60;19/10/2014
2014010708;1;2;1;1;1;60;20/10/2014
2014010709;1;2;1;1;7;60;21/10/2014
2014010710;1;2;1;1;7;60;21/10/2014
2014010711;1;2;1;1;3;60;28/10/2014
2014010712;1;2;1;1;2;60;26/10/2014
2014010713;1;2;1;8;1;60;27/10/2014
2014010714;5;2;1;1;3;60;30/10/2014
2014010715;5;2;1;1;7;60;31/10/2014
2014010716;5;2;2;1;3;60;31/10/2014
2014010717;1;2;3;8;1;60;03/11/2014
2014010718;1;1;1;8;7;60;03/11/2014
2014010719;1;2;1;3;2;60;04/11/2014
2014010720;1;2;1;2;1;60;05/11/2014
2014010721;1;2;1;1;3;60;05/11/2014
2014010722;4;2;1;1;3;60;08/11/2014
2014010723;3;2;1;2;5;60;12/11/2014
2014010724;1;2;1;1;4;60;14/11/2014
2014010725;2;2;6;1;2;60;19/11/2014
2014010726;5;2;1;1;3;60;22/11/2014
2014010727;5;2;1;1;7;60;23/11/2014
2014010728;1;2;1;1;2;60;24/11/2014
2014010729;1;2;1;8;6;60;26/11/2014
2014010730;5;2;1;1;6;60;27/11/2014
2014010731;1;2;2;8;2;60;27/11/2014
2014010732;1;1;1;2;7;60;28/11/2014
2014010733;1;2;1;1;3;60;28/11/2014
2014010734;5;2;1;1;3;60;28/11/2014
2014010735;1;2;1;1;1;60;29/11/2014
2014010736;5;2;1;2;6;60;30/11/2014
2014010737;1;2;1;1;2;60;03/12/2014
2014010738;5;2;1;1;1;60;05/12/2014
2014010739;1;2;1;2;5;60;06/12/2014
2014010740;3;1;1;1;2;60;11/12/2014
2014010741;1;2;1;1;2;60;12/12/2014
2014010742;1;2;4;1;1;60;13/12/2014
2014010743;1;2;1;1;6;60;13/12/2014
2014010744;1;1;1;8;7;60;14/12/2014
2014010745;1;2;1;1;7;60;13/12/2014
2014010746;1;2;1;1;7;60;18/12/2014
2014010747;1;2;1;7;6;60;22/12/2014
2014010748;5;2;1;1;1;60;24/12/2014
2014010749;1;2;1;1;7;60;25/12/2014
2014010750;5;1;1;1;7;60;26/12/2014
2014010751;1;2;1;1;1;60;30/12/2014
2014010752;3;2;1;1;7;60;11/01/2014
2014010753;1;2;1;1;1;60;12/01/2014
2014010754;5;2;3;2;3;60;16/01/2014
2014010755;5;2;3;1;1;60;15/01/2014
2014010756;1;1;1;1;2;60;20/01/2014
2014010757;5;1;1;1;1;60;25/01/2014
2014010758;1;2;1;3;6;60;04/02/2014
2014010759;1;2;1;1;3;60;21/02/2014
2014010760;1;2;1;1;6;60;23/06/2014
2014010761;1;2;3;1;3;60;07/03/2014
2014010762;5;2;3;2;3;60;25/03/2014
2014010763;1;2;1;1;6;60;28/03/2014
2014010764;2;2;1;1;2;60;02/04/2014
2014010765;1;2;1;1;2;60;09/04/2014
2014010766;1;2;1;1;2;60;14/04/2014
2014010767;1;2;6;1;3;60;17/04/2014
2014010768;1;1;1;1;6;60;21/04/2014
2014010769;1;2;7;1;6;60;25/04/2014
2014010770;1;2;1;1;3;60;26/04/2014
2014010771;1;2;1;8;3;60;22/04/2014
2014010772;1;2;3;1;3;60;03/05/2014
2014010773;5;2;1;1;5;60;28/03/2014
2014010774;1;2;1;1;2;60;09/05/2014
2014010775;1;2;1;1;6;60;14/05/2014
2014010776;2;2;1;1;3;60;20/05/2014
2014010777;1;1;3;1;3;60;21/05/2014
2014010778;1;2;1;1;7;60;24/05/2014
2014010779;1;2;1;1;6;60;10/04/2014
2014010780;1;1;1;2;7;60;31/05/2014
2014010781;1;2;3;1;3;60;13/05/2014
2014010782;1;2;4;1;1;60;03/06/2014
2014010783;1;2;9;1;3;60;03/06/2014
2014010784;1;2;1;1;3;60;07/06/2014
2014010785;1;2;1;1;1;60;28/05/2014
2014010786;1;2;3;1;5;60;08/06/2014
2014010787;1;2;3;1;6;60;14/06/2014
2014010788;1;2;1;1;6;60;30/05/2014
2014010789;1;2;3;1;3;60;01/07/2014
2014010790;1;2;1;1;5;60;05/07/2014
2014010791;1;2;1;1;2;60;02/07/2014
2014010792;3;1;1;1;1;60;24/07/2014
2014010793;5;2;9;1;6;60;02/08/2014
2014010794;5;2;1;1;6;60;11/09/2014
2014010795;5;2;1;1;5;60;07/08/2014
2014010796;1;2;1;1;6;60;15/07/2014
2014010797;1;2;1;1;6;60;23/08/2014
2014010798;1;2;2;1;3;60;25/08/2014
2014010799;1;2;1;1;5;60;29/08/2014
2014010800;5;2;1;1;6;60;05/09/2014
2014010801;1;2;1;1;6;60;02/08/2014
2014010802;1;2;1;1;3;60;23/09/2014
2014010803;1;2;1;1;1;60;01/10/2014
2014010804;1;2;1;3;7;60;30/09/2014
2014010805;1;2;1;1;6;60;27/09/2014
2014010806;2;2;9;1;1;60;03/10/2014
2014010807;1;2;1;1;3;60;09/10/2014
2014010808;5;2;3;1;6;60;02/10/2014
2014010809;1;2;3;1;3;60;12/10/2014
2014010810;1;2;3;1;2;60;18/10/2014
2014010811;1;1;4;1;5;60;24/10/2014
2014010812;1;2;1;1;1;60;06/10/2014
2014010813;5;2;1;1;3;60;07/11/2014
2014010814;5;2;1;1;5;60;13/11/2014
2014010815;5;2;1;9;6;60;26/11/2014
2014010816;1;2;1;1;1;60;21/11/2014
2014010817;3;1;4;1;6;60;08/12/2014
2014010818;5;2;1;1;3;60;10/12/2014
2014010819;5;2;1;1;3;60;13/12/2014
2014010820;2;2;3;1;3;60;07/07/2014
2014010821;1;2;1;1;3;60;19/09/2014
2014010822;5;2;2;3;3;60;01/01/2014
2014010823;1;2;1;1;3;60;03/01/2014
2014010824;5;2;1;1;6;60;03/01/2014
2014010825;5;2;1;2;4;60;05/01/2014
2014010826;1;2;1;1;6;60;06/01/2014
2014010827;1;2;1;1;2;60;06/01/2014
2014010828;1;2;1;1;2;60;07/01/2014
2014010829;1;2;1;1;3;60;07/01/2014
2014010830;5;2;1;1;3;60;07/01/2014
2014010831;5;2;1;1;3;60;08/01/2014
2014010832;5;2;1;1;6;60;08/01/2014
2014010833;1;1;1;1;4;60;09/01/2014
2014010834;1;2;1;1;2;60;09/01/2014
2014010835;5;2;1;1;6;60;09/01/2014
2014010836;1;2;1;1;2;60;10/01/2014
2014010837;1;2;1;1;6;60;10/01/2014
2014010838;1;2;6;1;3;60;10/01/2014
2014010839;2;2;1;1;2;60;13/01/2014
2014010840;1;2;3;1;1;60;13/01/2014
2014010841;1;2;1;1;3;60;13/01/2014
2014010842;1;2;1;1;3;60;13/01/2014
2014010843;5;2;1;2;3;60;13/01/2014
2014010844;1;2;1;1;6;60;14/01/2014
2014010845;1;2;1;1;2;60;14/01/2014
2014010846;1;2;1;1;2;60;15/01/2014
2014010847;1;2;1;1;4;60;15/01/2014
2014010848;1;2;1;1;5;60;15/01/2014
2014010849;1;2;1;1;3;60;15/01/2014
2014010850;5;2;1;1;6;60;15/01/2014
2014010851;1;2;3;1;3;60;16/01/2014
2014010852;5;2;1;3;2;60;16/01/2014
2014010853;5;1;1;3;6;60;17/01/2014
2014010854;5;2;1;3;6;60;17/01/2014
2014010855;5;2;1;2;6;60;17/01/2014
2014010856;5;2;2;3;6;60;18/01/2014
2014010857;5;2;1;1;6;60;19/01/2014
2014010858;2;2;1;1;2;60;20/01/2014
2014010859;1;2;1;1;3;60;21/01/2014
2014010860;1;2;1;1;4;60;21/01/2014
2014010861;5;2;3;1;6;60;22/01/2014
2014010862;1;2;1;1;3;60;23/01/2014
2014010863;1;2;1;1;5;60;24/01/2014
2014010864;5;2;1;1;3;60;24/01/2014
2014010865;5;2;1;1;6;60;25/01/2014
2014010866;5;2;1;1;6;60;27/01/2014
2014010867;1;2;1;1;6;60;28/01/2014
2014010868;1;2;1;1;3;60;28/01/2014
2014010869;1;2;1;2;7;60;29/01/2014
2014010870;1;2;1;3;6;60;29/01/2014
2014010871;1;2;1;3;1;60;29/01/2014
2014010872;2;2;1;2;3;60;29/01/2014
2014010873;1;2;1;3;6;60;30/01/2014
2014010874;5;2;1;1;6;60;01/02/2014
2014010875;5;2;1;1;3;60;01/02/2014
2014010876;4;2;1;1;6;60;01/02/2014
2014010877;5;2;1;2;3;60;02/02/2014
2014010878;1;2;1;3;6;60;04/02/2014
2014010879;5;2;2;1;6;60;05/02/2014
2014010880;5;2;1;1;6;60;07/02/2014
2014010881;5;2;1;1;6;60;07/02/2014
2014010882;1;2;1;3;5;60;08/02/2014
2014010883;5;2;4;1;1;60;09/02/2014
2014010884;1;2;1;3;2;60;10/02/2014
2014010885;1;2;2;1;3;60;11/02/2014
2014010886;1;2;1;1;4;60;11/02/2014
2014010887;5;2;2;1;3;60;11/02/2014
2014010888;5;2;1;1;3;60;13/02/2014
2014010889;1;2;2;1;3;60;14/02/2014
2014010890;1;2;1;1;2;60;14/02/2014
2014010891;1;2;1;1;3;60;14/02/2014
2014010892;5;2;1;1;7;60;14/02/2014
2014010893;5;2;1;1;2;60;14/02/2014
2014010894;5;2;1;1;3;60;14/02/2014
2014010895;5;2;1;1;6;60;14/02/2014
2014010896;1;2;1;1;6;60;17/02/2014
2014010897;2;2;1;1;6;60;17/02/2014
2014010898;5;2;2;1;6;60;17/02/2014
2014010899;1;2;1;1;1;60;18/02/2014
2014010900;1;2;1;1;6;60;18/02/2014
2014010901;1;2;1;1;6;60;19/02/2014
2014010902;1;2;1;1;6;60;19/02/2014
2014010903;1;2;1;1;3;60;19/02/2014
2014010904;1;2;3;1;3;60;20/02/2014
2014010905;1;2;1;1;6;60;21/02/2014
2014010906;1;2;1;1;3;60;21/02/2014
2014010907;5;2;1;1;3;60;21/02/2014
2014010908;1;2;2;1;6;60;22/02/2014
2014010909;1;2;1;1;6;60;22/02/2014
2014010910;5;2;1;1;3;60;22/02/2014
2014010911;1;2;1;1;1;60;23/02/2014
2014010912;5;2;1;1;3;60;23/02/2014
2014010913;1;2;1;1;6;60;24/02/2014
2014010914;1;2;1;1;2;60;24/02/2014
2014010915;1;2;1;1;6;60;24/02/2014
2014010916;5;2;1;1;6;60;24/02/2014
2014010917;1;2;1;1;6;60;25/02/2014
2014010918;1;2;1;1;6;60;25/02/2014
2014010919;1;2;1;2;2;60;26/02/2014
2014010920;1;2;1;1;6;60;26/02/2014
2014010921;5;2;1;2;6;60;26/02/2014
2014010922;1;2;1;1;2;60;27/02/2014
2014010923;1;2;1;1;6;60;27/02/2014
2014010924;5;2;3;1;3;60;27/02/2014
2014010925;1;2;1;1;3;60;28/02/2014
2014010926;1;2;1;1;2;60;28/02/2014
2014010927;1;2;1;3;6;60;28/02/2014
2014010928;1;2;1;1;4;60;01/03/2014
2014010929;1;2;1;2;6;60;03/03/2014
2014010930;5;2;1;1;6;60;03/03/2014
2014010931;1;2;1;1;3;60;04/03/2014
2014010932;1;2;2;1;3;60;05/03/2014
2014010933;1;2;3;1;5;60;05/03/2014
2014010934;1;2;1;1;6;60;05/03/2014
2014010935;1;2;1;1;6;60;06/03/2014
2014010936;1;2;1;1;6;60;06/03/2014
2014010937;5;2;1;1;6;60;07/03/2014
2014010938;1;2;1;1;3;60;07/03/2014
2014010939;1;2;4;1;1;60;08/03/2014
2014010940;5;2;3;1;3;60;08/03/2014
2014010941;1;2;1;1;6;60;10/03/2014
2014010942;1;2;1;1;4;60;10/03/2014
2014010943;1;2;1;1;3;60;11/03/2014
2014010944;1;2;1;1;2;60;12/03/2014
2014010945;1;2;1;1;5;60;13/03/2014
2014010946;1;2;1;1;3;60;14/03/2014
2014010947;5;2;1;1;1;60;14/03/2014
2014010948;1;2;3;1;3;60;15/03/2014
2014010949;5;2;1;1;3;60;15/03/2014
2014010950;5;2;2;1;3;60;15/03/2014
2014010951;5;2;1;1;6;60;16/03/2014
2014010952;1;2;6;1;3;60;16/03/2014
2014010953;1;2;1;1;2;60;17/03/2014
2014010954;1;2;1;1;3;60;17/03/2014
2014010955;1;2;2;1;3;60;18/03/2014
2014010956;1;2;1;1;5;60;18/03/2014
2014010957;1;2;1;1;6;60;19/03/2014
2014010958;1;2;1;1;2;60;20/03/2014
2014010959;1;2;1;1;2;60;20/03/2014
2014010960;1;2;1;1;6;60;21/03/2014
2014010961;1;2;1;1;2;60;21/03/2014
2014010962;1;2;1;1;2;60;21/03/2014
2014010963;1;2;1;1;6;60;21/03/2014
2014010964;1;2;1;1;3;60;21/03/2014
2014010965;2;2;1;1;6;60;23/03/2014
2014010966;5;2;2;1;3;60;21/03/2014
2014010967;1;2;1;3;3;60;22/03/2014
2014010968;5;2;2;1;3;60;22/03/2014
2014010969;1;2;1;1;6;60;23/03/2014
2014010970;1;2;1;1;1;60;23/03/2014
2014010971;1;2;1;1;6;60;23/03/2014
2014010972;2;2;1;1;6;60;23/03/2014
2014010973;5;2;1;1;6;60;23/03/2014
2014010974;1;2;1;1;6;60;24/03/2014
2014010975;1;2;1;1;3;60;25/03/2014
2014010976;1;2;1;1;3;60;26/03/2014
2014010977;1;2;3;1;3;60;27/03/2014
2014010978;1;2;1;1;6;60;28/03/2014
2014010979;1;2;1;1;6;60;28/03/2014
2014010980;1;2;1;1;2;60;28/03/2014
2014010981;1;2;3;1;3;60;28/03/2014
2014010982;1;2;1;1;2;60;28/03/2014
2014010983;1;2;3;1;3;60;29/03/2014
2014010984;1;2;1;1;3;60;29/03/2014
2014010985;1;2;2;1;3;60;29/03/2014
2014010986;1;2;1;1;6;60;30/03/2014
2014010987;5;2;1;1;6;60;30/03/2014
2014010988;1;2;1;1;6;60;31/03/2014
2014010989;1;2;2;1;3;60;31/03/2014
2014010990;5;2;1;1;3;60;01/04/2014
2014010991;1;2;1;1;4;60;01/04/2014
2014010992;1;2;1;1;4;60;01/04/2014
2014010993;5;2;1;1;7;60;02/04/2014
2014010994;1;2;1;1;6;60;02/04/2014
2014010995;1;2;4;1;3;60;03/04/2014
2014010996;1;2;3;1;3;60;03/04/2014
2014010997;1;2;1;1;5;60;03/04/2014
2014010998;1;2;1;1;6;60;03/04/2014
2014010999;1;2;1;1;6;60;04/04/2014
2014011000;1;2;1;1;6;60;04/04/2014
2014011001;1;2;1;1;6;60;04/04/2014
2014011002;1;2;1;1;6;60;05/04/2014
2014011003;1;2;1;1;6;60;05/04/2014
2014011004;1;2;1;1;5;60;05/04/2014
2014011005;5;2;1;1;2;60;06/04/2014
2014011006;1;2;2;1;3;60;06/04/2014
2014011007;1;2;1;1;3;60;06/04/2014
2014011008;1;2;1;1;7;60;07/04/2014
2014011009;1;2;2;1;7;60;07/04/2014
2014011010;1;2;1;1;6;60;08/04/2014
2014011011;1;2;1;1;3;60;08/04/2014
2014011012;1;2;1;1;6;60;09/04/2014
2014011013;1;2;1;1;6;60;09/04/2014
2014011014;1;2;1;1;2;60;09/04/2014
2014011015;1;2;1;1;6;60;09/04/2014
2014011016;5;2;2;1;3;60;09/04/2014
2014011017;1;2;1;1;3;60;10/04/2014
2014011018;1;2;3;1;3;60;10/04/2014
2014011019;1;2;1;1;6;60;10/04/2014
2014011020;1;2;1;1;3;60;10/04/2014
2014011021;1;2;1;1;3;60;10/04/2014
2014011022;2;2;1;1;6;60;10/04/2014
2014011023;1;2;1;1;6;60;11/04/2014
2014011024;1;2;1;1;3;60;11/04/2014
2014011025;5;2;2;1;6;60;11/04/2014
2014011026;1;2;1;1;6;60;12/04/2014
2014011027;5;2;1;1;6;60;13/04/2014
2014011028;1;2;1;1;6;60;13/04/2014
2014011029;1;2;1;1;2;60;13/04/2014
2014011030;1;2;1;1;6;60;13/04/2014
2014011031;2;2;2;1;3;60;14/04/2014
2014011032;1;2;2;1;6;60;14/04/2014
2014011033;1;2;1;1;6;60;14/04/2014
2014011034;1;2;2;1;3;60;15/04/2014
2014011035;1;2;1;1;6;60;15/04/2014
2014011036;1;2;1;1;6;60;16/04/2014
2014011037;1;2;1;1;1;60;17/04/2014
2014011038;1;2;1;1;3;60;17/04/2014
2014011039;1;2;1;1;6;60;17/04/2014
2014011040;1;2;1;1;6;60;17/04/2014
2014011041;5;2;1;1;6;60;17/04/2014
2014011042;1;2;1;1;2;60;18/04/2014
2014011043;1;2;1;1;3;60;18/04/2014
2014011044;1;2;2;1;6;60;19/04/2014
2014011045;1;2;1;1;3;60;19/04/2014
2014011046;5;2;1;1;6;60;20/04/2014
2014011047;5;1;1;1;6;60;21/04/2014
2014011048;5;2;1;1;6;60;22/04/2014
2014011049;1;2;1;1;3;60;22/04/2014
2014011050;1;2;1;1;6;60;23/04/2014
2014011051;1;2;1;1;3;60;24/04/2014
2014011052;1;2;1;1;3;60;24/04/2014
2014011053;1;2;2;1;3;60;24/04/2014
2014011054;1;2;1;1;3;60;24/04/2014
2014011055;1;2;3;1;3;60;24/04/2014
2014011056;4;2;1;1;6;60;25/04/2014
2014011057;1;2;1;1;3;60;25/04/2014
2014011058;1;2;1;1;3;60;28/04/2014
2014011059;1;2;1;1;6;60;29/04/2014
2014011060;1;2;1;1;6;60;29/04/2014
2014011061;1;2;1;1;4;60;30/04/2014
2014011062;1;2;3;1;3;60;30/04/2014
2014011063;1;2;1;1;6;60;01/05/2014
2014011064;1;2;1;1;6;60;02/05/2014
2014011065;1;2;2;1;3;60;04/05/2014
2014011066;1;1;1;1;2;60;05/05/2014
2014011067;1;2;1;1;6;60;05/05/2014
2014011068;1;2;1;1;6;60;06/05/2014
2014011069;1;2;1;1;2;60;06/05/2014
2014011070;1;2;1;1;6;60;07/05/2014
2014011071;1;2;1;1;3;60;07/05/2014
2014011072;1;1;2;1;3;60;09/05/2014
2014011073;5;1;1;1;6;60;09/05/2014
2014011074;1;2;1;1;3;60;10/05/2014
2014011075;5;2;1;1;5;60;12/05/2014
2014011076;1;2;1;1;3;60;12/05/2014
2014011077;1;2;1;1;6;60;12/05/2014
2014011078;1;2;3;1;1;60;12/05/2014
2014011079;1;2;2;1;6;60;12/05/2014
2014011080;5;2;2;1;3;60;12/05/2014
2014011081;1;2;1;1;3;60;13/05/2014
2014011082;1;2;1;1;6;60;13/05/2014
2014011083;1;2;1;1;5;60;13/05/2014
2014011084;1;2;1;1;1;60;13/05/2014
2014011085;1;2;1;1;3;60;13/05/2014
2014011086;1;2;1;1;3;60;13/05/2014