num_acc;lum;agg;inter;atm;col;dep;date
2014012845;1;1;1;2;6;490;06/10/2014
2014012846;3;1;1;5;6;490;28/10/2014
2014012847;1;1;2;7;3;490;12/11/2014
2014012848;1;2;1;8;1;490;03/12/2014
2014012849;1;1;1;1;6;400;22/07/2014
2014012850;2;1;1;2;2;400;07/11/2014
2014012851;1;1;1;2;1;400;14/11/2014
2014012852;3;1;1;8;1;400;05/01/2014
2014012853;3;1;1;1;5;400;16/02/2014
2014012854;1;1;1;4;5;400;28/02/2014
2014012855;1;1;1;4;5;400;28/02/2014
2014012856;1;1;1;1;5;400;07/06/2014
2014012857;1;1;1;1;6;400;21/08/2014
2014012858;1;2;2;1;3;630;28/03/2014
2014012859;1;1;1;1;6;630;06/06/2014
2014012860;1;1;1;1;1;630;10/08/2014
2014012861;1;1;1;1;7;630;01/11/2014
2014012862;1;1;1;1;1;630;22/11/2014
2014012863;5;2;1;1;3;100;20/12/2014
2014012864;2;2;1;1;4;100;13/12/2014
2014012865;3;1;1;2;6;100;15/01/2014
2014012866;3;1;1;2;2;100;21/01/2014
2014012867;1;2;1;1;3;100;17/01/2014
2014012868;1;2;1;1;6;100;30/01/2014
2014012869;2;2;1;8;3;100;06/01/2014
2014012870;1;2;4;1;6;100;24/01/2014
2014012871;5;2;1;2;6;100;26/01/2014
2014012872;5;2;1;2;6;100;14/01/2014
2014012873;1;2;3;1;6;100;12/02/2014
2014012874;5;2;1;1;6;100;22/12/2014
2014012875;5;2;6;1;3;100;28/01/2014
2014012876;5;2;3;1;2;100;06/03/2014
2014012877;1;2;6;1;3;100;11/03/2014
2014012878;1;2;1;1;7;100;19/02/2014
2014012879;1;1;1;2;1;100;28/02/2014
2014012880;1;2;1;8;3;100;22/03/2014
2014012881;1;2;1;1;6;100;01/04/2014
2014012882;1;2;1;1;2;100;10/04/2014
2014012883;1;2;2;1;3;100;11/04/2014
2014012884;1;2;1;1;6;100;24/02/2014
2014012885;1;2;3;1;7;100;17/04/2014
2014012886;2;1;1;1;7;100;06/05/2014
2014012887;1;2;1;1;2;100;17/03/2014
2014012888;1;2;1;1;7;100;05/05/2014
2014012889;1;2;2;1;3;100;19/04/2014
2014012890;1;2;1;1;6;100;14/05/2014
2014012891;1;2;1;1;6;100;17/05/2014
2014012892;1;2;3;1;3;100;21/05/2014
2014012893;1;2;1;1;6;100;31/05/2014
2014012894;1;2;1;1;6;100;31/05/2014
2014012895;1;2;2;1;3;100;10/06/2014
2014012896;1;2;1;1;6;100;30/06/2014
2014012897;1;2;1;1;6;100;10/06/2014
2014012898;1;2;1;1;6;100;27/06/2014
2014012899;1;2;3;2;2;100;07/07/2014
2014012900;1;2;1;1;3;100;19/06/2014
2014012901;1;1;1;1;1;100;20/08/2014
2014012902;1;2;1;1;3;100;12/08/2014
2014012903;1;2;1;1;3;100;27/08/2014
2014012904;1;2;1;1;6;100;16/07/2014
2014012905;1;2;6;1;2;100;12/09/2014
2014012906;1;2;3;1;2;100;19/09/2014
2014012907;1;2;2;1;3;100;12/09/2014
2014012908;1;2;9;3;6;100;08/10/2014
2014012909;1;2;1;1;6;100;26/09/2014
2014012910;5;2;1;1;6;100;08/10/2014
2014012911;1;2;1;1;6;100;07/10/2014
2014012912;5;2;6;1;3;100;04/10/2014
2014012913;1;2;1;1;6;100;24/09/2014
2014012914;1;2;3;1;3;100;27/09/2014
2014012915;1;2;1;8;6;100;04/07/2014
2014012916;1;2;1;1;1;100;03/10/2014
2014012917;1;2;1;1;2;100;06/09/2014
2014012918;1;2;9;1;6;100;29/09/2014
2014012919;5;2;1;1;6;100;14/10/2014
2014012920;1;2;3;1;3;100;03/10/2014
2014012921;1;2;2;1;3;100;09/11/2014
2014012922;1;2;1;1;6;100;14/11/2014
2014012923;1;2;1;2;2;100;16/11/2014
2014012924;5;2;2;1;3;100;29/10/2014
2014012925;5;2;1;1;7;100;23/11/2014
2014012926;2;2;1;1;2;100;21/11/2014
2014012927;5;2;1;1;2;100;16/12/2014
2014012928;5;2;6;9;3;100;08/12/2014
2014012929;5;2;1;3;6;100;17/12/2014
2014012930;2;2;2;1;3;100;12/12/2014
2014012931;1;1;1;1;3;670;28/05/2014
2014012932;1;1;1;1;6;670;28/05/2014
2014012933;1;2;1;1;2;670;22/07/2014
2014012934;1;2;1;1;1;670;03/09/2014
2014012935;3;1;1;1;3;670;19/11/2014
2014012936;2;2;1;8;3;670;15/12/2014
2014012937;1;1;1;8;3;670;02/01/2014
2014012938;3;1;1;8;6;670;22/01/2014
2014012939;1;2;2;1;1;670;11/02/2014
2014012940;1;2;1;7;6;670;06/02/2014
2014012941;1;2;1;1;6;670;22/03/2014
2014012942;1;1;1;1;5;670;01/04/2014
2014012943;1;1;9;1;6;670;17/04/2014
2014012944;1;2;1;1;6;670;30/04/2014
2014012945;1;2;1;1;7;670;09/05/2014
2014012946;1;2;1;2;3;670;26/08/2014
2014012947;1;1;9;1;2;670;19/09/2014
2014012948;1;2;1;1;1;670;01/10/2014
2014012949;1;2;1;1;3;670;04/10/2014
2014012950;1;2;3;2;3;670;09/10/2014
2014012951;5;2;1;2;6;670;18/11/2014
2014012952;1;2;1;1;3;670;07/12/2014
2014012953;1;1;1;8;6;670;16/12/2014
2014012954;1;2;1;1;3;60;24/01/2014
2014012955;5;2;1;1;3;60;18/03/2014
2014012956;1;2;1;1;1;60;29/06/2014
2014012957;1;2;1;1;3;60;22/07/2014
2014012958;1;1;1;1;2;60;14/08/2014
2014012959;1;1;1;1;1;60;13/09/2014
2014012960;5;1;1;1;7;60;21/10/2014
2014012961;1;2;1;1;3;60;01/11/2014
2014012962;1;1;1;3;7;650;30/04/2014
2014012963;3;1;1;1;2;650;11/05/2014
2014012964;1;1;1;1;2;650;20/07/2014
2014012965;1;1;1;1;2;650;05/09/2014
2014012966;1;1;9;1;6;640;21/09/2014
2014012967;3;1;1;1;2;650;18/10/2014
2014012968;3;1;1;1;3;650;22/12/2014
2014012969;3;1;1;1;6;20;22/01/2014
2014012970;1;1;1;1;6;20;09/08/2014
2014012971;1;1;1;1;1;380;08/03/2014
2014012972;1;1;1;2;1;380;02/07/2014
2014012973;1;1;1;1;5;380;17/09/2014
2014012974;1;1;1;1;6;380;05/10/2014
2014012975;2;2;1;1;3;380;08/11/2014
2014012976;3;1;1;8;2;30;03/12/2014
2014012977;1;1;1;1;6;50;06/03/2014
2014012978;1;1;1;1;6;50;26/04/2014
2014012979;1;1;1;1;6;40;15/05/2014
2014012980;1;1;1;1;7;40;15/07/2014
2014012981;2;1;1;2;3;600;29/09/2014
2014012982;1;2;1;2;1;290;14/11/2014
2014012983;1;1;1;1;6;100;10/03/2014
2014012984;1;1;1;8;6;100;08/05/2014
2014012985;1;1;1;3;2;100;06/07/2014
2014012986;1;1;1;1;5;100;22/07/2014
2014012987;1;1;1;1;2;100;24/07/2014
2014012988;1;1;1;2;3;130;19/05/2014
2014012989;1;1;1;1;3;130;01/06/2014
2014012990;1;1;1;1;1;130;27/07/2014
2014012991;1;1;1;1;1;130;24/07/2014
2014012992;1;1;1;1;3;730;14/03/2014
2014012993;1;1;1;1;6;730;19/04/2014
2014012994;2;1;1;1;7;730;02/06/2014
2014012995;1;1;1;1;7;730;12/09/2014
2014012996;3;1;1;1;4;730;20/11/2014
2014012997;3;1;1;8;1;380;26/01/2014
2014012998;3;1;1;1;6;380;01/02/2014
2014012999;1;1;1;1;6;380;26/03/2014
2014013000;1;1;1;1;1;380;10/09/2014
2014013001;3;1;1;1;7;380;31/10/2014
2014013002;5;2;9;1;6;350;03/01/2014
2014013003;3;1;1;2;1;350;05/01/2014
2014013004;5;1;1;8;4;350;06/01/2014
2014013005;3;1;3;5;1;350;08/01/2014
2014013006;1;1;1;1;2;350;15/02/2014
2014013007;3;1;1;1;6;350;06/04/2014
2014013008;1;2;1;1;4;350;27/05/2014
2014013009;1;1;1;1;2;350;20/09/2014
2014013010;2;1;1;1;7;350;20/10/2014
2014013011;1;1;1;1;1;350;08/12/2014
2014013012;1;1;1;1;6;670;03/01/2014
2014013013;1;1;1;1;7;670;21/02/2014
2014013014;2;1;1;1;2;670;09/04/2014
2014013015;1;1;1;1;7;670;16/04/2014
2014013016;3;1;1;2;7;670;14/05/2014
2014013017;1;1;1;1;4;670;18/06/2014
2014013018;1;1;1;1;7;670;15/07/2014
2014013019;1;1;1;1;6;670;01/08/2014
2014013020;1;1;1;1;7;670;24/11/2014
2014013021;1;1;1;1;1;620;13/02/2014
2014013022;4;2;1;2;6;620;21/07/2014
2014013023;1;2;1;2;6;110;27/01/2014
2014013024;1;1;1;1;7;110;07/02/2014
2014013025;5;2;1;2;6;110;16/02/2014
2014013026;1;1;1;1;3;110;02/04/2014
2014013027;1;1;1;1;7;110;13/01/2014
2014013028;3;1;1;1;6;110;16/01/2014
2014013029;4;1;1;1;7;110;16/01/2014
2014013030;1;2;1;1;2;110;17/01/2014
2014013031;1;1;1;1;7;110;22/01/2014
2014013032;2;1;1;1;1;110;23/01/2014
2014013033;1;1;1;1;3;110;23/01/2014
2014013034;1;2;1;1;7;110;26/08/2014
2014013035;1;1;1;1;3;110;25/01/2014
2014013036;1;2;1;1;7;110;26/01/2014
2014013037;3;1;1;1;7;110;31/01/2014
2014013038;2;1;1;1;6;110;03/02/2014
2014013039;1;2;1;1;6;110;04/02/2014
2014013040;1;2;1;1;1;110;04/02/2014
2014013041;1;2;1;1;3;110;05/02/2014
2014013042;1;1;1;1;7;110;07/02/2014
2014013043;1;1;1;1;7;110;10/02/2014
2014013044;1;2;1;1;3;110;15/02/2014
2014013045;1;1;1;1;1;110;17/02/2014
2014013046;1;2;1;1;3;110;17/02/2014
2014013047;2;2;1;1;7;110;18/02/2014
2014013048;1;2;1;1;6;110;18/02/2014
2014013049;1;2;1;1;4;110;19/02/2014
2014013050;1;2;1;1;2;110;07/03/2014
2014013051;2;2;1;1;4;110;12/03/2014
2014013052;3;2;1;1;7;110;14/03/2014
2014013053;3;2;1;1;1;110;14/03/2014
2014013054;3;2;1;1;2;110;15/03/2014
2014013055;1;2;1;1;6;110;18/03/2014
2014013056;2;2;1;1;6;110;22/03/2014
2014013057;1;2;1;1;1;110;01/04/2014
2014013058;1;2;1;1;2;110;03/04/2014
2014013059;1;2;1;1;3;110;08/04/2014
2014013060;1;2;1;1;2;110;11/04/2014
2014013061;1;2;1;1;6;110;12/04/2014
2014013062;1;2;1;1;3;110;14/04/2014
2014013063;1;2;1;1;2;110;15/04/2014
2014013064;2;2;1;1;3;110;15/04/2014
2014013065;1;2;1;1;6;110;17/04/2014
2014013066;1;2;1;1;6;110;18/04/2014
2014013067;1;2;1;1;3;110;19/04/2014
2014013068;1;2;1;1;2;110;24/04/2014
2014013069;1;2;1;1;6;110;26/04/2014
2014013070;2;2;1;1;7;110;27/04/2014
2014013071;1;1;1;1;3;110;30/04/2014
2014013072;1;2;1;1;5;110;03/05/2014
2014013073;1;2;1;1;3;110;04/05/2014
2014013074;2;2;1;1;3;110;04/05/2014
2014013075;1;1;1;1;1;110;06/05/2014
2014013076;1;2;1;1;2;110;12/05/2014
2014013077;1;2;1;1;2;110;12/05/2014
2014013078;3;2;1;2;7;110;13/05/2014
2014013079;1;2;1;1;3;110;16/05/2014
2014013080;1;2;1;1;1;110;16/05/2014
2014013081;1;2;1;1;7;110;17/05/2014
2014013082;2;2;1;1;7;110;22/05/2014
2014013083;1;2;1;1;2;110;22/05/2014
2014013084;1;2;1;1;7;110;23/05/2014
2014013085;1;2;1;1;1;110;24/05/2014
2014013086;3;2;1;1;7;110;28/05/2014
2014013087;2;2;1;1;7;110;30/05/2014
2014013088;1;2;1;1;6;110;31/05/2014
2014013089;1;2;1;1;1;110;06/06/2014
2014013090;1;2;1;1;3;110;08/06/2014
2014013091;1;2;1;1;3;110;08/06/2014
2014013092;1;2;1;1;6;110;09/06/2014
2014013093;1;2;1;1;2;110;11/06/2014
2014013094;1;2;1;1;6;110;11/06/2014
2014013095;1;2;1;1;7;110;13/06/2014
2014013096;1;2;1;1;3;110;13/06/2014
2014013097;1;2;1;1;3;110;24/06/2014
2014013098;1;2;1;1;1;110;01/07/2014
2014013099;1;1;1;2;6;110;04/07/2014
2014013100;1;2;9;1;3;110;05/07/2014
2014013101;1;2;1;1;2;110;07/07/2014
2014013102;2;1;1;1;7;110;10/07/2014
2014013103;1;2;1;1;2;110;19/07/2014
2014013104;1;1;1;1;6;110;23/07/2014
2014013105;1;1;1;1;7;110;24/07/2014
2014013106;4;2;1;2;7;110;02/08/2014
2014013107;1;2;1;1;3;110;06/08/2014
2014013108;3;2;1;1;7;110;10/08/2014
2014013109;1;2;1;1;6;110;13/08/2014
2014013110;1;2;1;1;6;110;14/08/2014
2014013111;1;2;1;1;2;110;16/08/2014
2014013112;1;2;1;1;3;110;18/08/2014
2014013113;3;1;1;1;1;110;21/08/2014
2014013114;3;1;1;1;6;110;23/08/2014
2014013115;2;2;1;1;2;110;23/08/2014
2014013116;1;2;1;1;2;110;25/08/2014
2014013117;1;2;1;1;3;110;25/08/2014
2014013118;1;2;1;1;7;110;27/08/2014
2014013119;1;2;1;1;3;110;29/08/2014
2014013120;1;2;1;1;5;110;29/08/2014
2014013121;1;2;1;1;2;110;01/09/2014
2014013122;1;2;1;1;2;110;02/09/2014
2014013123;1;2;1;1;6;110;03/09/2014
2014013124;3;2;1;1;7;110;08/09/2014
2014013125;1;2;1;1;6;110;09/09/2014
2014013126;1;2;1;1;6;110;12/09/2014
2014013127;1;2;1;1;2;110;12/09/2014
2014013128;3;2;1;1;1;110;12/09/2014
2014013129;1;2;1;1;6;110;26/09/2014
2014013130;1;2;1;1;2;110;26/09/2014
2014013131;1;2;1;1;6;110;08/10/2014
2014013132;1;2;1;1;6;110;11/10/2014
2014013133;1;1;1;1;7;110;13/10/2014
2014013134;2;1;1;1;7;110;19/10/2014
2014013135;5;2;1;1;7;110;01/11/2014
2014013136;1;2;1;1;7;110;03/11/2014
2014013137;2;2;1;1;7;110;04/11/2014
2014013138;2;2;1;1;7;110;07/11/2014
2014013139;2;2;1;1;3;110;12/11/2014
2014013140;1;2;1;1;3;110;13/11/2014
2014013141;1;2;1;1;6;110;21/11/2014
2014013142;1;2;1;1;4;110;25/11/2014
2014013143;1;2;1;1;3;110;26/11/2014
2014013144;1;2;1;1;3;110;27/11/2014
2014013145;2;2;1;1;7;110;07/12/2014
2014013146;1;2;1;1;3;110;09/12/2014
2014013147;1;2;1;1;5;110;09/12/2014
2014013148;1;2;1;1;2;110;12/12/2014
2014013149;2;2;1;1;3;110;19/12/2014
2014013150;1;2;1;1;1;110;21/12/2014
2014013151;1;2;1;1;3;110;22/12/2014
2014013152;1;1;1;1;6;310;02/01/2014
2014013153;1;1;1;1;2;310;20/02/2014
2014013154;1;1;1;4;1;310;28/02/2014
2014013155;3;1;1;1;4;310;20/03/2014
2014013156;1;1;1;1;2;310;07/06/2014
2014013157;1;1;1;2;1;310;07/07/2014
2014013158;1;1;1;1;1;310;01/08/2014
2014013159;1;1;1;1;2;310;02/09/2014
2014013160;3;1;1;2;6;310;26/12/2014
2014013161;3;1;1;1;7;770;02/06/2014
2014013162;2;1;1;1;6;770;02/08/2014
2014013163;1;1;1;1;6;770;15/09/2014
2014013164;3;1;1;1;7;770;31/12/2014
2014013165;1;2;2;1;3;110;07/01/2014
2014013166;1;2;1;1;6;110;10/01/2014
2014013167;3;2;1;1;6;110;22/01/2014
2014013168;2;2;1;1;6;110;16/11/2014
2014013169;1;2;1;1;4;110;08/02/2014
2014013170;1;2;2;1;3;110;10/02/2014
2014013171;1;2;1;1;6;110;21/02/2014
2014013172;1;2;3;1;3;110;07/03/2014
2014013173;5;2;1;6;6;110;16/03/2014
2014013174;1;2;1;1;2;110;23/05/2014
2014013175;2;2;1;1;3;110;16/03/2014
2014013176;1;2;1;1;6;110;17/01/2014
2014013177;5;2;1;1;1;110;14/02/2014
2014013178;1;2;2;1;3;110;19/03/2014
2014013179;1;2;1;1;6;110;22/03/2014
2014013180;4;2;1;1;2;110;19/01/2014
2014013181;1;2;1;1;6;110;27/03/2014
2014013182;1;2;1;1;7;110;22/01/2014
2014013183;1;2;3;1;3;110;22/01/2014
2014013184;1;2;2;1;3;110;19/04/2014
2014013185;5;2;1;1;6;110;25/01/2014
2014013186;1;2;1;1;6;110;05/05/2014
2014013187;1;2;1;1;6;110;28/01/2014
2014013188;5;2;1;1;2;110;10/05/2014
2014013189;1;2;1;1;6;110;11/05/2014
2014013190;1;2;1;1;6;110;08/05/2014
2014013191;1;2;1;1;3;110;14/02/2014
2014013192;1;2;1;1;6;110;24/05/2014
2014013193;1;2;1;6;3;110;04/05/2014
2014013194;1;2;2;1;3;110;24/02/2014
2014013195;1;2;1;1;3;110;24/05/2014
2014013196;1;2;6;1;6;110;29/06/2014
2014013197;1;2;1;1;6;110;16/05/2014
2014013198;1;2;1;1;2;110;26/02/2014
2014013199;1;2;1;1;2;110;06/07/2014
2014013200;2;2;1;7;6;110;21/07/2014
2014013201;1;2;3;1;3;110;05/03/2014
2014013202;1;2;3;1;3;110;31/07/2014
2014013203;1;2;1;1;3;110;05/08/2014
2014013204;1;2;1;1;2;110;13/08/2014
2014013205;1;2;1;1;4;110;18/08/2014
2014013206;1;2;1;1;2;110;12/08/2014
2014013207;1;2;1;1;7;110;12/09/2014
2014013208;1;2;1;1;3;110;15/03/2014
2014013209;1;2;1;1;7;110;05/09/2014
2014013210;1;2;1;1;6;110;18/09/2014
2014013211;5;2;1;1;7;110;21/09/2014
2014013212;5;2;6;1;6;110;25/09/2014
2014013213;5;2;6;1;5;110;26/09/2014
2014013214;1;2;1;1;6;110;29/09/2014
2014013215;1;2;2;1;3;110;22/03/2014
2014013216;1;1;1;1;4;110;24/03/2014
2014013217;1;2;1;1;6;110;07/10/2014
2014013218;2;2;6;1;3;110;26/03/2014
2014013219;1;2;1;1;6;110;15/10/2014
2014013220;1;2;1;1;6;110;25/10/2014
2014013221;1;2;3;2;3;110;04/04/2014
2014013222;1;2;1;1;6;110;04/04/2014
2014013223;1;2;1;1;6;110;05/04/2014
2014013224;1;2;1;1;7;110;05/04/2014
2014013225;1;2;1;1;6;110;09/04/2014
2014013226;1;2;1;2;7;110;05/12/2014
2014013227;1;2;1;7;6;110;31/12/2014
2014013228;1;2;1;1;4;110;17/04/2014
2014013229;1;2;1;1;6;110;25/04/2014
2014013230;1;2;1;1;7;110;27/04/2014
2014013231;1;2;1;1;6;110;28/04/2014
2014013232;2;2;1;1;6;110;28/04/2014
2014013233;2;2;1;1;2;110;09/05/2014
2014013234;1;2;1;1;6;110;12/05/2014
2014013235;1;2;3;1;6;110;14/05/2014
2014013236;1;2;1;1;2;110;16/05/2014
2014013237;1;2;1;1;3;110;17/05/2014
2014013238;1;2;1;1;6;110;18/05/2014
2014013239;1;2;1;1;1;110;20/05/2014
2014013240;1;2;1;1;7;110;24/05/2014
2014013241;1;2;1;1;2;110;26/05/2014
2014013242;1;2;1;1;2;110;02/06/2014
2014013243;1;2;1;1;6;110;03/06/2014
2014013244;1;2;1;1;3;110;10/06/2014
2014013245;1;2;1;1;4;110;12/06/2014
2014013246;1;2;1;1;7;110;13/06/2014
2014013247;1;2;6;1;3;110;24/06/2014
2014013248;1;2;1;1;1;110;29/06/2014
2014013249;1;2;1;8;7;110;01/07/2014
2014013250;1;2;1;1;5;110;02/07/2014
2014013251;4;1;1;1;7;110;06/07/2014
2014013252;1;2;1;1;3;110;21/07/2014
2014013253;1;2;1;2;3;110;02/08/2014
2014013254;1;2;1;1;3;110;09/08/2014
2014013255;1;2;1;1;3;110;11/08/2014
2014013256;1;2;1;1;4;110;23/08/2014
2014013257;1;2;1;1;3;110;30/08/2014
2014013258;1;2;1;1;2;110;01/09/2014
2014013259;1;2;1;1;3;110;01/09/2014
2014013260;1;2;3;1;6;110;05/09/2014
2014013261;1;2;1;1;7;110;18/09/2014
2014013262;1;2;2;1;2;110;23/09/2014
2014013263;5;2;1;1;7;110;28/09/2014
2014013264;1;2;2;1;3;110;01/10/2014
2014013265;1;2;1;1;2;110;01/10/2014
2014013266;1;2;1;1;2;110;03/10/2014
2014013267;1;2;1;1;2;110;03/10/2014
2014013268;1;2;1;1;2;110;03/10/2014
2014013269;5;2;1;1;6;110;09/10/2014
2014013270;1;2;1;1;2;110;10/10/2014
2014013271;5;2;2;1;3;110;10/10/2014
2014013272;1;2;1;1;3;110;13/10/2014
2014013273;1;2;1;1;3;110;29/10/2014
2014013274;1;2;1;1;6;110;30/10/2014
2014013275;1;2;1;1;6;110;31/10/2014
2014013276;5;2;3;1;2;110;03/11/2014
2014013277;1;2;1;1;7;110;13/11/2014
2014013278;1;2;1;1;5;110;14/11/2014
2014013279;1;2;1;1;6;110;15/11/2014
2014013280;1;2;1;1;7;110;18/11/2014
2014013281;2;2;1;1;4;110;19/11/2014
2014013282;1;2;1;1;3;110;21/11/2014
2014013283;2;2;1;2;2;110;24/11/2014
2014013284;1;2;1;1;3;110;26/11/2014
2014013285;3;2;1;1;6;110;14/12/2014
2014013286;4;2;1;1;6;110;17/12/2014
2014013287;2;2;1;1;7;110;22/12/2014
2014013288;1;2;1;1;4;110;31/12/2014
2014013289;1;1;9;1;2;600;11/06/2014
2014013290;3;1;1;8;2;600;16/10/2014
2014013291;1;1;9;1;6;600;10/11/2014
2014013292;1;2;1;7;6;130;22/01/2014
2014013293;1;2;1;1;6;130;14/07/2014
2014013294;1;1;1;1;6;130;07/09/2014
2014013295;1;1;1;1;1;130;02/11/2014
2014013296;3;1;1;5;1;850;04/11/2014
2014013297;1;1;1;1;3;310;17/02/2014
2014013298;1;1;1;1;5;310;13/03/2014
2014013299;1;1;1;1;2;310;15/07/2014
2014013300;3;1;1;1;5;310;30/08/2014
2014013301;1;1;1;1;7;310;04/10/2014
2014013302;2;1;4;8;7;760;13/01/2014
2014013303;1;1;1;1;2;760;05/06/2014
2014013304;3;1;1;1;7;760;20/06/2014
2014013305;1;1;1;1;2;760;30/07/2014
2014013306;1;1;1;1;7;760;05/08/2014
2014013307;3;1;1;1;6;760;05/11/2014
2014013308;5;1;1;1;2;760;09/12/2014
2014013309;3;1;1;2;1;760;20/12/2014
2014013310;3;1;1;1;5;310;14/02/2014
2014013311;1;1;1;8;3;310;26/05/2014
2014013312;1;1;1;1;6;310;08/09/2014
2014013313;2;1;1;1;6;490;26/02/2014
2014013314;1;1;1;1;2;490;02/06/2014
2014013315;1;1;1;1;7;490;07/06/2014
2014013316;1;1;1;1;6;490;14/06/2014
2014013317;3;1;1;1;7;490;24/06/2014
2014013318;2;1;1;1;7;490;04/07/2014
2014013319;1;1;1;1;6;490;25/08/2014
2014013320;3;1;1;1;6;490;27/08/2014
2014013321;1;1;1;1;2;490;13/10/2014
2014013322;1;1;1;7;6;490;20/10/2014
2014013323;1;2;3;1;3;740;06/04/2014
2014013324;1;2;6;1;2;740;15/04/2014
2014013325;1;1;1;1;3;740;23/09/2014
2014013326;1;1;1;1;7;800;21/03/2014
2014013327;2;1;1;1;7;800;07/04/2014
2014013328;1;1;1;1;3;800;14/05/2014
2014013329;1;1;1;1;2;800;15/06/2014
2014013330;1;1;1;1;6;800;16/10/2014
2014013331;1;1;1;4;5;800;27/12/2014
2014013332;2;1;1;4;6;800;27/01/2014
2014013333;1;1;1;4;6;800;27/01/2014
2014013334;3;1;1;1;6;800;10/03/2014
2014013335;3;1;1;4;7;800;23/03/2014
2014013336;1;1;1;8;7;800;28/03/2014
2014013337;1;1;1;1;6;800;12/04/2014
2014013338;1;1;1;1;6;800;16/04/2014
2014013339;1;1;1;1;1;800;20/04/2014
2014013340;1;1;1;1;6;800;21/06/2014
2014013341;1;1;1;1;6;800;27/06/2014
2014013342;1;1;1;1;6;800;02/08/2014
2014013343;3;1;1;1;6;800;09/09/2014
2014013344;2;1;1;1;5;800;01/12/2014
2014013345;3;1;1;1;6;730;06/11/2014
2014013346;3;1;1;8;2;390;30/01/2014
2014013347;2;1;1;2;6;390;01/03/2014
2014013348;1;1;1;1;7;710;18/04/2014
2014013349;1;1;1;3;7;710;13/07/2014
2014013350;1;1;1;2;1;120;26/01/2014
2014013351;1;2;1;2;6;120;05/02/2014
2014013352;1;2;1;1;7;120;11/04/2014
2014013353;2;2;1;1;6;120;15/06/2014
2014013354;1;2;1;1;3;120;10/07/2014
2014013355;1;1;1;1;6;120;19/08/2014
2014013356;1;2;1;1;6;120;27/08/2014
2014013357;1;2;2;1;3;120;31/08/2014
2014013358;1;1;1;1;1;120;30/04/2014
2014013359;1;2;2;2;6;120;22/04/2014
2014013360;2;1;1;2;5;120;13/08/2014
2014013361;1;2;1;1;2;120;04/09/2014
2014013362;5;2;1;2;6;120;05/12/2014
2014013363;5;2;1;1;7;120;15/12/2014
2014013364;5;2;1;1;1;120;27/12/2014
2014013365;5;2;6;1;3;120;07/01/2014
2014013366;5;2;1;1;6;120;10/01/2014
2014013367;1;2;2;1;3;120;10/01/2014
2014013368;1;2;1;1;6;120;07/02/2014
2014013369;1;2;1;1;6;120;16/02/2014
2014013370;1;2;1;1;3;120;20/02/2014
2014013371;1;2;1;1;2;120;23/02/2014
2014013372;1;2;1;1;3;120;25/02/2014
2014013373;1;2;1;1;2;120;08/03/2014
2014013374;1;2;3;1;1;120;19/03/2014
2014013375;1;2;3;1;2;120;03/04/2014
2014013376;1;2;6;1;2;120;16/04/2014
2014013377;1;2;3;1;6;120;19/04/2014
2014013378;1;2;1;2;6;120;30/04/2014
2014013379;1;2;3;1;3;120;27/06/2014
2014013380;1;2;1;1;6;120;01/07/2014
2014013381;1;2;1;3;7;120;07/07/2014
2014013382;1;2;1;1;4;120;10/07/2014
2014013383;1;2;1;1;2;120;12/07/2014
2014013384;1;2;1;2;1;120;20/07/2014
2014013385;1;2;1;1;4;120;23/07/2014
2014013386;1;2;1;1;6;120;01/08/2014
2014013387;1;2;1;1;2;120;20/08/2014
2014013388;1;2;3;1;3;120;30/08/2014
2014013389;3;2;1;1;7;120;05/09/2014
2014013390;1;2;1;1;6;120;12/09/2014
2014013391;5;2;1;1;7;120;27/09/2014
2014013392;5;2;1;1;7;120;09/10/2014
2014013393;1;2;1;1;2;120;11/10/2014
2014013394;1;2;1;1;2;120;14/10/2014
2014013395;1;2;3;1;6;120;21/10/2014
2014013396;3;2;1;1;6;120;24/10/2014
2014013397;5;2;2;1;1;120;27/10/2014
2014013398;1;2;1;1;6;120;31/10/2014
2014013399;3;2;1;1;6;120;05/11/2014
2014013400;5;2;3;1;3;120;13/11/2014
2014013401;5;2;6;1;3;120;20/11/2014
2014013402;5;1;1;5;6;120;24/12/2014
2014013403;1;1;1;1;6;460;15/06/2014
2014013404;1;1;1;1;5;460;02/10/2014
2014013405;1;1;3;1;3;600;07/01/2014
2014013406;1;1;1;1;3;380;19/12/2014
2014013407;3;1;1;1;6;380;24/12/2014
2014013408;1;1;1;1;6;450;17/01/2014
2014013409;1;1;1;1;6;450;17/01/2014
2014013410;1;1;1;4;4;450;13/02/2014
2014013411;1;1;1;1;6;450;14/02/2014
2014013412;1;1;1;1;6;450;27/02/2014
2014013413;1;2;2;7;3;450;23/11/2014
2014013414;1;1;2;2;3;450;10/12/2014
2014013415;1;1;1;1;3;240;17/03/2014
2014013416;1;1;1;1;6;240;24/09/2014
2014013417;5;2;1;1;6;240;13/12/2014
2014013418;1;1;1;5;3;530;01/10/2014
2014013419;1;2;3;8;3;190;22/05/2014
2014013420;1;1;1;3;2;190;10/07/2014
2014013421;2;1;1;8;7;630;15/08/2014
2014013422;2;1;2;5;3;190;15/12/2014
2014013423;1;1;1;1;7;190;22/12/2014
2014013424;3;1;1;1;4;100;02/01/2014
2014013425;3;1;1;1;6;100;04/01/2014