num_acc;lum;agg;inter;atm;col;dep;date
2014013426;3;1;1;8;2;100;16/01/2014
2014013427;3;1;1;8;6;100;13/02/2014
2014013428;1;1;1;8;7;100;02/12/2014
2014013429;5;2;1;2;6;130;31/01/2014
2014013430;1;1;2;1;3;130;15/01/2014
2014013431;3;2;1;1;6;130;26/01/2014
2014013432;2;2;3;1;6;130;22/01/2014
2014013433;1;2;6;1;6;130;03/02/2014
2014013434;2;2;1;9;4;130;04/02/2014
2014013435;1;2;1;1;6;130;07/02/2014
2014013436;1;2;1;1;6;130;12/02/2014
2014013437;1;1;1;1;3;130;14/02/2014
2014013438;2;2;1;2;2;130;16/02/2014
2014013439;1;1;1;1;2;130;12/02/2014
2014013440;1;2;1;2;6;130;26/02/2014
2014013441;3;1;1;1;7;130;02/03/2014
2014013442;1;1;1;1;2;;20/02/2014
2014013443;3;1;1;1;1;130;08/03/2014
2014013444;1;2;1;1;6;130;12/03/2014
2014013445;3;2;1;1;6;130;12/03/2014
2014013446;1;2;3;1;3;130;05/03/2014
2014013447;1;2;2;1;6;130;14/03/2014
2014013448;1;2;1;1;3;130;21/03/2014
2014013449;1;2;1;8;3;130;03/04/2014
2014013450;1;2;1;1;3;130;27/03/2014
2014013451;1;2;1;1;6;130;14/04/2014
2014013452;5;2;1;1;3;130;24/04/2014
2014013453;1;2;3;1;3;130;07/05/2014
2014013454;1;2;1;1;6;130;14/05/2014
2014013455;1;2;1;1;6;130;09/05/2014
2014013456;1;1;1;1;6;130;28/05/2014
2014013457;5;2;2;1;7;130;01/06/2014
2014013458;1;1;1;1;3;130;28/05/2014
2014013459;2;2;3;9;4;130;31/05/2014
2014013460;1;2;1;1;1;130;27/05/2014
2014013461;1;2;2;1;3;130;05/06/2014
2014013462;1;2;1;1;6;130;08/06/2014
2014013463;1;2;1;1;6;130;03/05/2014
2014013464;1;2;1;1;7;130;07/06/2014
2014013465;1;2;1;1;6;130;11/06/2014
2014013466;5;2;1;1;2;130;07/06/2014
2014013467;4;1;1;1;6;130;21/06/2014
2014013468;2;1;1;1;3;130;21/06/2014
2014013469;1;2;1;1;6;130;16/06/2014
2014013470;5;2;2;1;3;130;22/06/2014
2014013471;1;2;1;1;3;130;28/06/2014
2014013472;2;1;1;1;7;130;13/07/2014
2014013473;1;2;1;1;6;130;29/07/2014
2014013474;1;2;1;1;6;130;30/07/2014
2014013475;1;1;1;1;3;130;28/07/2014
2014013476;1;2;6;1;2;130;12/08/2014
2014013477;1;2;6;1;3;130;15/08/2014
2014013478;4;2;1;1;3;130;16/08/2014
2014013479;5;2;1;1;6;130;16/08/2014
2014013480;5;2;1;1;2;130;21/08/2014
2014013481;3;2;1;8;6;130;27/08/2014
2014013482;1;2;6;1;3;130;23/08/2014
2014013483;1;2;3;1;7;130;04/09/2014
2014013484;3;1;1;1;2;130;14/09/2014
2014013485;1;2;1;1;6;130;16/09/2014
2014013486;1;2;4;1;3;130;18/09/2014
2014013487;1;1;9;1;6;130;20/09/2014
2014013488;1;2;1;1;6;130;23/08/2014
2014013489;5;2;1;1;3;130;20/09/2014
2014013490;1;1;1;1;2;130;28/09/2014
2014013491;1;2;1;1;6;130;08/10/2014
2014013492;1;1;2;2;5;130;14/10/2014
2014013493;5;2;1;1;1;130;17/10/2014
2014013494;5;2;2;1;3;130;18/10/2014
2014013495;1;1;1;1;1;130;22/10/2014
2014013496;3;1;9;1;6;130;23/10/2014
2014013497;5;2;1;1;7;130;24/10/2014
2014013498;2;2;1;1;2;130;29/09/2014
2014013499;1;2;2;1;6;130;14/10/2014
2014013500;5;2;3;1;3;130;30/10/2014
2014013501;1;1;3;1;3;130;01/11/2014
2014013502;5;1;1;1;3;130;06/11/2014
2014013503;3;2;3;1;2;130;07/11/2014
2014013504;1;1;1;1;2;130;20/10/2014
2014013505;1;2;6;1;3;130;13/11/2014
2014013506;5;2;3;2;3;130;14/11/2014
2014013507;3;1;1;1;1;130;07/11/2014
2014013508;3;1;1;1;6;130;30/11/2014
2014013509;1;2;3;1;3;130;04/12/2014
2014013510;3;2;2;1;6;130;16/12/2014
2014013511;1;2;1;1;1;130;17/12/2014
2014013512;1;2;1;1;6;130;19/12/2014
2014013513;2;2;1;1;3;130;20/12/2014
2014013514;2;2;1;1;6;130;22/12/2014
2014013515;2;2;1;1;6;130;15/01/2014
2014013516;5;2;1;2;6;130;30/01/2014
2014013517;1;2;4;1;6;130;08/02/2014
2014013518;5;2;1;1;6;130;13/02/2014
2014013519;1;2;2;1;7;130;24/02/2014
2014013520;1;2;1;1;6;130;26/02/2014
2014013521;3;1;1;1;3;130;01/03/2014
2014013522;5;2;1;1;3;130;22/03/2014
2014013523;1;2;1;1;6;130;22/03/2014
2014013524;3;1;4;1;3;130;20/04/2014
2014013525;1;2;1;1;7;130;22/04/2014
2014013526;5;2;1;1;7;130;03/05/2014
2014013527;1;2;1;1;6;130;16/05/2014
2014013528;1;1;1;1;2;130;29/05/2014
2014013529;1;1;1;1;2;130;08/06/2014
2014013530;1;2;3;1;3;130;11/06/2014
2014013531;1;2;1;1;3;130;17/06/2014
2014013532;1;2;1;1;6;130;26/06/2014
2014013533;1;1;9;1;1;130;03/07/2014
2014013534;1;1;1;1;2;130;23/07/2014
2014013535;1;2;1;1;3;130;24/07/2014
2014013536;1;2;1;1;3;130;26/07/2014
2014013537;1;1;9;1;5;130;31/07/2014
2014013538;1;1;3;1;4;130;18/08/2014
2014013539;1;2;1;1;3;130;19/08/2014
2014013540;1;2;1;1;6;130;22/08/2014
2014013541;1;2;1;1;6;130;26/08/2014
2014013542;1;1;1;1;6;130;28/08/2014
2014013543;1;2;6;1;3;130;05/09/2014
2014013544;1;2;1;1;7;130;16/09/2014
2014013545;1;2;2;1;5;130;22/09/2014
2014013546;1;2;1;1;6;130;27/09/2014
2014013547;1;2;1;1;6;130;26/09/2014
2014013548;2;2;9;1;6;130;30/09/2014
2014013549;1;1;1;1;6;130;02/10/2014
2014013550;1;2;1;1;6;130;03/10/2014
2014013551;1;2;1;1;6;130;05/10/2014
2014013552;1;2;2;1;6;130;06/10/2014
2014013553;1;2;1;1;2;130;10/10/2014
2014013554;1;2;1;1;6;130;15/10/2014
2014013555;5;2;1;1;6;130;05/11/2014
2014013556;1;2;3;1;2;130;03/11/2014
2014013557;1;2;3;1;1;130;10/11/2014
2014013558;1;2;1;1;6;130;20/11/2014
2014013559;1;2;1;1;6;130;19/11/2014
2014013560;1;2;1;1;6;130;08/11/2014
2014013561;1;2;2;2;6;130;01/12/2014
2014013562;5;2;1;2;6;130;17/12/2014
2014013563;5;2;1;1;6;130;06/12/2014
2014013564;1;2;1;1;6;130;15/12/2014
2014013565;1;2;3;1;3;130;03/01/2014
2014013566;1;2;1;1;3;130;06/01/2014
2014013567;1;1;1;1;1;130;09/01/2014
2014013568;1;2;1;1;3;130;25/01/2014
2014013569;2;1;3;1;5;130;14/01/2014
2014013570;1;2;1;2;6;130;20/01/2014
2014013571;2;2;1;1;4;130;20/01/2014
2014013572;1;2;1;1;7;130;22/01/2014
2014013573;1;2;7;1;2;130;27/01/2014
2014013574;5;2;3;2;3;130;27/01/2014
2014013575;1;2;2;2;1;130;29/01/2014
2014013576;1;2;2;2;6;130;31/01/2014
2014013577;1;2;1;1;6;130;03/02/2014
2014013578;1;1;2;2;1;130;07/02/2014
2014013579;1;2;1;1;1;130;08/02/2014
2014013580;5;2;1;1;1;130;09/02/2014
2014013581;1;1;1;2;2;130;10/02/2014
2014013582;1;2;1;1;3;130;12/02/2014
2014013583;1;2;1;1;2;130;12/02/2014
2014013584;1;2;1;1;4;130;14/02/2014
2014013585;1;2;1;1;7;130;14/02/2014
2014013586;1;2;1;1;3;130;14/02/2014
2014013587;1;2;1;1;3;130;18/02/2014
2014013588;1;2;1;1;7;130;21/02/2014
2014013589;1;2;3;1;3;130;22/02/2014
2014013590;1;2;1;3;1;130;28/02/2014
2014013591;1;1;2;1;3;130;05/03/2014
2014013592;1;2;1;1;6;130;06/03/2014
2014013593;1;2;1;1;3;130;07/03/2014
2014013594;1;2;1;1;4;130;13/03/2014
2014013595;5;2;1;1;3;130;16/03/2014
2014013596;1;2;1;1;6;130;18/03/2014
2014013597;5;1;1;1;6;130;18/03/2014
2014013598;1;2;9;1;7;130;19/03/2014
2014013599;2;2;1;2;7;130;22/03/2014
2014013600;5;2;1;1;3;130;28/03/2014
2014013601;1;2;3;1;3;130;29/03/2014
2014013602;1;2;6;1;3;130;01/04/2014
2014013603;1;2;1;1;6;130;02/04/2014
2014013604;1;2;1;1;4;130;05/04/2014
2014013605;1;2;1;1;6;130;09/04/2014
2014013606;1;2;1;1;6;130;09/04/2014
2014013607;1;2;1;1;6;130;09/04/2014
2014013608;1;2;1;1;2;130;11/04/2014
2014013609;1;2;1;1;1;130;14/04/2014
2014013610;1;2;1;1;6;130;17/04/2014
2014013611;1;2;1;1;3;130;23/04/2014
2014013612;1;2;1;1;6;130;18/04/2014
2014013613;1;1;1;1;7;130;29/04/2014
2014013614;1;1;1;1;7;130;30/04/2014
2014013615;1;2;1;1;1;130;30/04/2014
2014013616;1;2;1;1;2;130;03/05/2014
2014013617;1;2;3;1;3;130;09/05/2014
2014013618;1;2;6;1;6;130;11/05/2014
2014013619;1;2;9;1;6;130;14/05/2014
2014013620;1;2;1;1;2;130;15/05/2014
2014013621;5;2;2;1;3;130;04/05/2014
2014013622;5;2;1;1;1;130;21/05/2014
2014013623;1;2;1;1;3;130;16/04/2014
2014013624;1;2;1;1;2;130;21/05/2014
2014013625;1;2;3;1;3;130;22/05/2014
2014013626;2;2;1;1;1;130;24/05/2014
2014013627;1;2;1;1;2;130;25/05/2014
2014013628;1;2;1;1;5;130;25/05/2014
2014013629;1;2;9;1;6;130;26/05/2014
2014013630;1;2;1;1;1;130;26/05/2014
2014013631;1;1;1;1;1;130;29/05/2014
2014013632;1;1;1;1;3;130;27/05/2014
2014013633;1;2;1;1;2;130;03/06/2014
2014013634;2;2;1;1;6;130;06/06/2014
2014013635;1;1;1;1;7;130;08/06/2014
2014013636;3;1;1;1;3;130;21/11/2014
2014013637;1;2;3;1;3;130;05/06/2014
2014013638;1;2;3;1;3;130;11/06/2014
2014013639;1;2;1;1;2;130;18/06/2014
2014013640;1;2;1;3;3;130;19/06/2014
2014013641;1;2;1;1;3;130;21/06/2014
2014013642;1;2;1;1;6;130;23/06/2014
2014013643;5;2;1;1;3;130;25/06/2014
2014013644;1;1;1;1;1;130;30/06/2014
2014013645;1;2;1;1;3;130;03/07/2014
2014013646;1;2;7;1;6;130;09/07/2014
2014013647;1;2;1;1;2;130;12/07/2014
2014013648;1;2;3;1;2;130;12/07/2014
2014013649;1;2;1;1;4;130;13/07/2014
2014013650;1;2;1;1;6;130;16/07/2014
2014013651;1;2;1;1;2;130;18/07/2014
2014013652;1;2;1;1;2;130;18/07/2014
2014013653;1;2;1;1;3;130;18/07/2014
2014013654;1;2;1;1;3;130;23/07/2014
2014013655;1;1;1;1;2;130;24/07/2014
2014013656;1;2;1;1;6;130;28/07/2014
2014013657;1;1;3;1;5;130;30/07/2014
2014013658;1;2;1;1;2;130;06/08/2014
2014013659;1;2;1;1;6;130;08/08/2014
2014013660;5;2;2;1;3;130;10/08/2014
2014013661;1;2;2;1;3;130;14/08/2014
2014013662;1;2;2;1;2;130;12/08/2014
2014013663;1;2;1;1;3;130;14/08/2014
2014013664;1;2;1;1;2;130;19/08/2014
2014013665;1;2;1;1;2;130;20/08/2014
2014013666;1;2;1;1;3;130;24/08/2014
2014013667;1;2;1;1;2;130;25/08/2014
2014013668;1;2;1;1;2;130;27/08/2014
2014013669;1;2;1;1;3;130;27/08/2014
2014013670;1;2;1;1;2;130;30/08/2014
2014013671;2;2;2;1;3;130;31/08/2014
2014013672;1;2;1;1;7;130;02/09/2014
2014013673;1;2;1;1;2;130;04/09/2014
2014013674;1;2;1;1;3;130;05/09/2014
2014013675;5;2;1;1;2;130;05/09/2014
2014013676;5;2;1;1;6;130;06/09/2014
2014013677;1;2;1;1;2;130;09/09/2014
2014013678;1;1;6;1;4;130;10/09/2014
2014013679;1;1;9;1;3;130;12/09/2014
2014013680;1;1;1;1;6;130;12/09/2014
2014013681;1;1;1;1;1;130;12/09/2014
2014013682;1;1;1;1;2;130;15/09/2014
2014013683;1;1;1;1;4;130;16/09/2014
2014013684;1;2;1;1;3;130;16/09/2014
2014013685;1;2;3;1;5;130;18/09/2014
2014013686;5;1;1;1;3;130;21/09/2014
2014013687;1;2;1;1;2;130;24/09/2014
2014013688;1;1;1;1;1;130;30/09/2014
2014013689;1;2;1;1;2;130;01/10/2014
2014013690;1;2;1;1;2;130;02/10/2014
2014013691;1;2;1;1;6;130;02/10/2014
2014013692;1;2;1;1;2;130;02/10/2014
2014013693;1;2;1;1;2;130;02/10/2014
2014013694;5;1;1;1;5;130;08/10/2014
2014013695;1;2;1;1;2;130;16/10/2014
2014013696;1;2;1;1;2;130;18/10/2014
2014013697;5;2;3;1;3;130;18/10/2014
2014013698;1;2;1;1;2;130;20/10/2014
2014013699;1;2;1;1;6;130;22/10/2014
2014013700;1;2;3;1;1;130;24/10/2014
2014013701;1;1;1;1;6;130;24/10/2014
2014013702;1;2;3;1;3;130;24/10/2014
2014013703;1;2;1;1;7;130;29/10/2014
2014013704;1;2;1;1;6;130;31/10/2014
2014013705;5;2;1;3;6;130;04/11/2014
2014013706;1;2;3;1;3;130;05/11/2014
2014013707;1;2;1;1;2;130;05/11/2014
2014013708;5;2;1;1;1;130;05/11/2014
2014013709;1;2;1;1;6;130;08/11/2014
2014013710;1;2;1;2;6;130;12/11/2014
2014013711;1;2;1;1;6;130;20/11/2014
2014013712;1;2;9;1;2;130;23/11/2014
2014013713;1;2;1;1;6;130;26/11/2014
2014013714;5;1;1;8;7;130;30/11/2014
2014013715;1;2;1;1;2;130;12/12/2014
2014013716;1;1;3;2;3;130;14/12/2014
2014013717;1;2;1;1;3;130;16/12/2014
2014013718;1;2;1;1;2;130;18/12/2014
2014013719;5;2;1;1;1;130;20/12/2014
2014013720;5;2;3;1;3;130;16/12/2014
2014013721;1;2;1;1;7;130;23/12/2014
2014013722;1;2;3;1;3;130;28/12/2014
2014013723;5;2;3;1;3;130;28/12/2014
2014013724;5;2;1;2;6;130;13/01/2014
2014013725;2;2;1;2;6;130;17/01/2014
2014013726;1;1;1;7;3;130;17/02/2014
2014013727;1;2;1;1;6;130;22/02/2014
2014013728;1;2;1;1;6;130;27/02/2014
2014013729;1;2;1;1;3;130;09/03/2014
2014013730;1;2;6;1;6;130;31/03/2014
2014013731;1;1;1;1;1;130;11/04/2014
2014013732;1;2;3;1;3;130;04/05/2014
2014013733;1;2;1;1;3;130;20/05/2014
2014013734;1;2;2;7;3;130;28/05/2014
2014013735;1;1;1;1;1;130;30/05/2014
2014013736;1;2;1;1;3;130;25/05/2014
2014013737;1;2;2;1;3;130;08/06/2014
2014013738;1;2;3;7;3;130;29/06/2014
2014013739;1;2;1;1;3;130;04/07/2014
2014013740;1;2;2;1;3;130;15/07/2014
2014013741;1;1;2;1;3;130;21/07/2014
2014013742;5;2;6;1;3;130;08/08/2014
2014013743;1;2;1;1;4;130;09/08/2014
2014013744;1;2;6;7;3;130;26/08/2014
2014013745;1;2;2;1;3;130;30/08/2014
2014013746;3;2;1;8;6;130;18/09/2014
2014013747;1;2;1;1;2;130;22/09/2014
2014013748;2;2;1;1;3;130;22/09/2014
2014013749;1;2;1;1;3;130;03/10/2014
2014013750;3;2;3;8;2;130;12/10/2014
2014013751;1;2;3;1;3;130;17/10/2014
2014013752;1;1;1;1;3;130;19/10/2014
2014013753;1;2;1;1;2;130;23/10/2014
2014013754;1;2;1;1;6;130;23/10/2014
2014013755;1;2;1;1;3;130;25/10/2014
2014013756;1;2;1;1;3;130;26/10/2014
2014013757;1;2;1;1;6;130;29/10/2014
2014013758;5;2;1;3;6;130;04/11/2014
2014013759;1;1;1;1;3;130;06/11/2014
2014013760;5;2;3;1;3;130;24/10/2014
2014013761;1;2;1;1;4;130;08/11/2014
2014013762;4;2;3;1;3;130;10/11/2014
2014013763;2;2;3;1;3;130;13/11/2014
2014013764;1;2;1;8;2;130;14/11/2014
2014013765;1;2;1;1;6;130;15/11/2014
2014013766;5;2;3;1;3;130;15/11/2014
2014013767;1;2;1;1;1;130;19/11/2014
2014013768;2;2;6;3;3;130;01/12/2014
2014013769;5;2;1;1;2;130;03/12/2014
2014013770;1;2;9;1;1;130;07/12/2014
2014013771;1;2;1;1;6;130;07/12/2014
2014013772;1;2;1;1;6;130;12/12/2014
2014013773;1;2;1;1;2;130;14/12/2014
2014013774;1;1;1;1;3;130;13/12/2014
2014013775;1;2;2;1;3;130;17/12/2014
2014013776;5;2;1;1;6;130;19/12/2014
2014013777;1;2;1;1;1;130;19/12/2014
2014013778;1;1;1;2;1;130;27/12/2014
2014013779;3;1;1;1;4;130;19/12/2014
2014013780;1;2;1;1;2;130;30/12/2014
2014013781;1;2;1;1;2;780;15/03/2014
2014013782;1;2;1;1;5;780;24/04/2014
2014013783;1;1;1;7;1;780;09/12/2014
2014013784;1;2;1;1;6;780;17/09/2014
2014013785;1;2;1;1;6;130;27/01/2014
2014013786;1;1;2;1;3;130;07/03/2014
2014013787;1;1;1;1;5;130;18/03/2014
2014013788;1;1;1;1;3;130;10/05/2014
2014013789;1;1;1;1;1;130;23/06/2014
2014013790;1;2;3;1;3;130;04/07/2014
2014013791;5;2;1;1;1;130;06/08/2014
2014013792;1;1;1;1;3;130;20/08/2014
2014013793;1;1;8;1;6;130;22/08/2014
2014013794;1;1;1;1;3;130;04/09/2014
2014013795;1;1;1;1;3;130;10/10/2014
2014013796;1;1;3;1;6;130;15/10/2014
2014013797;1;1;1;1;3;130;27/10/2014
2014013798;3;1;1;2;1;130;04/12/2014
2014013799;5;2;1;1;6;130;11/12/2014
2014013800;5;2;1;1;6;130;13/12/2014
2014013801;3;1;1;2;1;130;04/01/2014
2014013802;5;2;1;1;3;130;10/01/2014
2014013803;5;2;2;1;3;130;12/01/2014
2014013804;1;1;1;1;4;130;13/01/2014
2014013805;1;1;1;1;2;130;17/01/2014
2014013806;1;2;1;2;2;130;08/02/2014
2014013807;1;2;1;1;1;130;13/02/2014
2014013808;5;2;3;1;3;130;19/02/2014
2014013809;1;1;1;2;4;130;03/03/2014
2014013810;1;2;3;1;3;130;08/03/2014
2014013811;5;2;1;1;6;130;19/03/2014
2014013812;1;2;1;1;1;130;20/03/2014
2014013813;1;2;2;1;2;130;28/03/2014
2014013814;1;2;6;1;3;130;05/04/2014
2014013815;1;2;1;1;3;130;06/04/2014
2014013816;3;2;4;1;3;130;11/04/2014
2014013817;1;2;6;1;3;130;17/04/2014
2014013818;1;2;1;1;3;130;17/04/2014
2014013819;5;2;2;2;3;130;26/04/2014
2014013820;1;2;1;1;5;130;29/04/2014
2014013821;1;1;3;1;3;130;30/04/2014
2014013822;1;2;2;1;3;130;11/05/2014
2014013823;1;2;2;1;5;130;17/05/2014
2014013824;4;2;1;1;6;130;07/06/2014
2014013825;1;2;1;1;6;130;10/06/2014
2014013826;1;2;3;1;3;130;10/06/2014
2014013827;4;2;3;1;3;130;16/06/2014
2014013828;1;1;4;1;3;130;03/07/2014
2014013829;1;1;1;1;3;130;02/08/2014
2014013830;1;1;1;1;4;130;08/08/2014
2014013831;1;2;2;1;6;130;14/08/2014
2014013832;5;2;3;1;3;130;05/09/2014
2014013833;1;2;3;1;2;130;10/09/2014
2014013834;1;2;4;1;3;130;11/09/2014
2014013835;1;2;1;1;3;130;12/09/2014
2014013836;1;2;1;1;7;130;15/09/2014
2014013837;1;2;1;1;4;130;15/10/2014
2014013838;1;2;3;1;3;130;20/10/2014
2014013839;1;1;2;6;3;130;23/10/2014
2014013840;1;2;2;1;3;130;26/10/2014
2014013841;1;1;2;8;3;130;27/10/2014
2014013842;1;2;3;1;6;130;28/10/2014
2014013843;5;2;1;1;1;130;19/11/2014
2014013844;1;2;1;1;3;130;12/12/2014
2014013845;2;2;1;1;2;130;18/12/2014
2014013846;1;2;1;1;6;130;07/01/2014
2014013847;4;2;2;1;6;130;26/12/2014
2014013848;1;2;1;1;6;130;09/12/2014
2014013849;5;2;1;1;2;130;08/12/2014
2014013850;1;2;2;1;3;130;09/12/2014
2014013851;5;2;1;3;6;130;26/11/2014
2014013852;5;2;2;1;3;130;26/12/2014
2014013853;1;2;1;1;6;130;05/12/2014
2014013854;1;2;1;1;2;130;15/12/2014
2014013855;1;2;1;2;6;130;04/11/2014
2014013856;1;2;1;1;2;130;19/12/2014
2014013857;1;2;1;1;2;130;19/12/2014
2014013858;1;2;1;3;6;130;30/09/2014
2014013859;1;2;1;1;6;130;24/12/2014
2014013860;3;2;1;1;2;130;28/12/2014
2014013861;1;2;1;1;6;130;18/12/2014
2014013862;1;2;1;1;6;130;29/12/2014
2014013863;1;2;1;1;6;130;19/12/2014
2014013864;1;2;6;1;3;130;16/08/2014
2014013865;1;2;1;2;6;130;04/12/2014
2014013866;3;2;2;1;3;130;23/12/2014
2014013867;5;2;1;1;6;130;22/12/2014
2014013868;1;2;3;1;6;130;25/12/2014
2014013869;1;2;1;1;6;130;23/12/2014
2014013870;1;2;1;1;7;130;08/12/2014
2014013871;1;2;1;1;7;130;18/12/2014
2014013872;1;2;1;1;6;130;12/12/2014
2014013873;1;2;1;1;6;130;12/10/2014
2014013874;1;2;1;1;6;130;13/12/2014
2014013875;1;2;1;1;6;130;22/12/2014
2014013876;1;2;1;1;6;130;19/12/2014
2014013877;1;2;1;1;6;130;14/10/2014
2014013878;1;2;1;1;6;130;08/12/2014
2014013879;1;2;1;1;6;130;10/12/2014
2014013880;1;2;1;1;7;130;17/10/2014
2014013881;5;2;1;8;4;130;05/12/2014
2014013882;1;2;1;1;6;130;19/12/2014
2014013883;1;2;1;1;6;130;29/12/2014
2014013884;1;2;1;1;1;130;19/12/2014
2014013885;5;2;1;1;7;130;20/12/2014
2014013886;5;2;1;1;2;130;20/12/2014
2014013887;1;2;4;1;6;130;31/12/2014
2014013888;1;2;1;2;6;130;12/12/2014
2014013889;1;2;1;1;6;130;24/12/2014
2014013890;5;2;1;2;7;130;26/11/2014
2014013891;5;2;1;1;2;130;08/12/2014
2014013892;1;2;1;1;4;130;27/12/2014
2014013893;1;2;1;1;6;130;18/12/2014
2014013894;1;2;1;1;2;130;20/12/2014
2014013895;5;2;1;1;6;130;20/11/2014
2014013896;2;2;1;1;6;130;30/12/2014
2014013897;2;2;1;1;6;130;27/12/2014
2014013898;1;2;1;1;4;130;05/10/2014
2014013899;5;2;1;2;1;130;20/11/2014
2014013900;5;2;2;1;6;130;24/12/2014
2014013901;2;2;1;1;2;130;10/01/2014
2014013902;5;2;2;1;3;130;03/01/2014
2014013903;5;2;1;1;3;130;03/01/2014
2014013904;5;2;6;1;7;130;01/01/2014
2014013905;1;2;1;1;6;130;03/01/2014
2014013906;3;2;1;1;6;130;03/01/2014
2014013907;5;2;1;2;1;130;05/01/2014
2014013908;5;2;1;1;6;130;12/10/2014
2014013909;5;2;2;3;6;130;05/01/2014
2014013910;5;2;1;1;6;130;31/12/2014
2014013911;5;2;1;1;6;130;04/07/2014
2014013912;1;2;1;1;6;130;27/10/2014
2014013913;5;2;2;3;3;130;13/01/2014
2014013914;5;2;1;1;6;130;03/01/2014
2014013915;1;2;1;2;6;130;16/01/2014
2014013916;1;2;3;1;6;130;30/12/2014
2014013917;5;2;1;1;6;130;06/01/2014
2014013918;1;2;3;1;1;130;05/11/2014
2014013919;1;2;1;2;6;130;04/11/2014
2014013920;5;2;1;1;7;130;28/12/2014
2014013921;1;2;1;1;2;130;16/01/2014
2014013922;1;2;1;1;3;130;01/01/2014
2014013923;1;2;1;8;6;130;12/11/2014
2014013924;5;2;1;1;6;130;31/12/2014
2014013925;3;2;2;2;3;130;04/01/2014
2014013926;5;2;1;1;6;130;17/01/2014
2014013927;5;2;3;1;3;130;21/01/2014
2014013928;5;2;2;2;3;130;19/01/2014
2014013929;1;2;1;1;6;130;22/11/2014
2014013930;5;2;1;1;5;130;14/01/2014
2014013931;5;2;1;1;3;130;08/01/2014
2014013932;5;2;1;8;3;130;09/01/2014
2014013933;1;2;1;1;3;130;12/01/2014
2014013934;5;2;1;2;2;130;13/01/2014
2014013935;1;2;1;1;3;130;14/01/2014
2014013936;1;2;1;1;1;130;21/01/2014
2014013937;3;2;1;1;6;130;22/01/2014
2014013938;1;2;1;1;7;130;12/01/2014
2014013939;1;2;1;1;4;130;14/01/2014
2014013940;2;2;1;1;1;130;17/01/2014
2014013941;5;2;1;1;6;130;30/12/2014
2014013942;1;2;1;1;1;130;22/01/2014
2014013943;1;1;1;1;1;130;09/01/2014
2014013944;3;2;1;1;2;130;26/01/2014
2014013945;1;2;1;1;6;130;28/10/2014
2014013946;5;2;1;2;1;130;18/01/2014
2014013947;2;2;1;1;6;130;08/01/2014
2014013948;1;2;1;1;6;130;28/01/2014
2014013949;1;2;1;1;3;130;15/01/2014
2014013950;1;2;3;1;6;130;12/01/2014
2014013951;1;2;1;1;6;130;05/11/2014
2014013952;1;2;1;8;3;130;16/01/2014
2014013953;5;2;1;1;3;130;09/01/2014
2014013954;1;2;3;1;6;130;05/01/2014
2014013955;1;2;1;1;6;130;07/01/2014
2014013956;1;2;1;1;6;130;13/01/2014
2014013957;5;2;1;1;7;130;08/01/2014
2014013958;5;2;3;1;6;130;11/12/2014
2014013959;2;2;1;2;3;130;14/01/2014
2014013960;1;2;1;2;4;130;16/01/2014
2014013961;5;2;3;1;1;130;22/01/2014
2014013962;1;2;1;1;7;130;09/01/2014
2014013963;1;2;1;2;7;130;10/01/2014
2014013964;1;2;1;3;7;130;16/01/2014
2014013965;1;2;1;1;6;130;04/12/2014
2014013966;1;2;6;1;2;130;17/01/2014
2014013967;1;2;2;1;3;130;03/01/2014
2014013968;5;2;1;1;1;130;05/01/2014
2014013969;2;1;3;1;3;130;08/01/2014
2014013970;1;2;1;1;6;130;08/01/2014
2014013971;5;2;6;1;7;130;11/01/2014
2014013972;1;2;1;1;6;130;11/01/2014
2014013973;1;2;1;3;6;130;13/01/2014
2014013974;2;2;1;1;6;130;15/01/2014
2014013975;5;2;1;3;7;130;18/01/2014
2014013976;1;2;3;1;2;130;08/01/2014
2014013977;1;2;2;3;3;130;18/01/2014
2014013978;1;2;3;2;2;130;19/01/2014
2014013979;1;2;1;1;6;130;25/01/2014
2014013980;5;2;6;1;6;130;08/12/2014
2014013981;1;2;1;2;1;130;29/01/2014
2014013982;1;2;2;1;3;130;17/01/2014
2014013983;1;2;3;1;6;130;03/02/2014
2014013984;5;2;3;1;2;130;01/01/2014
2014013985;4;2;1;1;6;130;07/01/2014
2014013986;1;2;1;2;1;130;19/01/2014
2014013987;1;2;1;1;3;130;20/01/2014
2014013988;1;2;3;1;3;130;11/01/2014
2014013989;1;2;1;1;6;130;22/01/2014
2014013990;1;2;1;1;2;130;15/01/2014
2014013991;1;2;1;2;7;130;04/01/2014
2014013992;5;2;9;1;6;130;25/01/2014
2014013993;1;2;3;1;7;130;20/01/2014
2014013994;1;2;1;1;6;130;05/08/2014
2014013995;1;2;1;1;2;130;25/01/2014
2014013996;1;2;2;1;2;130;10/01/2014
2014013997;5;2;1;2;3;130;13/01/2014
2014013998;1;2;2;1;3;130;25/01/2014
2014013999;1;2;1;1;2;130;26/01/2014
2014014000;2;2;1;2;5;130;16/01/2014
2014014001;5;2;1;2;3;130;16/01/2014
2014014002;1;2;3;1;6;130;27/11/2014
2014014003;1;2;1;2;2;130;20/01/2014
2014014004;1;2;1;1;3;130;24/01/2014
2014014005;1;2;1;1;3;130;22/01/2014