num_acc;lum;agg;inter;atm;col;dep;date
2014014006;1;2;6;1;6;130;23/01/2014
2014014007;5;2;1;2;7;130;01/12/2014
2014014008;1;2;1;1;6;130;24/01/2014
2014014009;1;2;3;1;3;130;27/01/2014
2014014010;1;2;1;1;6;130;22/01/2014
2014014011;1;2;1;2;7;130;18/01/2014
2014014012;1;2;1;1;6;130;28/01/2014
2014014013;5;2;1;8;2;130;23/02/2014
2014014014;1;2;1;1;1;130;14/01/2014
2014014015;5;2;3;1;1;130;05/02/2014
2014014016;1;2;1;3;3;130;30/01/2014
2014014017;1;2;1;3;1;130;01/02/2014
2014014018;1;2;1;1;3;130;13/01/2014
2014014019;1;2;1;3;6;130;05/02/2014
2014014020;1;2;1;1;4;130;27/01/2014
2014014021;5;2;1;1;7;130;21/10/2014
2014014022;2;2;1;2;1;130;14/01/2014
2014014023;5;2;1;1;7;130;31/07/2014
2014014024;1;2;1;1;2;130;17/01/2014
2014014025;1;2;2;1;3;130;09/02/2014
2014014026;1;2;1;1;6;130;09/02/2014
2014014027;1;2;1;1;3;130;27/01/2014
2014014028;1;2;1;1;6;130;06/02/2014
2014014029;1;2;1;1;2;130;28/01/2014
2014014030;1;2;1;1;2;130;09/01/2014
2014014031;5;2;1;1;3;130;27/01/2014
2014014032;5;2;2;1;6;130;29/01/2014
2014014033;5;2;2;1;3;130;01/02/2014
2014014034;1;1;1;1;7;130;20/01/2014
2014014035;1;2;1;1;3;130;22/01/2014
2014014036;1;2;1;1;6;130;26/01/2014
2014014037;1;2;2;1;6;130;04/02/2014
2014014038;5;1;1;1;3;130;13/01/2014
2014014039;1;2;1;1;7;130;21/01/2014
2014014040;1;2;1;1;3;130;22/01/2014
2014014041;5;2;1;1;3;130;27/01/2014
2014014042;4;2;9;1;3;130;26/01/2014
2014014043;1;2;1;1;6;130;27/01/2014
2014014044;5;2;3;2;3;130;28/01/2014
2014014045;1;2;1;1;6;130;13/02/2014
2014014046;1;2;3;1;6;130;12/02/2014
2014014047;5;2;2;1;6;130;13/02/2014
2014014048;5;2;1;1;6;130;13/02/2014
2014014049;5;2;1;1;6;130;12/11/2014
2014014050;1;2;3;1;1;130;13/11/2014
2014014051;5;2;2;1;3;130;26/01/2014
2014014052;1;2;3;1;6;130;14/02/2014
2014014053;5;2;1;3;6;130;26/11/2014
2014014054;1;2;1;1;6;130;15/02/2014
2014014055;5;2;2;1;6;130;15/02/2014
2014014056;1;2;1;1;6;130;16/02/2014
2014014057;5;2;1;1;6;130;14/02/2014
2014014058;1;2;1;1;6;130;17/02/2014
2014014059;5;2;1;1;1;130;17/02/2014
2014014060;1;2;1;1;6;130;06/02/2014
2014014061;2;2;1;1;6;130;02/02/2014
2014014062;1;2;1;1;6;130;03/02/2014
2014014063;5;2;1;2;2;130;19/01/2014
2014014064;5;2;1;8;6;130;08/02/2014
2014014065;1;2;1;1;7;130;09/01/2014
2014014066;1;2;6;1;2;130;09/01/2014
2014014067;1;2;3;1;3;130;10/01/2014
2014014068;5;2;1;1;6;130;10/01/2014
2014014069;1;2;1;1;2;130;11/01/2014
2014014070;5;2;1;2;3;130;13/01/2014
2014014071;1;2;1;2;3;130;13/01/2014
2014014072;1;2;1;1;6;130;22/01/2014
2014014073;1;2;1;1;6;130;24/01/2014
2014014074;1;2;1;1;6;130;08/02/2014
2014014075;5;2;1;1;2;130;13/02/2014
2014014076;1;2;1;1;6;130;14/01/2014
2014014077;1;2;3;1;3;130;24/01/2014
2014014078;1;2;1;1;3;130;26/01/2014
2014014079;5;2;1;2;6;130;08/02/2014
2014014080;1;2;1;1;6;130;12/02/2014
2014014081;1;2;1;1;2;130;12/02/2014
2014014082;5;2;1;1;7;130;13/02/2014
2014014083;5;2;1;3;7;130;29/01/2014
2014014084;1;2;1;3;3;130;30/01/2014
2014014085;5;2;6;1;7;130;17/01/2014
2014014086;1;2;1;2;1;130;08/02/2014
2014014087;3;2;1;2;6;130;08/02/2014
2014014088;5;2;1;1;6;130;19/02/2014
2014014089;5;2;1;2;4;130;13/01/2014
2014014090;5;2;1;1;6;130;06/02/2014
2014014091;5;2;6;1;3;130;02/02/2014
2014014092;3;2;1;1;6;130;11/02/2014
2014014093;1;2;1;1;2;130;20/02/2014
2014014094;5;1;3;1;3;130;21/02/2014
2014014095;1;2;1;1;6;130;13/02/2014
2014014096;1;2;1;1;3;130;28/01/2014
2014014097;1;2;1;2;6;130;10/02/2014
2014014098;1;2;1;1;2;130;15/02/2014
2014014099;1;2;1;1;2;130;21/02/2014
2014014100;1;2;1;1;2;130;25/01/2014
2014014101;1;2;1;1;6;130;14/02/2014
2014014102;1;2;1;1;6;130;06/02/2014
2014014103;1;2;1;1;6;130;06/02/2014
2014014104;1;2;1;1;3;130;17/02/2014
2014014105;1;2;1;1;3;130;06/01/2014
2014014106;1;2;1;1;6;130;06/02/2014
2014014107;1;2;1;1;2;130;17/01/2014
2014014108;1;2;1;1;5;130;22/01/2014
2014014109;5;2;2;1;3;130;14/02/2014
2014014110;1;2;1;1;1;130;23/02/2014
2014014111;1;2;1;1;1;130;09/01/2014
2014014112;1;2;1;2;3;130;17/01/2014
2014014113;1;2;1;1;5;130;31/01/2014
2014014114;1;2;1;2;6;130;10/02/2014
2014014115;1;2;3;1;6;130;17/02/2014
2014014116;1;2;2;1;3;130;20/01/2014
2014014117;1;2;1;1;2;130;22/01/2014
2014014118;1;2;1;2;2;130;10/02/2014
2014014119;1;2;1;1;6;130;12/02/2014
2014014120;1;2;2;1;3;130;11/02/2014
2014014121;1;2;1;1;6;130;29/01/2014
2014014122;1;2;1;1;6;130;03/02/2014
2014014123;1;2;1;1;6;130;12/01/2014
2014014124;1;2;1;1;6;130;11/02/2014
2014014125;1;2;1;1;6;130;04/02/2014
2014014126;1;2;1;1;2;130;24/01/2014
2014014127;1;2;3;1;1;130;04/02/2014
2014014128;5;2;1;1;2;130;04/02/2014
2014014129;1;2;1;1;6;130;12/02/2014
2014014130;1;2;1;1;2;130;12/02/2014
2014014131;1;2;4;1;6;130;16/02/2014
2014014132;1;2;1;1;6;130;19/02/2014
2014014133;1;1;1;1;6;130;19/02/2014
2014014134;1;2;1;1;6;130;14/02/2014
2014014135;5;2;1;1;2;130;17/01/2014
2014014136;5;2;1;1;1;130;22/02/2014
2014014137;5;2;2;1;1;130;27/02/2014
2014014138;5;2;1;1;2;130;27/02/2014
2014014139;1;2;1;1;2;130;02/03/2014
2014014140;1;2;1;1;6;130;04/03/2014
2014014141;1;2;2;1;3;130;12/01/2014
2014014142;1;2;1;1;6;130;24/01/2014
2014014143;1;1;1;1;6;130;18/02/2014
2014014144;2;2;1;1;6;130;19/02/2014
2014014145;1;2;1;1;6;130;24/02/2014
2014014146;1;2;1;1;6;130;23/02/2014
2014014147;1;2;2;1;6;130;24/01/2014
2014014148;1;2;3;1;3;130;22/02/2014
2014014149;5;2;1;2;2;130;27/02/2014
2014014150;1;2;3;1;3;130;23/02/2014
2014014151;1;2;1;1;6;130;07/02/2014
2014014152;5;2;1;8;6;130;07/02/2014
2014014153;5;1;1;1;3;130;14/02/2014
2014014154;5;2;1;1;6;130;15/02/2014
2014014155;1;1;1;1;6;130;06/02/2014
2014014156;1;2;1;1;6;130;06/01/2014
2014014157;1;2;1;1;6;130;09/01/2014
2014014158;5;2;1;1;2;130;01/02/2014
2014014159;1;2;1;1;6;130;06/02/2014
2014014160;1;2;1;3;5;130;05/02/2014
2014014161;1;2;1;1;6;130;05/02/2014
2014014162;1;1;1;1;3;130;06/02/2014
2014014163;1;2;1;1;3;130;11/02/2014
2014014164;1;2;1;1;6;130;23/01/2014
2014014165;5;2;2;1;6;130;06/03/2014
2014014166;5;2;2;1;3;130;06/03/2014
2014014167;5;2;1;1;2;130;29/01/2014
2014014168;5;2;1;1;6;130;22/02/2014
2014014169;5;2;1;1;6;130;25/01/2014
2014014170;1;2;3;1;3;130;17/02/2014
2014014171;5;2;1;1;1;130;21/02/2014
2014014172;5;2;3;1;3;130;25/02/2014
2014014173;5;2;2;2;3;130;26/02/2014
2014014174;1;2;1;1;6;130;21/02/2014
2014014175;1;2;2;1;3;130;02/03/2014
2014014176;1;2;1;2;6;130;25/02/2014
2014014177;5;2;3;1;3;130;12/02/2014
2014014178;1;2;1;1;2;130;01/03/2014
2014014179;1;2;1;1;6;130;06/02/2014
2014014180;1;2;3;1;3;130;16/02/2014
2014014181;5;2;1;1;2;130;18/02/2014
2014014182;1;2;3;1;3;130;19/02/2014
2014014183;2;2;1;1;6;130;20/02/2014
2014014184;5;2;1;1;6;130;22/02/2014
2014014185;1;2;1;1;2;130;12/03/2014
2014014186;2;2;2;1;3;130;09/03/2014
2014014187;5;2;1;1;6;130;13/03/2014
2014014188;5;2;1;1;6;130;15/03/2014
2014014189;1;2;3;1;3;130;14/02/2014
2014014190;5;2;3;2;6;130;03/02/2014
2014014191;1;2;3;1;3;130;17/03/2014
2014014192;1;2;1;1;6;130;18/03/2014
2014014193;1;2;1;1;6;130;04/02/2014
2014014194;1;2;1;1;6;130;21/02/2014
2014014195;1;2;1;1;6;130;14/01/2014
2014014196;1;2;1;1;6;130;20/02/2014
2014014197;1;2;3;1;6;130;06/02/2014
2014014198;1;2;1;1;6;130;15/02/2014
2014014199;1;2;1;1;6;130;27/02/2014
2014014200;1;2;1;1;6;130;06/02/2014
2014014201;1;2;1;1;6;130;07/03/2014
2014014202;1;2;1;1;6;130;19/02/2014
2014014203;1;2;2;1;3;130;01/03/2014
2014014204;5;2;2;1;3;130;04/03/2014
2014014205;5;2;2;1;6;130;21/02/2014
2014014206;5;2;1;1;6;130;06/03/2014
2014014207;1;2;1;2;3;130;26/02/2014
2014014208;1;2;1;1;2;130;03/03/2014
2014014209;1;2;1;1;6;130;02/03/2014
2014014210;1;2;1;1;6;130;19/03/2014
2014014211;1;2;1;3;1;130;30/01/2014
2014014212;5;2;1;2;6;130;30/01/2014
2014014213;1;1;1;1;6;130;11/02/2014
2014014214;1;2;2;1;3;130;16/03/2014
2014014215;1;2;1;1;4;130;14/03/2014
2014014216;1;2;1;1;6;130;23/02/2014
2014014217;5;2;2;1;3;130;05/03/2014
2014014218;5;2;1;1;6;130;09/03/2014
2014014219;5;2;1;1;2;130;11/03/2014
2014014220;5;2;1;1;6;130;21/03/2014
2014014221;1;2;1;1;6;130;10/03/2014
2014014222;5;2;1;1;6;130;01/03/2014
2014014223;1;2;1;1;6;130;04/03/2014
2014014224;1;2;1;1;2;130;05/03/2014
2014014225;1;2;3;1;3;130;07/03/2014
2014014226;1;2;1;1;2;130;23/03/2014
2014014227;1;2;2;1;2;130;11/03/2014
2014014228;5;2;1;1;7;130;09/02/2014
2014014229;5;2;1;1;1;130;02/03/2014
2014014230;1;2;2;1;6;130;19/03/2014
2014014231;1;2;1;1;6;130;11/03/2014
2014014232;1;2;3;1;6;130;15/02/2014
2014014233;1;2;1;1;6;130;27/02/2014
2014014234;1;2;2;1;3;130;04/03/2014
2014014235;1;2;2;1;6;130;05/03/2014
2014014236;1;2;1;1;6;130;16/03/2014
2014014237;5;2;1;1;6;130;20/02/2014
2014014238;5;2;3;1;6;130;09/03/2014
2014014239;5;2;1;1;6;130;14/03/2014
2014014240;5;2;1;1;4;130;13/03/2014
2014014241;2;2;1;1;6;130;20/02/2014
2014014242;2;2;3;1;5;130;08/03/2014
2014014243;1;2;1;1;6;130;19/03/2014
2014014244;5;2;1;1;6;130;16/03/2014
2014014245;1;2;1;1;6;130;10/03/2014
2014014246;1;2;1;1;6;130;27/02/2014
2014014247;1;2;3;1;3;130;16/01/2014
2014014248;1;2;2;1;3;130;07/02/2014
2014014249;1;2;1;7;4;130;13/03/2014
2014014250;1;2;1;1;6;130;22/02/2014
2014014251;5;2;1;1;2;130;12/03/2014
2014014252;1;2;3;1;6;130;13/03/2014
2014014253;1;2;1;1;6;130;12/03/2014
2014014254;1;2;1;1;6;130;28/01/2014
2014014255;1;2;1;1;6;130;04/02/2014
2014014256;1;2;1;1;6;130;11/03/2014
2014014257;5;2;1;1;6;130;11/03/2014
2014014258;1;2;2;1;3;130;22/01/2014
2014014259;5;2;1;1;6;130;09/03/2014
2014014260;5;2;2;1;3;130;10/03/2014
2014014261;1;2;1;2;6;130;25/02/2014
2014014262;1;2;1;1;2;130;04/03/2014
2014014263;1;2;1;1;5;130;21/01/2014
2014014264;1;2;1;1;5;130;01/03/2014
2014014265;1;2;1;1;6;130;11/03/2014
2014014266;2;2;1;1;6;130;30/01/2014
2014014267;2;2;1;1;1;130;17/02/2014
2014014268;1;1;1;1;6;130;20/02/2014
2014014269;1;2;1;1;6;130;18/03/2014
2014014270;5;2;1;1;2;130;15/03/2014
2014014271;2;2;1;1;6;130;06/02/2014
2014014272;2;2;1;3;6;130;03/03/2014
2014014273;5;2;1;1;6;130;09/03/2014
2014014274;5;2;1;1;6;130;16/03/2014
2014014275;5;2;3;2;6;130;27/02/2014
2014014276;5;1;1;1;6;130;02/03/2014
2014014277;2;2;1;1;6;130;07/03/2014
2014014278;1;2;1;1;6;130;15/03/2014
2014014279;1;2;2;1;3;130;03/01/2014
2014014280;1;2;1;2;1;130;26/03/2014
2014014281;5;2;1;2;6;130;22/03/2014
2014014282;1;2;1;1;6;130;20/03/2014
2014014283;2;2;1;1;6;130;13/03/2014
2014014284;1;2;1;1;1;130;14/03/2014
2014014285;1;2;1;1;6;130;14/03/2014
2014014286;1;2;1;1;6;130;20/03/2014
2014014287;1;2;1;1;6;130;19/03/2014
2014014288;1;2;1;1;2;130;16/03/2014
2014014289;1;2;1;1;6;130;17/03/2014
2014014290;1;2;1;1;6;130;18/01/2014
2014014291;1;2;1;8;6;130;03/03/2014
2014014292;1;2;1;1;2;130;18/02/2014
2014014293;1;2;1;1;6;130;27/03/2014
2014014294;1;2;1;1;6;130;23/03/2014
2014014295;1;2;1;1;6;130;01/04/2014
2014014296;1;2;3;1;6;130;04/04/2014
2014014297;1;2;1;1;6;130;11/01/2014
2014014298;1;2;2;1;3;130;04/04/2014
2014014299;4;2;1;1;6;130;05/04/2014
2014014300;5;2;1;1;7;130;07/04/2014
2014014301;1;2;1;1;6;130;06/04/2014
2014014302;1;2;1;2;6;130;07/03/2014
2014014303;5;2;3;1;3;130;07/04/2014
2014014304;2;2;1;1;6;130;28/03/2014
2014014305;1;2;1;3;1;130;07/02/2014
2014014306;1;2;1;1;6;130;06/03/2014
2014014307;2;2;1;1;6;130;24/03/2014
2014014308;1;2;1;1;6;130;25/03/2014
2014014309;1;2;6;1;2;130;12/03/2014
2014014310;1;2;1;1;1;130;04/03/2014
2014014311;1;2;2;1;3;130;23/02/2014
2014014312;1;2;1;1;6;130;18/03/2014
2014014313;1;2;1;1;1;130;19/02/2014
2014014314;1;2;1;1;6;130;20/02/2014
2014014315;5;2;2;1;5;130;11/03/2014
2014014316;1;2;1;1;6;130;21/03/2014
2014014317;1;2;3;1;6;130;08/04/2014
2014014318;2;2;1;1;6;130;07/04/2014
2014014319;5;2;2;1;3;130;26/02/2014
2014014320;5;2;1;1;3;130;09/03/2014
2014014321;1;2;1;1;2;130;21/03/2014
2014014322;1;2;1;1;6;130;18/03/2014
2014014323;1;2;1;1;6;130;10/03/2014
2014014324;1;2;3;1;5;130;19/03/2014
2014014325;1;2;6;1;6;130;21/03/2014
2014014326;5;2;1;1;6;130;09/04/2014
2014014327;1;2;1;1;6;130;13/02/2014
2014014328;5;2;2;1;3;130;08/02/2014
2014014329;1;2;1;1;6;130;13/03/2014
2014014330;2;1;1;6;1;130;15/03/2014
2014014331;1;2;1;1;6;130;30/01/2014
2014014332;1;1;1;1;6;130;09/02/2014
2014014333;1;2;1;1;6;130;26/02/2014
2014014334;1;2;1;1;5;130;09/04/2014
2014014335;5;2;2;1;3;130;09/04/2014
2014014336;1;2;1;1;6;130;28/03/2014
2014014337;1;2;1;1;6;130;28/03/2014
2014014338;1;2;1;1;6;130;09/04/2014
2014014339;2;2;1;1;2;130;14/03/2014
2014014340;1;2;1;1;6;130;14/03/2014
2014014341;1;2;1;1;2;130;21/03/2014
2014014342;1;2;2;1;3;130;16/03/2014
2014014343;1;2;6;1;6;130;26/03/2014
2014014344;1;2;1;1;2;130;05/03/2014
2014014345;1;2;1;1;6;130;06/03/2014
2014014346;1;2;1;2;6;130;26/03/2014
2014014347;1;2;1;1;6;130;24/03/2014
2014014348;2;2;1;1;6;130;10/04/2014
2014014349;1;2;1;1;6;130;12/04/2014
2014014350;5;2;2;1;3;130;28/03/2014
2014014351;1;2;1;1;2;130;25/03/2014
2014014352;1;2;1;1;6;130;19/02/2014
2014014353;1;2;3;1;6;130;14/04/2014
2014014354;1;2;3;1;3;130;14/03/2014
2014014355;5;2;1;1;6;130;11/03/2014
2014014356;5;2;1;1;6;130;22/03/2014
2014014357;1;2;1;1;6;130;01/04/2014
2014014358;1;2;1;1;6;130;28/03/2014
2014014359;1;2;1;1;6;130;28/03/2014
2014014360;1;2;3;1;2;130;27/01/2014
2014014361;1;2;1;1;1;130;15/03/2014
2014014362;1;2;1;1;2;130;25/03/2014
2014014363;1;2;1;1;6;130;26/03/2014
2014014364;1;2;1;1;2;130;03/03/2014
2014014365;1;2;1;1;2;130;10/03/2014
2014014366;1;2;1;1;6;130;21/03/2014
2014014367;1;2;1;2;2;130;12/03/2014
2014014368;5;2;1;1;2;130;27/03/2014
2014014369;5;1;1;1;6;130;25/03/2014
2014014370;5;2;1;2;6;130;25/03/2014
2014014371;1;2;3;1;6;130;27/03/2014
2014014372;1;2;1;2;1;130;26/03/2014
2014014373;1;2;1;1;6;130;02/04/2014
2014014374;1;2;1;2;6;130;30/01/2014
2014014375;1;2;1;1;6;130;05/03/2014
2014014376;1;2;1;1;6;130;15/03/2014
2014014377;5;2;1;1;6;130;26/03/2014
2014014378;1;2;1;1;6;130;27/03/2014
2014014379;1;2;2;1;3;130;28/03/2014
2014014380;1;2;2;1;3;130;31/03/2014
2014014381;1;2;1;1;6;130;31/03/2014
2014014382;1;2;1;1;6;130;28/03/2014
2014014383;1;2;1;1;3;130;21/03/2014
2014014384;1;2;1;1;4;130;25/03/2014
2014014385;1;2;1;8;6;130;04/04/2014
2014014386;1;2;1;1;6;130;31/03/2014
2014014387;1;2;1;1;6;130;19/03/2014
2014014388;1;2;1;1;2;130;02/04/2014
2014014389;5;2;3;1;3;130;12/04/2014
2014014390;1;2;1;1;6;130;01/04/2014
2014014391;1;2;1;1;6;130;05/04/2014
2014014392;1;1;7;1;3;130;05/04/2014
2014014393;1;2;1;1;6;130;02/04/2014
2014014394;1;2;1;1;6;130;04/04/2014
2014014395;1;2;1;1;6;130;10/04/2014
2014014396;5;2;1;1;6;130;11/04/2014
2014014397;1;2;3;1;6;130;27/03/2014
2014014398;1;2;1;1;2;130;28/03/2014
2014014399;1;2;1;1;6;130;08/04/2014
2014014400;1;2;1;1;6;130;02/04/2014
2014014401;1;2;2;1;3;130;02/04/2014
2014014402;1;2;1;1;6;130;06/04/2014
2014014403;1;2;1;1;6;130;15/04/2014
2014014404;1;2;1;1;6;130;02/03/2014
2014014405;2;2;1;1;2;130;08/03/2014
2014014406;1;2;2;1;3;130;02/04/2014
2014014407;1;2;1;1;6;130;07/04/2014
2014014408;1;2;1;1;6;130;31/03/2014
2014014409;1;2;2;1;3;130;03/04/2014
2014014410;1;2;1;1;6;130;16/04/2014
2014014411;1;2;1;1;6;130;05/02/2014
2014014412;1;2;1;1;1;130;14/03/2014
2014014413;1;2;1;1;2;130;09/04/2014
2014014414;1;2;1;1;6;130;04/04/2014
2014014415;5;2;1;1;6;130;27/03/2014
2014014416;5;2;1;1;1;130;09/04/2014
2014014417;1;2;1;1;6;130;18/03/2014
2014014418;1;2;1;1;6;130;01/04/2014
2014014419;1;2;1;1;6;130;07/04/2014
2014014420;1;2;2;1;2;130;18/04/2014
2014014421;5;2;2;1;3;130;18/04/2014
2014014422;5;2;3;1;6;130;06/04/2014
2014014423;1;2;1;1;6;130;20/03/2014
2014014424;1;2;1;1;6;130;04/04/2014
2014014425;5;2;1;1;6;130;04/04/2014
2014014426;1;2;3;1;3;130;04/04/2014
2014014427;1;2;1;1;6;130;30/03/2014
2014014428;1;2;1;1;6;130;05/04/2014
2014014429;2;2;1;1;6;130;19/04/2014
2014014430;1;2;1;1;6;130;25/02/2014
2014014431;1;2;3;1;6;130;03/04/2014
2014014432;1;2;1;1;6;130;01/04/2014
2014014433;1;2;1;1;6;130;08/04/2014
2014014434;1;2;1;1;2;130;14/04/2014
2014014435;1;2;1;1;6;130;15/04/2014
2014014436;1;2;1;1;6;130;16/04/2014
2014014437;1;2;3;1;3;130;09/04/2014
2014014438;5;2;3;1;6;130;08/01/2014
2014014439;1;2;1;1;6;130;25/04/2014
2014014440;5;2;1;1;6;130;25/04/2014
2014014441;1;1;1;1;1;130;19/04/2014
2014014442;1;2;1;1;6;130;06/02/2014
2014014443;1;2;1;1;6;130;15/04/2014
2014014444;1;2;1;1;6;130;11/04/2014
2014014445;1;2;1;1;6;130;12/04/2014
2014014446;1;2;2;1;3;130;15/04/2014
2014014447;2;2;1;1;1;130;09/04/2014
2014014448;1;2;1;1;1;130;08/04/2014
2014014449;1;2;3;1;3;130;09/04/2014
2014014450;1;2;1;1;6;130;14/04/2014
2014014451;1;2;1;1;1;130;03/02/2014
2014014452;1;2;1;1;6;130;01/04/2014
2014014453;5;2;1;1;6;130;05/04/2014
2014014454;5;2;1;1;6;130;03/04/2014
2014014455;2;2;3;1;5;130;04/04/2014
2014014456;1;2;1;1;6;130;07/04/2014
2014014457;1;2;1;1;6;130;13/03/2014
2014014458;1;2;1;1;2;130;27/03/2014
2014014459;1;2;2;1;6;130;10/04/2014
2014014460;1;2;1;1;6;130;16/04/2014
2014014461;1;2;1;1;6;130;16/04/2014
2014014462;1;2;1;1;6;130;21/03/2014
2014014463;1;2;1;1;6;130;19/04/2014
2014014464;1;2;1;1;6;130;15/04/2014
2014014465;1;2;1;1;6;130;31/03/2014
2014014466;1;2;3;1;2;130;10/04/2014
2014014467;5;2;1;1;6;130;06/02/2014
2014014468;1;2;1;1;6;130;01/04/2014
2014014469;5;2;1;1;2;130;03/04/2014
2014014470;2;2;1;1;6;130;07/04/2014
2014014471;1;2;1;1;6;130;15/04/2014
2014014472;1;2;2;1;6;130;10/04/2014
2014014473;2;2;1;1;1;130;09/01/2014
2014014474;1;2;1;3;2;130;29/01/2014
2014014475;1;2;2;1;3;130;02/04/2014
2014014476;1;2;1;1;2;130;03/04/2014
2014014477;1;2;1;1;6;130;06/04/2014
2014014478;1;2;1;1;6;130;30/03/2014
2014014479;1;2;1;1;6;130;28/04/2014
2014014480;5;2;1;2;6;130;05/02/2014
2014014481;5;2;1;1;6;130;12/01/2014
2014014482;1;2;3;1;6;130;05/04/2014
2014014483;1;2;2;1;3;130;07/04/2014
2014014484;1;2;1;1;6;130;17/04/2014
2014014485;5;2;1;1;6;130;19/04/2014
2014014486;1;2;1;1;2;130;31/03/2014
2014014487;1;2;1;1;6;130;17/04/2014
2014014488;1;2;1;1;6;130;17/04/2014
2014014489;1;2;1;1;6;130;18/04/2014
2014014490;1;2;1;1;6;130;18/04/2014
2014014491;1;2;2;1;3;130;13/02/2014
2014014492;1;2;3;1;3;130;21/02/2014
2014014493;1;2;2;1;3;130;15/04/2014
2014014494;1;2;3;1;6;130;15/04/2014
2014014495;1;2;1;1;6;130;21/02/2014
2014014496;1;2;1;1;6;130;09/04/2014
2014014497;1;2;4;1;6;130;10/04/2014
2014014498;1;2;1;1;2;130;18/04/2014
2014014499;1;2;1;1;1;130;22/04/2014
2014014500;2;2;1;1;6;130;04/05/2014
2014014501;5;2;1;1;6;130;04/05/2014
2014014502;5;2;2;1;3;130;04/05/2014
2014014503;1;2;1;1;2;130;06/04/2014
2014014504;1;2;1;1;6;130;11/04/2014
2014014505;1;2;1;8;2;130;22/04/2014
2014014506;1;2;1;1;6;130;25/03/2014
2014014507;1;2;1;1;6;130;15/03/2014
2014014508;1;2;1;1;6;130;09/04/2014
2014014509;1;2;1;1;2;130;12/04/2014
2014014510;1;2;6;1;6;130;29/04/2014
2014014511;1;2;1;1;6;130;02/04/2014
2014014512;2;2;1;1;1;130;25/04/2014
2014014513;1;2;1;1;6;130;13/04/2014
2014014514;1;2;6;2;2;130;25/04/2014
2014014515;1;2;1;1;6;130;16/04/2014
2014014516;5;2;3;1;6;130;26/04/2014
2014014517;1;2;1;1;6;130;06/04/2014
2014014518;1;2;1;1;6;130;07/04/2014
2014014519;1;2;1;1;6;130;16/04/2014
2014014520;5;2;1;2;6;130;26/04/2014
2014014521;5;2;1;1;6;130;27/04/2014
2014014522;1;1;2;1;3;130;29/04/2014
2014014523;5;2;1;2;6;130;04/04/2014
2014014524;1;2;1;1;6;130;22/04/2014
2014014525;1;2;1;3;6;130;22/04/2014
2014014526;1;2;1;2;1;130;25/04/2014
2014014527;1;2;1;1;6;130;05/04/2014
2014014528;1;2;1;1;6;130;28/03/2014
2014014529;1;2;1;1;6;130;14/04/2014
2014014530;1;2;1;1;2;130;15/04/2014
2014014531;2;2;1;1;6;130;22/04/2014
2014014532;1;2;1;1;7;130;14/04/2014
2014014533;1;2;1;1;6;130;15/04/2014
2014014534;1;2;1;1;6;130;23/04/2014
2014014535;1;2;3;1;3;130;10/04/2014
2014014536;1;2;1;1;2;130;24/04/2014
2014014537;1;2;3;1;6;130;24/04/2014
2014014538;1;2;1;1;6;130;28/04/2014
2014014539;5;2;3;1;6;130;29/04/2014
2014014540;1;2;1;1;6;130;28/03/2014
2014014541;1;2;1;1;6;130;13/05/2014
2014014542;1;2;1;1;6;130;14/05/2014
2014014543;2;2;1;1;6;130;14/05/2014
2014014544;1;2;2;1;3;130;31/03/2014
2014014545;1;2;1;1;6;130;28/04/2014
2014014546;1;2;1;1;6;130;03/04/2014
2014014547;5;2;1;1;2;130;11/03/2014
2014014548;1;2;3;1;3;130;24/04/2014
2014014549;1;2;1;1;6;130;14/04/2014
2014014550;1;1;3;1;6;130;27/04/2014
2014014551;5;2;1;1;6;130;27/04/2014
2014014552;1;2;1;1;6;130;26/04/2014
2014014553;5;2;2;1;3;130;26/04/2014
2014014554;1;2;1;1;6;130;21/03/2014
2014014555;2;2;3;1;3;130;25/04/2014
2014014556;1;2;1;1;6;130;10/04/2014
2014014557;1;2;1;1;1;130;24/04/2014
2014014558;5;2;1;1;2;130;12/02/2014
2014014559;5;2;1;1;2;130;06/03/2014
2014014560;2;2;2;1;1;130;06/04/2014
2014014561;1;2;1;1;6;130;30/03/2014
2014014562;1;2;1;1;2;130;20/04/2014
2014014563;5;2;1;2;2;130;19/05/2014
2014014564;1;2;1;1;6;130;17/05/2014
2014014565;5;2;1;1;6;130;18/05/2014
2014014566;1;1;2;2;6;130;19/05/2014
2014014567;1;2;1;1;6;130;26/03/2014
2014014568;2;2;1;1;1;130;27/04/2014
2014014569;1;2;1;1;6;130;30/04/2014
2014014570;1;2;2;1;6;130;26/04/2014
2014014571;1;2;1;2;6;130;19/05/2014
2014014572;1;2;6;1;1;130;23/03/2014
2014014573;1;2;3;1;3;130;20/05/2014
2014014574;5;2;6;1;2;130;05/04/2014
2014014575;1;2;2;1;6;130;10/04/2014
2014014576;1;2;2;1;3;130;18/04/2014
2014014577;1;1;1;1;2;130;22/04/2014
2014014578;1;2;1;1;5;130;22/04/2014
2014014579;1;2;1;1;2;130;30/04/2014
2014014580;1;2;2;1;7;130;01/05/2014
2014014581;1;2;1;1;6;130;04/05/2014
2014014582;5;2;1;1;2;130;07/05/2014
2014014583;5;2;1;1;6;130;12/05/2014
2014014584;1;2;1;1;6;130;19/04/2014
2014014585;2;2;2;1;6;130;11/05/2014