num_acc;lum;agg;inter;atm;col;dep;date
2014016327;1;1;1;1;4;130;18/07/2014
2014016328;1;2;1;1;6;130;25/07/2014
2014016329;3;1;1;1;6;130;27/07/2014
2014016330;5;2;1;1;6;130;28/07/2014
2014016331;3;2;1;1;7;130;15/08/2014
2014016332;1;2;3;8;1;130;26/08/2014
2014016333;1;2;1;1;6;130;09/09/2014
2014016334;5;2;2;2;3;130;15/09/2014
2014016335;1;2;1;1;3;130;09/10/2014
2014016336;5;2;1;1;6;130;17/11/2014
2014016337;1;1;9;1;3;130;17/11/2014
2014016338;1;2;1;1;6;130;07/12/2014
2014016339;3;1;1;2;1;300;02/01/2014
2014016340;1;1;3;1;6;300;03/01/2014
2014016341;5;2;3;1;3;300;11/01/2014
2014016342;1;1;1;1;7;130;23/01/2014
2014016343;2;2;1;3;6;130;31/01/2014
2014016344;2;1;1;1;7;130;08/01/2014
2014016345;3;1;1;1;7;300;01/02/2014
2014016346;1;2;3;1;3;130;07/02/2014
2014016347;1;1;1;2;7;300;08/02/2014
2014016348;5;1;1;1;6;300;12/02/2014
2014016349;1;1;1;1;7;130;12/02/2014
2014016350;1;1;1;1;1;300;17/02/2014
2014016351;4;2;1;1;6;300;17/02/2014
2014016352;1;1;1;1;7;300;20/02/2014
2014016353;2;2;1;1;6;130;21/02/2014
2014016354;2;1;3;1;3;300;25/02/2014
2014016355;1;1;2;1;3;300;01/03/2014
2014016356;3;1;9;1;7;300;08/03/2014
2014016357;1;1;1;1;5;130;09/03/2014
2014016358;3;1;1;1;7;130;13/03/2014
2014016359;2;1;1;1;7;130;23/03/2014
2014016360;1;2;3;1;3;300;27/03/2014
2014016361;1;2;1;1;2;130;10/04/2014
2014016362;1;1;1;1;7;130;10/04/2014
2014016363;2;2;9;1;7;130;11/04/2014
2014016364;1;2;1;1;6;300;14/04/2014
2014016365;1;1;1;1;6;130;15/04/2014
2014016366;1;2;1;1;7;300;17/04/2014
2014016367;1;1;2;1;3;130;21/04/2014
2014016368;1;2;1;1;2;300;25/04/2014
2014016369;1;1;1;1;7;130;02/05/2014
2014016370;1;1;1;1;2;130;03/05/2014
2014016371;1;1;1;1;7;130;06/05/2014
2014016372;1;2;1;1;7;300;08/05/2014
2014016373;1;1;1;1;7;300;13/05/2014
2014016374;1;2;3;1;3;130;15/05/2014
2014016375;3;1;1;1;1;300;17/05/2014
2014016376;1;1;1;1;3;130;17/05/2014
2014016377;1;1;1;1;3;300;22/05/2014
2014016378;1;1;1;1;2;300;24/05/2014
2014016379;1;1;1;1;6;300;03/06/2014
2014016380;1;2;1;1;5;300;07/06/2014
2014016381;1;2;1;2;7;300;15/06/2014
2014016382;1;1;1;1;7;130;14/06/2014
2014016383;1;2;1;1;7;300;09/06/2014
2014016384;1;1;1;1;7;130;17/06/2014
2014016385;1;1;1;1;7;130;24/06/2014
2014016386;1;1;1;1;7;130;25/06/2014
2014016387;1;2;1;3;2;300;25/06/2014
2014016388;5;2;1;1;7;130;26/06/2014
2014016389;1;1;1;1;5;300;27/06/2014
2014016390;1;1;1;1;3;300;05/07/2014
2014016391;1;1;1;1;3;130;22/07/2014
2014016392;1;1;1;1;7;130;22/07/2014
2014016393;1;1;1;2;7;300;25/07/2014
2014016394;1;1;1;1;7;130;25/07/2014
2014016395;1;1;1;1;7;300;29/07/2014
2014016396;4;2;1;1;5;130;01/08/2014
2014016397;1;2;2;1;3;300;05/08/2014
2014016398;1;2;1;1;2;130;05/08/2014
2014016399;1;1;3;1;3;130;10/08/2014
2014016400;1;1;4;1;3;130;17/08/2014
2014016401;1;1;1;1;4;300;21/08/2014
2014016402;1;1;3;1;6;130;26/08/2014
2014016403;1;1;1;1;7;130;31/08/2014
2014016404;1;2;2;1;6;130;01/09/2014
2014016405;1;2;1;1;3;300;01/09/2014
2014016406;1;2;1;1;2;300;01/09/2014
2014016407;1;2;2;1;3;300;03/09/2014
2014016408;1;1;1;1;1;130;05/09/2014
2014016409;1;2;1;1;6;130;09/09/2014
2014016410;1;1;1;1;7;130;11/09/2014
2014016411;1;2;1;1;5;130;13/09/2014
2014016412;1;1;1;1;2;300;16/09/2014
2014016413;1;1;1;1;7;130;20/09/2014
2014016414;1;1;1;3;7;300;24/09/2014
2014016415;1;1;1;1;6;130;26/09/2014
2014016416;1;1;1;1;6;130;26/09/2014
2014016417;1;1;1;1;2;300;30/09/2014
2014016418;3;1;1;1;6;300;09/10/2014
2014016419;1;2;1;2;7;130;10/10/2014
2014016420;1;1;1;1;6;130;10/10/2014
2014016421;1;2;1;1;6;300;12/10/2014
2014016422;1;2;1;1;7;300;18/10/2014
2014016423;3;1;1;1;7;300;31/10/2014
2014016424;3;1;1;1;7;300;01/11/2014
2014016425;3;1;1;2;7;130;04/11/2014
2014016426;2;1;1;1;6;300;06/11/2014
2014016427;2;2;1;1;6;300;07/11/2014
2014016428;1;1;1;2;7;130;04/11/2014
2014016429;1;1;1;1;3;130;08/11/2014
2014016430;5;2;1;2;6;130;15/11/2014
2014016431;3;1;1;1;7;130;18/11/2014
2014016432;1;2;1;1;6;300;19/11/2014
2014016433;3;1;1;1;7;300;19/11/2014
2014016434;1;2;1;1;6;300;27/11/2014
2014016435;3;1;1;3;1;130;27/11/2014
2014016436;4;2;1;1;4;130;07/12/2014
2014016437;3;1;1;1;1;130;06/12/2014
2014016438;2;1;1;1;2;130;12/12/2014
2014016439;3;1;1;1;3;300;12/12/2014
2014016440;1;1;1;1;7;300;18/12/2014
2014016441;1;2;1;1;6;300;18/12/2014
2014016442;1;1;1;1;7;130;19/12/2014
2014016443;5;2;1;1;7;300;20/12/2014
2014016444;3;1;1;1;7;130;22/12/2014
2014016445;1;1;1;1;1;300;23/12/2014
2014016446;3;1;1;1;7;130;23/12/2014
2014016447;1;2;1;1;3;300;24/12/2014
2014016448;1;1;1;1;6;130;01/01/2014
2014016449;1;2;9;1;2;130;02/01/2014
2014016450;1;2;1;1;6;130;03/01/2014
2014016451;5;2;1;1;5;130;07/01/2014
2014016452;5;1;2;1;3;130;07/01/2014
2014016453;5;2;1;1;2;130;10/01/2014
2014016454;5;2;1;1;6;130;10/01/2014
2014016455;1;1;1;2;4;130;13/01/2014
2014016456;1;1;1;1;3;130;15/01/2014
2014016457;1;2;2;1;3;130;15/01/2014
2014016458;5;2;2;1;3;130;15/01/2014
2014016459;2;2;2;2;1;130;16/01/2014
2014016460;1;1;1;3;6;130;16/01/2014
2014016461;1;2;1;8;6;130;19/01/2014
2014016462;1;1;6;1;2;130;20/01/2014
2014016463;1;2;1;1;1;130;21/01/2014
2014016464;1;2;1;1;6;130;23/01/2014
2014016465;5;2;1;1;6;130;24/01/2014
2014016466;2;2;2;1;3;130;26/01/2014
2014016467;1;2;6;1;2;130;27/01/2014
2014016468;3;1;3;1;3;130;29/01/2014
2014016469;1;2;1;2;3;130;30/01/2014
2014016470;1;1;1;3;6;130;30/01/2014
2014016471;1;1;1;3;6;130;05/02/2014
2014016472;1;2;1;3;6;130;05/02/2014
2014016473;1;1;1;1;6;130;04/02/2014
2014016474;1;1;1;1;2;130;06/02/2014
2014016475;3;2;1;1;2;130;06/02/2014
2014016476;1;2;1;1;2;130;07/02/2014
2014016477;4;1;1;1;2;130;07/02/2014
2014016478;3;1;1;2;6;130;08/02/2014
2014016479;1;1;1;2;3;130;10/02/2014
2014016480;3;1;1;1;7;130;16/02/2014
2014016481;1;1;1;1;6;130;16/02/2014
2014016482;1;2;1;1;6;130;16/02/2014
2014016483;1;2;1;1;1;130;18/02/2014
2014016484;3;1;1;1;6;130;20/02/2014
2014016485;1;2;6;1;4;130;04/03/2014
2014016486;1;2;9;1;6;130;06/03/2014
2014016487;1;2;1;1;7;130;09/03/2014
2014016488;1;1;1;1;2;130;13/03/2014
2014016489;1;2;4;1;2;130;14/03/2014
2014016490;1;1;1;1;4;130;14/03/2014
2014016491;1;1;2;1;3;130;16/03/2014
2014016492;1;2;3;1;3;130;18/03/2014
2014016493;1;1;1;1;4;130;19/03/2014
2014016494;3;1;1;1;7;130;20/03/2014
2014016495;1;2;1;8;4;130;21/03/2014
2014016496;1;2;3;1;1;130;21/03/2014
2014016497;5;2;3;1;3;130;21/03/2014
2014016498;1;1;1;2;6;130;22/03/2014
2014016499;1;1;1;1;3;130;23/03/2014
2014016500;1;2;1;1;4;130;24/03/2014
2014016501;1;1;1;1;3;130;25/03/2014
2014016502;1;1;1;1;6;130;25/03/2014
2014016503;1;1;1;1;6;130;23/03/2014
2014016504;1;2;6;1;2;130;29/03/2014
2014016505;1;2;3;1;2;130;29/03/2014
2014016506;1;2;1;1;4;130;03/04/2014
2014016507;1;2;1;1;3;130;03/04/2014
2014016508;1;2;1;1;2;130;04/04/2014
2014016509;1;2;1;1;6;130;10/04/2014
2014016510;1;1;1;1;7;130;10/04/2014
2014016511;1;1;1;1;4;130;10/04/2014
2014016512;1;2;1;1;3;130;12/04/2014
2014016513;1;1;6;1;6;130;14/04/2014
2014016514;1;1;1;1;2;130;15/04/2014
2014016515;5;2;1;1;7;130;18/04/2014
2014016516;1;2;1;1;6;130;19/04/2014
2014016517;1;1;3;1;3;130;19/04/2014
2014016518;1;1;1;2;6;130;20/04/2014
2014016519;2;2;9;1;6;130;21/04/2014
2014016520;1;2;6;2;3;130;22/04/2014
2014016521;2;1;1;5;2;130;23/04/2014
2014016522;1;1;6;2;3;130;25/04/2014
2014016523;1;2;1;1;3;130;28/04/2014
2014016524;1;1;1;1;6;130;28/04/2014
2014016525;1;1;1;1;6;130;03/05/2014
2014016526;1;2;1;1;7;130;06/05/2014
2014016527;1;2;1;1;7;130;07/05/2014
2014016528;5;2;1;1;3;130;07/05/2014
2014016529;1;1;1;1;6;130;10/05/2014
2014016530;1;2;1;1;3;130;12/05/2014
2014016531;5;2;3;1;3;130;14/05/2014
2014016532;1;1;1;1;2;130;15/05/2014
2014016533;5;1;1;1;2;130;16/05/2014
2014016534;1;2;3;1;3;130;16/05/2014
2014016535;1;2;1;1;6;130;18/05/2014
2014016536;1;2;1;1;7;130;18/05/2014
2014016537;1;2;1;1;3;130;20/05/2014
2014016538;1;2;1;1;6;130;20/05/2014
2014016539;5;2;1;2;2;130;22/05/2014
2014016540;1;2;1;1;6;130;24/05/2014
2014016541;1;1;1;1;6;130;27/05/2014
2014016542;1;2;4;1;3;130;31/05/2014
2014016543;5;2;1;1;7;130;26/05/2014
2014016544;1;2;1;1;6;130;01/06/2014
2014016545;1;2;1;1;1;130;03/06/2014
2014016546;1;1;1;1;2;130;05/06/2014
2014016547;1;1;2;1;3;130;05/06/2014
2014016548;1;1;1;1;4;130;05/06/2014
2014016549;1;1;1;1;1;130;07/06/2014
2014016550;1;2;1;1;3;130;07/06/2014
2014016551;1;2;1;1;2;130;10/06/2014
2014016552;1;1;1;1;3;130;10/06/2014
2014016553;1;2;9;1;3;130;11/06/2014
2014016554;1;2;9;2;6;130;12/06/2014
2014016555;1;1;1;1;2;130;16/06/2014
2014016556;1;1;1;1;3;130;21/06/2014
2014016557;1;1;1;1;7;130;22/06/2014
2014016558;2;1;1;2;7;130;25/06/2014
2014016559;3;1;1;1;7;130;29/06/2014
2014016560;1;2;1;1;2;130;30/06/2014
2014016561;1;2;1;1;4;130;30/06/2014
2014016562;2;2;4;1;3;130;02/07/2014
2014016563;1;1;1;1;6;130;05/07/2014
2014016564;1;2;1;1;3;130;08/07/2014
2014016565;1;2;1;1;7;130;10/07/2014
2014016566;1;1;2;1;3;130;10/07/2014
2014016567;1;1;1;1;2;130;11/07/2014
2014016568;1;2;3;1;3;130;11/07/2014
2014016569;1;2;1;1;6;130;11/07/2014
2014016570;1;2;1;1;2;130;14/07/2014
2014016571;1;2;6;1;2;130;21/07/2014
2014016572;1;1;1;1;4;130;26/07/2014
2014016573;5;2;1;1;6;130;28/07/2014
2014016574;3;1;1;1;6;130;29/07/2014
2014016575;1;2;4;1;3;130;31/07/2014
2014016576;5;2;1;3;6;130;03/08/2014
2014016577;1;1;1;1;1;130;08/08/2014
2014016578;1;1;1;1;6;130;10/08/2014
2014016579;1;2;2;1;1;130;14/08/2014
2014016580;1;2;3;1;7;130;14/08/2014
2014016581;5;1;1;1;3;130;15/08/2014
2014016582;1;1;1;1;7;130;18/08/2014
2014016583;1;2;1;1;2;130;21/08/2014
2014016584;1;1;3;1;6;130;22/08/2014
2014016585;1;1;3;1;3;130;25/08/2014
2014016586;1;2;3;1;3;130;25/08/2014
2014016587;1;2;1;1;3;130;25/08/2014
2014016588;1;1;3;1;3;130;26/08/2014
2014016589;1;1;1;1;5;130;26/08/2014
2014016590;1;2;1;1;2;130;27/08/2014
2014016591;1;2;1;1;6;130;30/08/2014
2014016592;1;2;1;1;3;130;30/08/2014
2014016593;1;2;1;1;6;130;02/09/2014
2014016594;1;2;1;1;2;130;04/09/2014
2014016595;1;1;1;1;6;130;04/09/2014
2014016596;1;1;1;1;6;130;04/09/2014
2014016597;1;2;4;1;3;130;05/09/2014
2014016598;1;1;2;1;3;130;08/09/2014
2014016599;1;2;1;1;3;130;10/09/2014
2014016600;1;2;3;1;3;130;16/09/2014
2014016601;1;1;1;1;7;130;17/09/2014
2014016602;1;1;3;1;3;130;18/09/2014
2014016603;1;1;1;1;2;130;18/09/2014
2014016604;3;2;1;1;6;130;19/09/2014
2014016605;1;2;1;3;6;130;19/09/2014
2014016606;1;1;1;1;6;130;19/09/2014
2014016607;1;1;1;1;3;130;21/09/2014
2014016608;1;1;1;2;6;130;24/09/2014
2014016609;1;2;1;8;6;130;24/09/2014
2014016610;1;1;1;8;7;130;24/09/2014
2014016611;1;2;1;1;3;130;28/09/2014
2014016612;1;2;1;1;2;130;28/09/2014
2014016613;1;1;1;3;1;130;30/09/2014
2014016614;3;1;3;1;3;130;01/10/2014
2014016615;1;1;1;1;7;130;03/10/2014
2014016616;1;2;1;1;2;130;04/10/2014
2014016617;1;2;6;1;1;130;07/10/2014
2014016618;3;1;1;1;7;130;07/10/2014
2014016619;1;2;1;1;3;130;08/10/2014
2014016620;1;2;1;1;5;130;09/10/2014
2014016621;1;2;2;1;1;130;12/10/2014
2014016622;1;2;1;2;1;130;14/10/2014
2014016623;1;1;1;1;4;130;15/10/2014
2014016624;1;2;6;1;3;130;16/10/2014
2014016625;1;1;1;1;3;130;16/10/2014
2014016626;1;2;1;1;3;130;17/10/2014
2014016627;1;1;1;1;2;130;21/10/2014
2014016628;1;1;1;1;7;130;26/10/2014
2014016629;2;2;3;1;3;130;27/10/2014
2014016630;5;2;1;5;6;130;01/11/2014
2014016631;1;2;1;2;2;130;03/11/2014
2014016632;1;2;1;2;3;130;03/11/2014
2014016633;1;1;1;2;7;130;03/11/2014
2014016634;1;1;1;1;2;130;06/11/2014
2014016635;1;1;1;8;1;130;10/11/2014
2014016636;1;2;1;8;7;130;10/11/2014
2014016637;1;1;1;8;7;130;10/11/2014
2014016638;1;2;1;2;6;130;12/11/2014
2014016639;1;1;1;2;3;130;11/11/2014
2014016640;1;2;9;3;6;130;12/11/2014
2014016641;5;2;1;1;6;130;12/11/2014
2014016642;1;2;2;1;3;130;14/11/2014
2014016643;1;2;1;2;7;130;15/11/2014
2014016644;1;1;1;2;5;130;15/11/2014
2014016645;1;1;1;1;3;130;15/11/2014
2014016646;5;2;3;8;3;130;15/11/2014
2014016647;5;2;9;8;1;130;15/11/2014
2014016648;1;2;1;1;2;130;17/11/2014
2014016649;1;2;3;1;3;130;20/11/2014
2014016650;1;1;1;1;2;130;21/11/2014
2014016651;1;2;2;1;3;130;21/11/2014
2014016652;1;1;1;1;3;130;21/11/2014
2014016653;1;1;1;1;6;130;23/11/2014
2014016654;3;1;1;1;4;130;24/11/2014
2014016655;1;1;1;2;6;130;25/11/2014
2014016656;1;2;1;1;3;130;27/11/2014
2014016657;1;2;1;2;2;130;27/11/2014
2014016658;2;1;1;2;6;130;27/11/2014
2014016659;3;2;1;1;2;130;28/11/2014
2014016660;3;1;1;1;2;130;28/11/2014
2014016661;1;2;2;1;3;130;29/11/2014
2014016662;1;1;1;1;3;130;29/11/2014
2014016663;1;2;1;2;7;130;01/12/2014
2014016664;1;1;1;1;7;130;02/12/2014
2014016665;1;1;2;2;3;130;01/12/2014
2014016666;1;2;1;1;6;130;02/12/2014
2014016667;5;1;1;1;4;130;02/12/2014
2014016668;1;2;3;1;3;130;03/12/2014
2014016669;1;2;1;1;5;130;03/12/2014
2014016670;1;1;1;1;2;130;04/12/2014
2014016671;5;2;3;2;1;130;04/12/2014
2014016672;5;2;6;1;6;130;09/12/2014
2014016673;3;1;1;1;3;130;12/12/2014
2014016674;1;2;9;1;3;130;17/12/2014
2014016675;1;1;1;1;5;130;17/12/2014
2014016676;5;1;1;1;1;130;17/12/2014
2014016677;5;2;1;1;6;130;17/12/2014
2014016678;5;2;1;1;5;130;18/12/2014
2014016679;3;1;1;1;4;130;18/12/2014
2014016680;2;2;1;1;6;130;26/12/2014
2014016681;1;1;1;8;3;680;19/01/2014
2014016682;3;1;1;1;4;680;07/02/2014
2014016683;1;1;1;2;6;680;08/02/2014
2014016684;3;1;1;1;5;680;12/02/2014
2014016685;3;1;1;2;2;680;27/02/2014
2014016686;3;1;1;1;2;680;07/03/2014
2014016687;1;1;1;1;2;680;02/04/2014
2014016688;3;1;1;1;2;680;16/04/2014
2014016689;2;1;1;1;6;680;20/04/2014
2014016690;3;1;1;1;7;680;16/05/2014
2014016691;1;1;1;1;6;680;18/05/2014
2014016692;1;1;1;1;7;680;29/05/2014
2014016693;1;1;1;1;4;680;06/06/2014
2014016694;1;1;1;1;6;680;12/06/2014
2014016695;3;1;1;1;6;680;13/06/2014
2014016696;1;1;1;1;2;680;18/06/2014
2014016697;3;1;1;2;6;680;29/06/2014
2014016698;1;1;1;1;7;680;06/08/2014
2014016699;3;1;1;1;2;680;18/09/2014
2014016700;1;1;1;1;6;680;09/10/2014
2014016701;1;1;1;1;2;680;13/10/2014
2014016702;2;1;1;1;6;680;30/10/2014
2014016703;2;1;2;2;3;680;10/11/2014
2014016704;1;1;1;8;7;680;15/11/2014
2014016705;1;1;1;1;5;680;26/11/2014
2014016706;3;1;1;2;6;680;02/12/2014
2014016707;3;1;1;1;2;680;18/12/2014
2014016708;1;1;1;2;6;780;01/01/2014
2014016709;3;1;1;5;1;780;25/01/2014
2014016710;1;1;1;9;1;780;12/02/2014
2014016711;3;1;1;2;1;780;28/02/2014
2014016712;1;2;1;1;1;780;05/05/2014
2014016713;1;1;1;2;3;780;10/07/2014
2014016714;1;1;4;1;1;780;25/07/2014
2014016715;1;1;1;1;7;780;01/08/2014
2014016716;1;1;1;1;2;780;03/08/2014
2014016717;1;1;1;1;7;780;05/08/2014
2014016718;1;1;1;1;6;780;17/09/2014
2014016719;1;1;1;1;6;330;18/05/2014
2014016720;1;1;1;2;2;330;08/08/2014
2014016721;1;1;1;1;6;720;20/06/2014
2014016722;1;1;1;1;2;720;18/07/2014
2014016723;1;1;1;1;6;720;23/09/2014
2014016724;3;1;1;1;6;720;27/09/2014
2014016725;3;1;1;1;6;720;15/10/2014
2014016726;1;1;1;8;3;720;02/12/2014
2014016727;1;1;1;8;3;720;18/02/2014
2014016728;1;1;1;8;5;720;03/03/2014
2014016729;1;1;1;1;3;720;06/03/2014
2014016730;1;2;1;1;6;720;06/06/2014
2014016731;1;1;1;1;5;720;05/09/2014
2014016732;1;1;1;1;1;720;18/09/2014
2014016733;1;1;1;1;1;720;15/09/2014
2014016734;3;1;1;1;6;720;19/10/2014
2014016735;1;1;9;5;3;720;28/10/2014
2014016736;1;2;1;1;1;950;21/08/2014
2014016737;1;2;1;1;3;950;18/09/2014
2014016738;1;2;1;1;1;950;22/09/2014
2014016739;1;2;1;1;2;950;07/10/2014
2014016740;5;2;1;2;6;950;26/11/2014
2014016741;1;1;1;5;6;720;10/01/2014
2014016742;1;1;1;1;6;720;23/07/2014
2014016743;1;1;1;1;6;720;30/07/2014
2014016744;1;1;1;1;6;720;09/10/2014
2014016745;3;1;1;1;6;490;17/01/2014
2014016746;3;1;1;2;6;490;28/02/2014
2014016747;1;1;1;6;7;490;28/02/2014
2014016748;1;1;1;1;2;490;20/03/2014
2014016749;1;1;1;8;7;490;03/04/2014
2014016750;1;1;1;1;7;490;17/05/2014
2014016751;1;1;1;1;7;490;31/08/2014
2014016752;3;1;1;3;2;490;07/10/2014
2014016753;2;1;1;1;3;490;28/11/2014
2014016754;3;1;1;2;2;490;12/12/2014
2014016755;3;1;1;1;6;240;15/01/2014
2014016756;1;1;1;1;6;240;14/01/2014
2014016757;1;1;1;1;1;240;11/02/2014
2014016758;1;2;8;7;3;240;18/04/2014
2014016759;3;1;1;1;6;240;30/04/2014
2014016760;5;1;2;1;3;240;20/05/2014
2014016761;1;1;2;1;3;240;07/08/2014
2014016762;1;1;1;1;3;240;07/08/2014
2014016763;1;1;1;1;2;240;12/08/2014
2014016764;3;1;1;1;1;240;01/11/2014
2014016765;3;2;1;2;6;240;18/12/2014
2014016766;5;2;3;2;6;680;08/02/2014
2014016767;1;1;1;1;3;680;31/03/2014
2014016768;1;2;1;1;7;680;17/05/2014
2014016769;1;1;1;3;1;680;13/10/2014
2014016770;1;2;1;1;1;680;24/12/2014
2014016771;3;1;1;3;3;190;28/02/2014
2014016772;1;1;1;2;7;190;20/04/2014
2014016773;1;1;1;1;2;190;17/07/2014
2014016774;1;1;1;1;6;190;31/08/2014
2014016775;3;1;1;1;2;190;21/11/2014
2014016776;1;1;1;1;6;670;17/03/2014
2014016777;1;1;1;1;7;670;15/04/2014
2014016778;1;2;1;1;6;670;08/05/2014
2014016779;1;1;3;1;1;670;08/06/2014
2014016780;1;1;1;1;1;670;22/06/2014
2014016781;1;1;1;1;7;670;07/08/2014
2014016782;1;2;1;1;3;670;17/09/2014
2014016783;1;1;1;2;7;670;05/11/2014
2014016784;5;2;9;1;3;670;28/11/2014
2014016785;5;1;1;1;6;140;01/01/2014
2014016786;1;2;3;1;3;140;09/01/2014
2014016787;2;2;2;8;3;140;14/01/2014
2014016788;1;2;1;8;6;140;17/01/2014
2014016789;5;1;1;1;5;140;17/01/2014
2014016790;5;1;1;1;6;140;19/01/2014
2014016791;5;2;2;1;1;140;24/01/2014
2014016792;5;1;1;1;6;140;26/01/2014
2014016793;5;1;1;1;6;140;28/01/2014
2014016794;1;2;2;7;6;140;04/02/2014
2014016795;1;2;1;2;6;140;06/02/2014
2014016796;1;2;1;3;6;140;12/02/2014
2014016797;1;2;2;8;2;140;28/02/2014
2014016798;2;2;1;1;2;140;28/02/2014
2014016799;1;2;1;1;1;140;05/03/2014
2014016800;1;2;3;1;6;140;10/03/2014
2014016801;1;2;2;1;3;140;14/03/2014
2014016802;1;1;3;1;3;140;21/03/2014
2014016803;5;2;1;1;2;140;21/03/2014
2014016804;5;1;1;1;6;140;30/03/2014
2014016805;5;2;1;1;3;140;03/04/2014
2014016806;1;2;2;1;3;140;06/04/2014
2014016807;1;1;1;1;2;140;10/04/2014
2014016808;5;2;2;1;3;140;11/04/2014
2014016809;1;2;1;1;6;140;16/04/2014
2014016810;1;2;1;1;6;140;21/04/2014
2014016811;1;2;1;1;1;140;22/04/2014
2014016812;1;1;1;1;2;140;17/04/2014
2014016813;1;2;1;1;6;140;06/04/2014
2014016814;5;2;1;1;6;140;18/05/2014
2014016815;1;2;1;1;4;140;20/05/2014
2014016816;1;1;1;1;6;140;20/05/2014
2014016817;1;2;2;1;1;140;12/05/2014
2014016818;1;2;1;1;6;140;23/05/2014
2014016819;1;2;1;1;2;140;27/05/2014
2014016820;1;2;2;1;3;140;28/05/2014
2014016821;1;2;1;1;3;140;30/05/2014
2014016822;1;2;1;1;6;140;28/05/2014
2014016823;1;2;6;1;2;140;12/06/2014
2014016824;5;1;1;1;2;140;14/06/2014
2014016825;1;2;1;1;3;140;17/06/2014
2014016826;1;2;6;1;2;140;18/06/2014
2014016827;1;2;1;1;6;140;20/06/2014
2014016828;1;2;1;1;6;140;11/06/2014
2014016829;1;2;1;1;6;140;29/06/2014
2014016830;1;1;1;1;4;140;17/06/2014
2014016831;1;2;1;1;7;140;11/04/2014
2014016832;1;2;1;1;6;140;11/07/2014
2014016833;1;2;1;1;3;140;21/06/2014
2014016834;3;1;3;1;2;140;06/08/2014
2014016835;1;2;1;1;7;140;04/07/2014
2014016836;5;2;1;1;3;140;09/08/2014
2014016837;5;2;2;1;3;140;09/08/2014
2014016838;1;1;3;1;3;140;13/08/2014
2014016839;5;2;3;1;3;140;14/08/2014
2014016840;1;2;1;1;6;140;21/08/2014
2014016841;1;2;1;1;6;140;31/08/2014
2014016842;1;2;3;1;3;140;03/09/2014
2014016843;1;1;6;1;6;140;02/09/2014
2014016844;5;2;2;1;6;140;07/09/2014
2014016845;1;1;6;1;3;140;08/09/2014
2014016846;1;2;1;1;6;140;06/09/2014
2014016847;5;2;1;1;7;140;16/09/2014
2014016848;1;2;6;1;3;140;13/09/2014
2014016849;5;2;1;1;6;140;24/09/2014
2014016850;5;2;1;1;3;140;29/09/2014
2014016851;5;1;1;1;2;140;01/10/2014
2014016852;1;2;3;1;1;140;01/10/2014
2014016853;1;2;1;1;6;140;03/10/2014
2014016854;1;1;3;1;3;140;02/10/2014
2014016855;5;2;1;1;6;140;06/10/2014
2014016856;1;2;1;1;3;140;24/09/2014
2014016857;3;2;1;2;6;140;08/10/2014
2014016858;1;2;1;1;3;140;09/10/2014
2014016859;5;2;1;8;6;140;12/10/2014
2014016860;1;2;2;1;1;140;13/10/2014
2014016861;1;2;1;8;6;140;15/10/2014
2014016862;1;2;2;1;1;140;30/10/2014
2014016863;1;1;1;1;2;140;05/11/2014
2014016864;5;2;1;1;1;140;06/11/2014
2014016865;5;2;1;2;7;140;02/11/2014
2014016866;5;2;3;2;3;140;17/11/2014
2014016867;5;2;1;1;1;140;26/11/2014
2014016868;2;2;1;1;6;140;03/12/2014
2014016869;5;2;1;1;6;140;03/12/2014
2014016870;5;2;2;1;6;140;06/12/2014
2014016871;4;2;2;2;3;140;05/12/2014
2014016872;5;2;1;1;6;140;14/12/2014
2014016873;4;2;1;2;6;140;17/12/2014
2014016874;1;2;1;1;6;140;17/12/2014
2014016875;1;1;1;2;5;140;18/12/2014
2014016876;5;2;2;1;3;140;21/12/2014
2014016877;5;2;1;1;6;140;28/12/2014
2014016878;1;2;1;1;5;890;31/10/2014
2014016879;1;1;1;1;1;310;09/01/2014
2014016880;1;1;2;2;3;310;13/01/2014
2014016881;1;1;1;1;3;310;17/05/2014
2014016882;3;2;1;8;6;310;31/05/2014
2014016883;3;1;1;7;7;310;31/05/2014
2014016884;1;1;1;1;6;310;17/08/2014
2014016885;3;1;1;1;6;310;19/10/2014
2014016886;1;2;3;8;3;140;04/01/2014
2014016887;2;2;1;8;6;140;28/01/2014
2014016888;1;1;1;2;6;140;14/02/2014
2014016889;1;2;1;1;2;140;23/01/2014
2014016890;1;2;1;1;2;140;24/03/2014
2014016891;1;2;1;1;2;140;26/04/2014
2014016892;1;2;1;1;3;140;05/05/2014
2014016893;1;2;1;8;2;140;20/05/2014
2014016894;1;2;1;1;1;140;23/07/2014
2014016895;1;2;6;2;3;140;04/08/2014
2014016896;1;2;1;1;3;140;12/08/2014
2014016897;1;2;2;1;3;140;26/08/2014
2014016898;1;1;1;1;2;140;03/09/2014
2014016899;1;2;1;7;7;140;26/07/2014
2014016900;1;2;2;1;3;140;18/09/2014
2014016901;1;1;1;1;7;140;14/10/2014
2014016902;1;2;6;1;3;140;19/10/2014
2014016903;1;2;6;1;6;140;13/11/2014
2014016904;5;2;1;1;7;140;06/12/2014
2014016905;1;1;3;2;1;300;25/02/2014
2014016906;1;2;1;1;3;300;19/03/2014