num_acc;lum;agg;inter;atm;col;dep;date
2014019234;1;1;1;1;3;560;25/05/2014
2014019235;1;1;1;1;3;560;14/07/2014
2014019236;1;2;1;1;6;560;24/08/2014
2014019237;3;1;1;2;6;560;23/10/2014
2014019238;3;1;1;8;6;560;11/01/2014
2014019239;1;1;1;1;6;560;19/04/2014
2014019240;1;1;1;1;3;560;28/05/2014
2014019241;1;2;1;1;6;560;21/07/2014
2014019242;1;2;1;1;7;560;15/08/2014
2014019243;3;1;1;1;6;560;23/08/2014
2014019244;5;2;1;1;1;560;28/08/2014
2014019245;1;2;2;1;3;560;17/09/2014
2014019246;1;1;1;1;3;560;28/09/2014
2014019247;1;1;1;3;6;560;12/10/2014
2014019248;5;2;1;1;6;560;24/10/2014
2014019249;1;2;1;1;7;560;01/11/2014
2014019250;1;2;1;1;6;560;09/11/2014
2014019251;5;1;1;2;7;560;28/12/2014
2014019252;3;1;1;1;6;560;25/07/2014
2014019253;3;1;1;8;1;560;20/01/2014
2014019254;1;1;1;1;1;560;25/02/2014
2014019255;3;1;1;5;6;560;08/03/2014
2014019256;2;1;1;8;6;560;27/03/2014
2014019257;1;1;1;1;2;560;31/05/2014
2014019258;1;1;1;1;1;560;18/06/2014
2014019259;1;1;1;2;7;560;27/06/2014
2014019260;1;1;1;1;3;560;15/07/2014
2014019261;1;1;1;1;2;560;24/07/2014
2014019262;1;1;1;1;3;560;31/07/2014
2014019263;2;2;1;3;6;560;25/08/2014
2014019264;3;2;1;1;6;560;29/08/2014
2014019265;2;1;3;1;3;560;07/09/2014
2014019266;1;1;1;1;5;560;20/09/2014
2014019267;1;1;1;1;6;560;23/09/2014
2014019268;1;1;1;1;4;560;25/09/2014
2014019269;1;2;6;1;7;560;25/09/2014
2014019270;1;1;1;1;2;560;29/09/2014
2014019271;5;2;1;2;1;560;10/12/2014
2014019272;1;1;1;1;3;560;11/01/2014
2014019273;3;1;1;1;3;560;03/07/2014
2014019274;1;1;4;7;1;560;02/09/2014
2014019275;1;2;1;7;1;560;03/09/2014
2014019276;1;1;1;1;6;560;21/04/2014
2014019277;1;2;1;1;6;560;23/02/2014
2014019278;1;2;7;1;6;560;22/06/2014
2014019279;1;1;1;1;1;560;21/06/2014
2014019280;3;2;1;3;7;560;04/07/2014
2014019281;3;1;1;1;1;560;12/07/2014
2014019282;1;2;1;1;6;560;03/07/2014
2014019283;1;1;1;1;2;560;01/10/2014
2014019284;1;2;1;5;6;560;30/09/2014
2014019285;1;2;1;1;3;560;27/11/2014
2014019286;5;2;7;2;3;560;15/12/2014
2014019287;3;1;1;1;6;560;11/01/2014
2014019288;1;1;1;1;6;560;08/03/2014
2014019289;1;1;1;1;7;560;18/04/2014
2014019290;1;2;1;1;3;560;24/04/2014
2014019291;1;1;1;1;3;560;19/06/2014
2014019292;3;1;9;1;6;560;18/09/2014
2014019293;1;1;1;1;6;560;30/10/2014
2014019294;3;1;1;1;6;560;29/12/2014
2014019295;1;1;1;2;1;560;28/05/2014
2014019296;1;1;1;1;7;560;18/08/2014
2014019297;1;1;1;1;2;560;01/11/2014
2014019298;1;1;1;1;6;560;14/11/2014
2014019299;1;2;6;1;3;560;11/11/2014
2014019300;2;2;1;9;6;560;10/12/2014
2014019301;1;2;1;1;6;560;09/07/2014
2014019302;1;1;1;1;5;560;12/09/2014
2014019303;3;2;1;1;7;560;02/02/2014
2014019304;1;2;1;1;1;560;14/09/2014
2014019305;3;1;6;2;3;950;08/01/2014
2014019306;1;1;1;1;2;950;09/03/2014
2014019307;1;1;1;1;4;950;04/08/2014
2014019308;1;2;1;1;2;950;08/09/2014
2014019309;3;1;1;1;3;950;31/10/2014
2014019310;2;2;1;8;3;950;02/12/2014
2014019311;1;1;1;1;1;190;14/02/2014
2014019312;1;1;1;2;1;190;22/11/2014
2014019313;1;1;1;2;5;190;23/06/2014
2014019314;1;1;1;8;5;190;17/01/2014
2014019315;3;1;1;1;6;190;11/03/2014
2014019316;1;2;7;1;6;190;03/09/2014
2014019317;2;1;1;7;6;190;07/09/2014
2014019318;1;1;1;1;1;190;11/09/2014
2014019319;5;2;9;8;1;560;14/01/2014
2014019320;1;1;1;1;1;560;17/01/2014
2014019321;1;1;1;1;7;560;19/01/2014
2014019322;1;1;1;1;1;560;04/02/2014
2014019323;1;1;1;1;6;560;04/05/2014
2014019324;1;1;1;1;2;560;25/05/2014
2014019325;1;1;1;1;5;560;07/06/2014
2014019326;1;2;2;1;3;560;07/06/2014
2014019327;1;1;1;1;7;560;12/06/2014
2014019328;1;1;2;1;3;560;22/08/2014
2014019329;1;2;1;1;5;560;01/09/2014
2014019330;1;2;1;1;2;560;01/09/2014
2014019331;1;1;1;1;7;560;28/09/2014
2014019332;2;1;1;8;1;560;19/12/2014
2014019333;1;1;1;8;3;560;20/12/2014
2014019334;1;1;6;1;6;560;25/12/2014
2014019335;1;1;1;1;7;560;28/12/2014
2014019336;2;2;1;5;6;590;01/10/2014
2014019337;1;2;1;2;7;590;19/10/2014
2014019338;2;1;1;5;6;590;30/11/2014
2014019339;2;2;1;1;6;590;21/12/2014
2014019340;1;1;1;1;1;590;20/10/2014
2014019341;1;2;2;1;2;590;27/03/2014
2014019342;1;2;1;1;6;590;25/07/2014
2014019343;2;1;1;1;6;510;04/02/2014
2014019344;1;1;9;1;1;510;02/06/2014
2014019345;1;1;1;3;1;510;04/06/2014
2014019346;3;1;1;1;1;510;10/04/2014
2014019347;3;1;1;1;6;510;22/09/2014
2014019348;1;1;2;1;3;510;20/10/2014
2014019349;1;1;3;5;5;510;14/12/2014
2014019350;1;1;1;1;1;510;13/03/2014
2014019351;5;2;1;1;1;510;25/07/2014
2014019352;2;1;1;5;5;510;19/11/2014
2014019353;3;1;1;1;6;510;24/08/2014
2014019354;1;1;1;1;6;510;25/08/2014
2014019355;1;1;1;2;1;510;02/12/2014
2014019356;5;2;1;9;6;620;07/12/2014
2014019357;1;1;1;3;1;620;05/05/2014
2014019358;1;1;1;1;3;620;24/06/2014
2014019359;1;2;1;1;3;620;28/06/2014
2014019360;1;2;1;2;3;910;20/02/2014
2014019361;4;1;6;5;7;910;23/02/2014
2014019362;3;1;1;1;3;910;24/02/2014
2014019363;4;2;1;1;2;910;03/03/2014
2014019364;3;2;1;1;2;910;20/03/2014
2014019365;1;2;1;1;6;910;02/06/2014
2014019366;1;2;6;1;6;910;11/08/2014
2014019367;3;1;1;8;7;910;09/06/2014
2014019368;5;2;1;1;6;910;28/09/2014
2014019369;3;1;1;1;6;950;07/02/2014
2014019370;1;2;1;1;6;950;22/02/2014
2014019371;1;1;1;1;2;950;16/07/2014
2014019372;1;1;1;1;1;950;21/07/2014
2014019373;1;1;1;1;6;950;12/10/2014
2014019374;1;1;1;9;1;890;02/02/2014
2014019375;1;1;1;1;2;890;14/07/2014
2014019376;1;2;1;1;6;890;27/07/2014
2014019377;1;1;1;1;1;890;01/09/2014
2014019378;1;2;1;1;3;890;10/10/2014
2014019379;1;1;1;1;1;40;24/10/2014
2014019380;1;2;2;1;5;570;08/03/2014
2014019381;3;1;1;1;6;570;09/10/2014
2014019382;3;1;1;2;6;570;13/10/2014
2014019383;1;1;1;1;5;570;29/01/2014
2014019384;1;1;6;1;6;570;11/02/2014
2014019385;5;2;1;2;1;570;08/02/2014
2014019386;1;2;1;1;6;570;19/04/2014
2014019387;1;1;1;1;5;570;15/06/2014
2014019388;3;1;1;1;7;570;20/07/2014
2014019389;3;1;1;2;6;570;10/11/2014
2014019390;1;1;1;1;1;570;20/05/2014
2014019391;1;1;1;1;7;570;25/05/2014
2014019392;1;1;1;1;6;570;19/06/2014
2014019393;1;2;1;1;7;570;21/06/2014
2014019394;1;2;1;1;3;570;23/07/2014
2014019395;1;1;1;1;3;570;13/04/2014
2014019396;1;2;1;1;2;570;15/05/2014
2014019397;5;2;6;1;6;570;31/05/2014
2014019398;1;1;1;1;1;570;20/07/2014
2014019399;1;1;1;1;7;570;01/10/2014
2014019400;1;1;1;1;6;570;05/10/2014
2014019401;1;2;1;1;6;570;07/10/2014
2014019402;1;2;1;7;6;570;10/03/2014
2014019403;1;1;1;1;7;570;02/03/2014
2014019404;1;2;1;1;7;570;04/03/2014
2014019405;1;2;1;3;6;570;24/03/2014
2014019406;1;2;9;1;6;350;05/02/2014
2014019407;2;1;2;2;5;350;28/02/2014
2014019408;1;1;6;1;3;350;25/03/2014
2014019409;1;1;1;8;1;350;27/03/2014
2014019410;1;1;1;1;4;350;28/04/2014
2014019411;1;2;1;1;2;350;21/05/2014
2014019412;1;1;2;2;3;350;08/07/2014
2014019413;1;1;4;1;2;350;30/07/2014
2014019414;1;1;2;1;3;350;19/08/2014
2014019415;1;1;2;1;3;350;20/10/2014
2014019416;2;2;1;2;6;350;25/11/2014
2014019417;5;2;6;3;3;310;13/01/2014
2014019418;1;2;6;1;1;310;28/03/2014
2014019419;2;2;6;1;6;310;01/10/2014
2014019420;5;1;1;1;6;440;18/01/2014
2014019421;2;1;1;3;4;440;15/01/2014
2014019422;2;2;2;3;5;440;11/02/2014
2014019423;1;2;1;1;1;440;18/06/2014
2014019424;1;2;1;8;6;440;08/08/2014
2014019425;3;1;1;9;1;30;05/12/2014
2014019426;3;1;1;1;6;620;31/05/2014
2014019427;3;1;1;1;5;830;31/12/2014
2014019428;1;1;1;8;6;830;17/01/2014
2014019429;1;2;1;1;6;830;28/05/2014
2014019430;3;1;1;1;7;830;12/07/2014
2014019431;1;2;1;1;3;830;31/08/2014
2014019432;1;1;1;1;6;830;19/09/2014
2014019433;2;1;1;5;6;830;19/10/2014
2014019434;3;1;1;1;1;830;24/10/2014
2014019435;1;2;1;1;3;830;14/11/2014
2014019436;1;2;1;2;6;830;15/12/2014
2014019437;1;2;7;1;6;830;02/12/2014
2014019438;3;1;1;1;2;830;22/12/2014
2014019439;1;2;1;1;6;830;15/01/2014
2014019440;2;1;1;1;2;830;27/01/2014
2014019441;1;1;1;1;3;830;02/03/2014
2014019442;2;2;1;1;6;830;07/03/2014
2014019443;5;2;6;1;4;830;06/03/2014
2014019444;1;1;1;1;7;830;20/03/2014
2014019445;3;1;1;1;7;830;12/04/2014
2014019446;1;1;1;1;5;830;24/06/2014
2014019447;1;1;1;1;3;830;02/09/2014
2014019448;3;1;1;2;6;830;12/10/2014
2014019449;1;2;2;1;1;740;09/01/2014
2014019450;3;2;1;1;6;740;24/01/2014
2014019451;3;1;1;1;3;740;28/01/2014
2014019452;3;1;1;1;1;740;15/02/2014
2014019453;1;1;2;1;3;740;17/03/2014
2014019454;1;2;3;1;3;740;14/04/2014
2014019455;1;2;1;1;2;740;30/04/2014
2014019456;1;1;1;1;3;740;06/05/2014
2014019457;5;2;1;1;6;740;17/05/2014
2014019458;1;1;1;1;1;740;10/06/2014
2014019459;5;1;1;1;4;740;06/07/2014
2014019460;1;1;9;1;3;740;19/07/2014
2014019461;1;2;1;1;6;740;22/07/2014
2014019462;1;2;1;1;2;740;28/07/2014
2014019463;1;1;1;1;6;740;31/07/2014
2014019464;5;1;1;1;3;740;09/08/2014
2014019465;1;1;2;1;1;740;03/09/2014
2014019466;3;1;1;1;6;740;03/09/2014
2014019467;1;1;1;1;3;740;07/09/2014
2014019468;1;1;2;1;3;740;06/09/2014
2014019469;5;2;2;1;3;740;27/10/2014
2014019470;1;1;1;1;1;740;29/10/2014
2014019471;3;1;1;1;2;740;31/10/2014
2014019472;5;2;1;1;1;740;06/12/2014
2014019473;1;1;1;1;3;740;11/12/2014
2014019474;3;1;1;1;6;740;20/12/2014
2014019475;1;1;1;1;2;240;13/10/2014
2014019476;3;1;1;2;4;240;20/12/2014
2014019477;1;1;1;3;1;340;03/01/2014
2014019478;3;1;1;1;5;340;23/01/2014
2014019479;1;2;1;1;1;340;07/02/2014
2014019480;3;1;1;1;7;340;05/05/2014
2014019481;1;1;1;1;1;340;09/07/2014
2014019482;1;2;1;1;6;340;09/07/2014
2014019483;1;1;1;1;5;340;21/07/2014
2014019484;1;1;1;1;1;340;01/10/2014
2014019485;1;2;1;2;6;160;01/02/2014
2014019486;5;2;1;1;2;160;06/12/2014
2014019487;4;1;1;2;3;160;29/01/2014
2014019488;1;1;1;1;1;160;29/01/2014
2014019489;1;2;3;1;1;160;17/01/2014
2014019490;3;1;1;2;4;160;28/01/2014
2014019491;1;2;1;2;6;160;28/01/2014
2014019492;1;2;1;1;6;160;09/01/2014
2014019493;1;2;1;1;6;160;04/03/2014
2014019494;5;2;1;1;6;160;07/03/2014
2014019495;1;2;2;1;3;160;06/02/2014
2014019496;2;2;1;1;6;160;06/02/2014
2014019497;5;2;6;1;6;160;08/02/2014
2014019498;3;1;1;1;5;160;05/02/2014
2014019499;1;2;1;2;6;160;11/02/2014
2014019500;3;1;1;1;7;160;04/02/2014
2014019501;5;2;1;1;6;160;28/02/2014
2014019502;5;2;1;1;4;160;20/03/2014
2014019503;2;2;9;8;6;160;21/02/2014
2014019504;1;2;1;1;6;160;27/03/2014
2014019505;1;2;1;1;4;160;28/03/2014
2014019506;1;1;1;1;6;160;29/03/2014
2014019507;1;2;7;1;6;160;01/04/2014
2014019508;1;2;1;2;2;160;03/04/2014
2014019509;1;1;1;1;2;160;15/04/2014
2014019510;5;2;1;1;7;160;11/04/2014
2014019511;1;2;1;1;1;160;12/04/2014
2014019512;1;2;1;1;6;160;23/04/2014
2014019513;1;1;1;1;7;160;20/03/2014
2014019514;1;2;2;1;6;160;14/04/2014
2014019515;1;2;6;1;6;160;06/05/2014
2014019516;5;2;1;1;6;160;08/05/2014
2014019517;1;2;4;1;2;160;12/04/2014
2014019518;1;2;1;1;6;160;19/05/2014
2014019519;1;2;1;2;2;160;21/05/2014
2014019520;1;2;6;2;7;160;21/05/2014
2014019521;1;2;1;1;2;160;21/04/2014
2014019522;1;2;6;1;6;160;24/05/2014
2014019523;1;1;1;1;1;160;25/05/2014
2014019524;1;2;1;1;2;160;23/05/2014
2014019525;1;2;1;1;2;160;30/05/2014
2014019526;1;1;1;1;6;160;30/05/2014
2014019527;1;2;1;1;6;160;05/06/2014
2014019528;5;2;1;1;6;160;06/06/2014
2014019529;1;2;1;1;6;160;07/06/2014
2014019530;1;2;1;1;4;160;11/06/2014
2014019531;1;2;1;1;4;160;20/06/2014
2014019532;1;2;1;1;2;160;20/06/2014
2014019533;1;2;1;1;6;160;25/06/2014
2014019534;1;2;1;1;6;160;03/07/2014
2014019535;1;2;1;1;6;160;10/06/2014
2014019536;1;2;1;1;2;160;10/06/2014
2014019537;1;2;1;1;6;160;17/06/2014
2014019538;1;2;9;1;6;160;21/06/2014
2014019539;1;2;1;1;2;160;25/07/2014
2014019540;1;2;6;1;2;160;04/07/2014
2014019541;1;2;6;1;7;160;25/07/2014
2014019542;1;2;3;1;3;160;24/07/2014
2014019543;1;2;1;2;1;160;25/07/2014
2014019544;1;2;1;1;6;160;06/08/2014
2014019545;1;2;3;1;6;160;12/09/2014
2014019546;1;2;2;1;3;160;22/09/2014
2014019547;1;2;2;1;1;160;03/09/2014
2014019548;5;2;1;1;6;160;03/10/2014
2014019549;1;2;1;1;6;160;02/10/2014
2014019550;1;1;1;1;6;160;21/08/2014
2014019551;2;1;1;1;7;160;19/08/2014
2014019552;1;1;1;1;2;160;24/08/2014
2014019553;1;2;7;1;6;160;24/10/2014
2014019554;1;2;3;1;6;160;17/10/2014
2014019555;1;2;1;2;6;160;17/10/2014
2014019556;2;1;1;1;7;160;18/10/2014
2014019557;1;2;1;1;3;160;15/10/2014
2014019558;5;2;3;1;6;160;18/10/2014
2014019559;1;2;1;2;7;160;06/10/2014
2014019560;1;1;1;2;7;160;07/10/2014
2014019561;2;2;1;1;6;160;29/09/2014
2014019562;1;2;1;1;4;160;03/11/2014
2014019563;1;2;1;1;6;160;06/11/2014
2014019564;1;1;1;1;3;160;12/09/2014
2014019565;2;1;3;1;3;160;07/09/2014
2014019566;1;1;1;1;7;160;03/09/2014
2014019567;1;2;2;1;3;160;18/11/2014
2014019568;1;2;1;2;6;160;19/11/2014
2014019569;3;1;1;1;7;160;12/11/2014
2014019570;1;2;1;1;2;160;11/11/2014
2014019571;1;2;1;1;6;160;06/11/2014
2014019572;5;2;1;2;7;160;14/11/2014
2014019573;2;2;1;2;7;160;12/11/2014
2014019574;5;2;1;1;7;160;31/10/2014
2014019575;1;2;1;1;6;160;29/11/2014
2014019576;5;2;1;1;1;160;29/11/2014
2014019577;1;2;1;1;3;160;30/10/2014
2014019578;5;2;1;1;3;160;11/12/2014
2014019579;1;2;1;1;6;160;17/12/2014
2014019580;2;1;1;1;1;160;22/12/2014
2014019581;1;1;1;1;6;160;18/12/2014
2014019582;5;2;1;1;2;160;12/12/2014
2014019583;3;2;1;1;7;160;23/12/2014
2014019584;3;1;1;1;4;160;10/12/2014
2014019585;3;2;1;1;7;160;10/12/2014
2014019586;1;2;1;1;2;160;01/03/2014
2014019587;5;2;2;1;1;160;29/03/2014
2014019588;1;2;3;1;3;160;07/04/2014
2014019589;1;2;2;1;3;160;10/04/2014
2014019590;1;2;2;1;3;160;03/05/2014
2014019591;5;2;1;1;7;160;07/06/2014
2014019592;1;2;7;1;6;160;07/06/2014
2014019593;1;2;1;3;6;160;24/07/2014
2014019594;1;2;1;1;6;160;24/08/2014
2014019595;1;2;1;1;6;160;30/08/2014
2014019596;1;2;1;1;7;160;12/09/2014
2014019597;1;2;3;1;3;160;16/09/2014
2014019598;5;2;1;1;7;160;14/10/2014
2014019599;1;1;1;1;1;160;19/11/2014
2014019600;1;2;1;1;6;160;28/11/2014
2014019601;5;2;3;1;3;160;03/12/2014
2014019602;2;2;1;2;7;160;08/12/2014
2014019603;1;2;1;1;5;160;22/12/2014
2014019604;1;1;1;1;1;770;22/05/2014
2014019605;1;2;1;1;3;770;01/07/2014
2014019606;1;1;1;2;6;770;04/07/2014
2014019607;1;1;1;1;1;770;31/07/2014
2014019608;1;2;1;1;3;690;25/01/2014
2014019609;1;2;1;2;6;690;11/02/2014
2014019610;1;2;1;1;6;690;20/02/2014
2014019611;1;1;1;1;1;690;02/03/2014
2014019612;1;2;1;1;1;690;08/06/2014
2014019613;1;1;1;3;6;690;26/07/2014
2014019614;1;2;9;2;6;690;16/10/2014
2014019615;5;2;1;1;6;690;05/12/2014
2014019616;5;2;1;2;1;690;27/12/2014
2014019617;1;2;1;1;7;170;07/01/2014
2014019618;1;1;2;1;5;170;11/01/2014
2014019619;1;2;1;1;7;170;14/01/2014
2014019620;5;2;1;3;7;170;16/01/2014
2014019621;5;2;1;2;7;170;20/01/2014
2014019622;5;2;2;1;3;170;21/01/2014
2014019623;1;2;6;1;3;170;23/01/2014
2014019624;1;2;1;1;2;170;23/01/2014
2014019625;5;2;2;1;3;170;25/01/2014
2014019626;5;2;3;2;3;170;08/02/2014
2014019627;1;2;6;2;3;170;10/02/2014
2014019628;1;2;1;1;2;170;18/02/2014
2014019629;1;2;1;1;7;170;23/02/2014
2014019630;1;2;2;1;3;170;09/03/2014
2014019631;1;2;2;1;3;170;15/03/2014
2014019632;1;1;1;3;7;170;24/03/2014
2014019633;1;2;1;1;7;170;01/04/2014
2014019634;1;2;1;1;6;170;04/04/2014
2014019635;5;2;1;2;6;170;06/04/2014
2014019636;1;1;1;1;2;170;10/04/2014
2014019637;5;2;1;1;7;170;24/04/2014
2014019638;1;2;1;3;7;170;29/04/2014
2014019639;1;2;1;1;2;170;03/05/2014
2014019640;1;2;1;1;6;170;07/05/2014
2014019641;1;1;1;1;7;170;13/05/2014
2014019642;1;1;1;1;2;170;22/05/2014
2014019643;2;2;1;1;6;170;25/05/2014
2014019644;1;2;1;1;6;170;02/06/2014
2014019645;1;1;1;1;1;170;14/06/2014
2014019646;1;2;4;1;3;170;27/06/2014
2014019647;1;2;3;1;3;170;02/07/2014
2014019648;1;2;1;1;2;170;04/07/2014
2014019649;1;1;1;2;2;170;05/07/2014
2014019650;1;2;1;1;2;170;05/07/2014
2014019651;1;1;1;2;7;170;08/07/2014
2014019652;1;2;1;1;4;170;09/07/2014
2014019653;1;2;1;1;2;170;11/07/2014
2014019654;1;2;1;1;3;170;16/07/2014
2014019655;1;2;1;1;7;170;17/07/2014
2014019656;1;2;1;2;7;170;20/07/2014
2014019657;1;2;1;1;3;170;07/08/2014
2014019658;1;2;1;1;7;170;22/08/2014
2014019659;1;1;1;1;5;170;25/08/2014
2014019660;1;2;1;1;3;170;29/08/2014
2014019661;1;2;1;1;2;170;29/08/2014
2014019662;1;2;1;1;7;170;02/09/2014
2014019663;1;2;1;1;7;170;04/09/2014
2014019664;1;2;1;1;3;170;09/09/2014
2014019665;1;2;1;1;2;170;15/09/2014
2014019666;1;2;1;1;2;170;16/09/2014
2014019667;2;2;2;1;3;170;29/09/2014
2014019668;1;1;1;1;3;170;04/10/2014
2014019669;1;2;1;1;2;170;10/10/2014
2014019670;1;2;1;1;3;170;13/10/2014
2014019671;1;1;1;1;6;170;27/10/2014
2014019672;5;2;1;1;7;170;28/10/2014
2014019673;1;1;1;1;7;170;05/11/2014
2014019674;3;2;1;1;2;170;14/11/2014
2014019675;5;2;1;2;7;170;15/11/2014
2014019676;2;2;2;1;3;170;25/11/2014
2014019677;5;2;6;1;7;170;01/12/2014
2014019678;5;2;1;2;2;170;02/12/2014
2014019679;1;2;9;1;3;170;03/12/2014
2014019680;1;2;2;1;3;170;06/12/2014
2014019681;1;2;1;1;7;170;11/12/2014
2014019682;3;1;1;1;7;170;12/12/2014
2014019683;5;2;1;2;3;170;15/12/2014
2014019684;2;2;1;2;7;170;17/12/2014
2014019685;5;2;1;2;6;170;02/01/2014
2014019686;1;2;1;1;2;170;03/01/2014
2014019687;2;2;2;1;6;170;07/01/2014
2014019688;1;2;3;1;3;170;07/01/2014
2014019689;2;2;1;1;3;170;14/01/2014
2014019690;1;2;2;1;6;170;16/01/2014
2014019691;1;2;1;1;6;170;16/01/2014
2014019692;2;2;3;1;6;170;25/01/2014
2014019693;5;1;1;2;7;170;01/02/2014
2014019694;1;2;1;1;6;170;01/02/2014
2014019695;4;1;1;1;7;170;02/02/2014
2014019696;3;1;1;1;6;170;02/02/2014
2014019697;1;2;3;2;3;170;05/02/2014
2014019698;2;2;1;1;6;170;05/02/2014
2014019699;1;2;1;1;3;170;07/02/2014
2014019700;1;2;1;1;7;170;11/02/2014
2014019701;2;2;1;1;3;170;11/02/2014
2014019702;1;2;1;1;6;170;13/02/2014
2014019703;1;1;1;1;3;170;15/02/2014
2014019704;1;2;1;2;7;170;18/02/2014
2014019705;2;2;1;1;6;170;18/02/2014
2014019706;1;2;3;1;3;170;19/02/2014
2014019707;2;2;6;1;3;170;21/02/2014
2014019708;1;2;1;1;6;170;05/03/2014
2014019709;1;1;1;1;5;170;06/03/2014
2014019710;1;2;1;1;7;170;07/03/2014
2014019711;1;1;1;1;6;170;12/03/2014
2014019712;5;2;1;1;6;170;13/03/2014
2014019713;1;2;1;1;7;170;14/03/2014
2014019714;5;2;1;1;6;170;16/03/2014
2014019715;1;2;1;1;6;170;26/03/2014
2014019716;5;2;1;1;1;170;30/03/2014
2014019717;1;2;1;1;6;170;01/04/2014
2014019718;1;1;1;1;2;170;03/04/2014
2014019719;5;2;1;1;7;170;07/04/2014
2014019720;1;2;1;1;6;170;08/04/2014
2014019721;1;2;1;7;7;170;10/04/2014
2014019722;1;2;1;1;6;170;11/04/2014
2014019723;1;2;1;1;6;170;11/04/2014
2014019724;2;1;2;1;1;170;27/05/2014
2014019725;1;2;1;1;6;170;14/04/2014
2014019726;1;2;1;1;7;170;15/04/2014
2014019727;1;2;1;1;6;170;21/04/2014
2014019728;5;2;1;1;7;170;22/04/2014
2014019729;1;1;1;1;7;170;22/04/2014
2014019730;1;2;1;1;6;170;22/04/2014
2014019731;1;1;1;1;7;170;22/04/2014
2014019732;1;2;1;1;7;170;22/04/2014
2014019733;1;2;1;1;7;170;25/04/2014
2014019734;1;1;3;1;3;170;29/04/2014
2014019735;1;2;1;1;7;170;29/04/2014
2014019736;1;2;1;1;6;170;03/05/2014
2014019737;1;2;1;1;7;170;07/05/2014
2014019738;1;1;1;1;3;170;08/05/2014
2014019739;1;2;3;1;6;170;10/05/2014
2014019740;1;2;1;2;7;170;10/05/2014
2014019741;5;2;1;1;7;170;16/05/2014
2014019742;1;2;1;1;6;170;20/05/2014
2014019743;1;2;1;3;6;170;21/05/2014
2014019744;1;2;1;1;7;170;22/05/2014
2014019745;5;2;1;9;6;170;24/05/2014
2014019746;1;2;1;1;7;170;05/06/2014
2014019747;1;2;1;1;6;170;05/06/2014
2014019748;5;2;1;1;2;170;07/06/2014
2014019749;1;2;1;1;7;170;12/06/2014
2014019750;1;2;1;1;6;170;13/06/2014
2014019751;1;2;1;1;2;170;15/06/2014
2014019752;5;2;1;1;5;170;22/06/2014
2014019753;1;1;1;1;2;170;25/06/2014
2014019754;1;2;1;1;6;170;25/06/2014
2014019755;2;1;1;1;7;170;22/06/2014
2014019756;1;2;1;2;3;170;30/06/2014
2014019757;1;2;1;1;1;170;30/06/2014
2014019758;5;2;1;1;1;170;08/07/2014
2014019759;2;2;1;1;6;170;10/07/2014
2014019760;2;2;1;1;2;170;11/07/2014
2014019761;1;2;1;1;3;170;14/07/2014
2014019762;1;2;1;1;1;170;14/07/2014
2014019763;2;2;3;1;1;170;14/07/2014
2014019764;1;2;1;1;3;170;16/07/2014
2014019765;1;2;1;1;6;170;22/07/2014
2014019766;1;2;1;1;6;170;22/07/2014
2014019767;1;2;2;1;3;170;24/07/2014
2014019768;5;2;1;1;7;170;28/07/2014
2014019769;1;2;3;1;6;170;31/07/2014
2014019770;1;2;1;1;6;170;31/07/2014
2014019771;1;2;1;1;7;170;31/07/2014
2014019772;1;1;1;3;7;170;06/08/2014
2014019773;1;1;1;1;2;170;06/08/2014
2014019774;1;2;1;1;3;170;06/08/2014
2014019775;5;2;3;1;3;170;10/08/2014
2014019776;1;2;1;1;6;170;15/08/2014
2014019777;1;2;1;1;7;170;15/08/2014
2014019778;2;2;1;1;1;170;16/08/2014
2014019779;1;2;1;1;6;170;26/08/2014
2014019780;1;2;1;1;3;170;21/08/2014
2014019781;1;2;1;1;6;170;25/08/2014
2014019782;5;2;1;3;2;170;26/08/2014
2014019783;1;2;1;1;6;170;02/09/2014
2014019784;1;2;1;1;6;170;03/09/2014
2014019785;1;1;1;1;2;170;04/09/2014
2014019786;1;2;1;1;6;170;04/09/2014
2014019787;1;2;1;1;2;170;05/09/2014
2014019788;1;2;1;1;2;170;06/09/2014
2014019789;1;2;1;1;6;170;07/09/2014
2014019790;1;2;6;1;3;170;07/09/2014
2014019791;1;1;1;1;2;170;12/09/2014
2014019792;1;2;1;1;3;170;13/09/2014
2014019793;1;2;1;1;2;170;14/09/2014
2014019794;1;2;1;1;6;170;15/09/2014
2014019795;1;2;1;1;2;170;18/09/2014
2014019796;1;2;3;1;3;170;20/09/2014
2014019797;1;1;1;1;3;170;20/09/2014
2014019798;5;1;1;1;6;170;21/09/2014
2014019799;1;2;1;1;6;170;23/09/2014
2014019800;1;2;6;1;6;170;26/09/2014
2014019801;5;2;1;1;7;170;28/09/2014
2014019802;1;1;1;1;7;170;29/09/2014
2014019803;1;2;1;1;2;170;30/09/2014
2014019804;1;2;1;1;6;170;01/10/2014
2014019805;2;2;1;1;6;170;03/10/2014
2014019806;1;2;3;1;3;170;08/10/2014
2014019807;1;2;1;1;3;170;09/10/2014
2014019808;1;2;1;1;6;170;18/10/2014
2014019809;2;2;1;1;1;170;18/10/2014
2014019810;5;2;1;1;7;170;21/10/2014
2014019811;5;1;1;1;3;170;22/10/2014
2014019812;5;2;4;1;6;170;27/10/2014
2014019813;1;2;1;1;2;170;29/10/2014
2014019814;1;2;1;1;6;170;31/10/2014