num_acc;lum;agg;inter;atm;col;dep;date
2014020976;1;1;1;1;7;220;03/10/2014
2014020977;4;2;1;2;6;220;08/10/2014
2014020978;2;2;2;1;3;220;08/10/2014
2014020979;1;2;3;1;3;220;09/10/2014
2014020980;3;2;6;1;7;220;09/10/2014
2014020981;1;2;1;1;7;220;10/10/2014
2014020982;1;2;1;1;7;220;13/10/2014
2014020983;1;1;1;1;7;220;14/10/2014
2014020984;1;2;2;1;7;220;14/10/2014
2014020985;1;1;3;1;3;220;17/10/2014
2014020986;1;2;1;1;6;220;19/10/2014
2014020987;1;2;1;1;2;220;23/10/2014
2014020988;2;2;6;1;3;220;28/10/2014
2014020989;5;2;3;1;2;220;28/10/2014
2014020990;3;1;1;1;6;220;30/10/2014
2014020991;1;2;3;2;6;220;03/11/2014
2014020992;1;2;1;1;6;220;03/11/2014
2014020993;5;2;1;1;6;220;03/11/2014
2014020994;4;2;1;1;2;220;04/11/2014
2014020995;1;1;1;1;2;220;05/11/2014
2014020996;1;2;1;1;7;220;06/11/2014
2014020997;1;1;4;1;2;220;07/11/2014
2014020998;5;2;1;1;6;220;08/11/2014
2014020999;4;2;2;1;3;220;08/11/2014
2014021000;5;2;1;1;4;220;10/11/2014
2014021001;1;2;1;1;7;220;11/11/2014
2014021002;1;2;1;1;1;220;12/11/2014
2014021003;3;2;1;1;3;220;11/11/2014
2014021004;1;2;1;1;2;220;19/11/2014
2014021005;1;1;6;1;3;220;20/11/2014
2014021006;5;2;1;1;4;220;20/11/2014
2014021007;2;1;2;1;4;220;25/11/2014
2014021008;5;1;1;2;6;220;25/11/2014
2014021009;1;2;6;2;6;220;26/11/2014
2014021010;1;2;6;1;2;220;28/11/2014
2014021011;1;1;1;2;6;220;27/11/2014
2014021012;1;2;1;1;2;220;27/11/2014
2014021013;2;2;3;1;2;220;28/11/2014
2014021014;1;2;3;1;3;220;29/11/2014
2014021015;2;2;6;1;6;220;29/11/2014
2014021016;2;2;1;1;7;220;30/11/2014
2014021017;1;2;2;1;3;220;03/12/2014
2014021018;1;1;1;1;7;220;03/12/2014
2014021019;1;2;1;1;7;220;12/12/2014
2014021020;4;1;3;1;3;220;12/12/2014
2014021021;3;2;1;1;7;220;13/12/2014
2014021022;1;2;1;1;2;220;13/12/2014
2014021023;1;2;1;1;7;220;13/12/2014
2014021024;3;1;1;1;3;220;13/12/2014
2014021025;5;2;1;1;6;220;15/12/2014
2014021026;1;1;1;2;5;220;17/12/2014
2014021027;4;1;6;1;2;220;21/12/2014
2014021028;2;1;1;1;7;220;21/12/2014
2014021029;1;1;1;1;3;220;26/12/2014
2014021030;3;1;1;1;3;220;29/12/2014
2014021031;5;2;9;9;6;230;22/01/2014
2014021032;5;2;1;2;6;230;21/01/2014
2014021033;2;2;1;1;6;230;04/02/2014
2014021034;1;2;1;1;7;230;16/05/2014
2014021035;1;2;1;1;3;230;28/05/2014
2014021036;1;2;1;1;1;230;08/06/2014
2014021037;1;2;1;1;6;230;24/06/2014
2014021038;1;2;1;1;6;230;27/06/2014
2014021039;1;2;1;2;6;230;04/07/2014
2014021040;1;2;6;1;7;230;28/07/2014
2014021041;5;2;1;1;3;230;16/09/2014
2014021042;1;2;1;1;6;230;30/09/2014
2014021043;3;1;1;8;7;230;25/10/2014
2014021044;1;2;2;2;3;230;02/11/2014
2014021045;1;2;4;1;3;230;13/11/2014
2014021046;2;2;1;1;6;230;12/12/2014
2014021047;2;2;1;8;6;230;23/07/2014
2014021048;1;2;1;1;3;240;24/02/2014
2014021049;1;1;1;1;1;240;28/03/2014
2014021050;3;1;1;1;6;240;29/03/2014
2014021051;1;2;4;2;3;240;03/04/2014
2014021052;1;1;1;1;2;240;28/04/2014
2014021053;3;1;1;1;6;240;01/06/2014
2014021054;1;2;1;1;3;240;17/09/2014
2014021055;1;2;2;1;6;240;27/09/2014
2014021056;3;1;1;1;7;240;28/09/2014
2014021057;2;2;6;1;2;240;17/10/2014
2014021058;1;1;1;1;5;240;11/11/2014
2014021059;5;2;3;1;6;240;13/11/2014
2014021060;5;2;1;2;6;240;29/11/2014
2014021061;1;2;2;8;3;240;21/02/2014
2014021062;1;2;3;1;3;240;08/03/2014
2014021063;5;2;1;1;6;240;31/03/2014
2014021064;1;2;1;1;6;240;02/04/2014
2014021065;5;2;6;1;3;240;04/04/2014
2014021066;1;2;1;1;6;240;09/05/2014
2014021067;5;2;3;1;7;240;15/05/2014
2014021068;1;1;1;2;1;240;20/05/2014
2014021069;5;2;6;1;7;240;25/05/2014
2014021070;1;2;1;9;6;240;24/05/2014
2014021071;1;2;1;2;6;240;23/05/2014
2014021072;1;1;3;1;3;240;29/05/2014
2014021073;1;2;1;1;6;240;01/06/2014
2014021074;1;2;2;1;3;240;02/06/2014
2014021075;1;2;1;1;3;240;08/06/2014
2014021076;1;1;1;1;2;240;17/06/2014
2014021077;1;2;1;1;6;240;17/06/2014
2014021078;1;2;3;1;3;240;30/08/2014
2014021079;1;2;1;1;3;240;11/09/2014
2014021080;1;2;1;1;6;240;21/09/2014
2014021081;5;2;3;2;3;240;06/10/2014
2014021082;1;1;1;1;1;240;10/10/2014
2014021083;1;2;1;1;6;240;29/10/2014
2014021084;5;2;1;1;6;240;01/11/2014
2014021085;1;2;3;1;3;240;19/11/2014
2014021086;1;1;9;2;6;240;11/12/2014
2014021087;5;2;1;3;6;250;05/01/2014
2014021088;1;2;6;1;3;250;09/01/2014
2014021089;1;2;1;1;6;250;10/01/2014
2014021090;1;2;3;1;6;250;11/01/2014
2014021091;1;2;1;1;3;250;10/01/2014
2014021092;1;2;1;3;4;250;14/01/2014
2014021093;1;2;1;1;3;250;15/01/2014
2014021094;1;2;1;1;6;250;15/01/2014
2014021095;2;2;2;1;6;250;17/01/2014
2014021096;5;2;1;1;6;250;18/01/2014
2014021097;5;2;1;3;6;250;20/01/2014
2014021098;3;2;1;1;7;250;24/01/2014
2014021099;5;1;3;1;3;250;25/01/2014
2014021100;5;2;1;1;6;250;25/01/2014
2014021101;5;2;2;1;6;250;27/01/2014
2014021102;5;2;1;2;3;250;29/01/2014
2014021103;1;2;1;2;6;250;04/02/2014
2014021104;1;2;6;2;6;250;04/02/2014
2014021105;1;2;6;8;3;250;06/02/2014
2014021106;1;2;1;2;6;250;07/02/2014
2014021107;1;2;1;2;6;250;07/02/2014
2014021108;5;2;1;8;6;250;08/02/2014
2014021109;1;2;1;1;6;250;11/02/2014
2014021110;1;2;1;1;6;250;11/02/2014
2014021111;5;2;1;2;3;250;15/02/2014
2014021112;1;2;1;1;2;250;17/02/2014
2014021113;1;2;1;1;6;250;17/02/2014
2014021114;1;2;1;1;6;250;03/03/2014
2014021115;1;2;1;1;4;250;03/03/2014
2014021116;1;2;3;1;3;250;07/03/2014
2014021117;1;2;1;1;6;250;07/03/2014
2014021118;1;2;1;1;4;250;10/03/2014
2014021119;1;2;1;1;2;250;11/03/2014
2014021120;1;2;1;1;6;250;13/03/2014
2014021121;5;2;1;1;6;250;20/03/2014
2014021122;1;2;1;1;2;250;25/03/2014
2014021123;1;2;1;1;6;250;30/03/2014
2014021124;1;2;1;1;6;250;02/04/2014
2014021125;1;2;9;1;6;250;04/04/2014
2014021126;1;2;1;1;7;250;06/04/2014
2014021127;1;2;1;2;2;250;08/04/2014
2014021128;1;2;1;1;2;250;08/04/2014
2014021129;1;2;1;1;4;250;09/04/2014
2014021130;2;2;1;1;6;250;09/04/2014
2014021131;1;2;1;1;6;250;12/04/2014
2014021132;1;2;1;1;6;250;13/04/2014
2014021133;1;2;1;1;2;250;16/04/2014
2014021134;3;1;1;2;1;250;26/04/2014
2014021135;1;2;1;1;7;250;27/04/2014
2014021136;1;2;1;1;6;250;04/05/2014
2014021137;1;2;3;1;5;250;07/05/2014
2014021138;1;1;2;2;5;250;13/05/2014
2014021139;1;2;1;2;6;250;13/05/2014
2014021140;1;2;1;1;3;250;19/05/2014
2014021141;1;1;1;1;6;250;19/05/2014
2014021142;1;2;1;1;1;250;20/05/2014
2014021143;2;2;3;3;3;250;26/05/2014
2014021144;1;2;1;1;6;250;24/05/2014
2014021145;1;2;1;1;1;250;25/05/2014
2014021146;5;2;5;2;3;250;27/05/2014
2014021147;1;2;1;1;6;250;28/05/2014
2014021148;1;2;1;1;6;250;28/05/2014
2014021149;1;2;1;1;6;250;31/05/2014
2014021150;5;2;1;1;6;250;31/05/2014
2014021151;1;2;2;1;3;250;02/06/2014
2014021152;1;2;1;1;6;250;03/06/2014
2014021153;1;2;1;1;4;250;03/06/2014
2014021154;1;2;1;1;2;250;04/06/2014
2014021155;1;2;3;1;6;250;06/06/2014
2014021156;1;2;3;1;3;250;09/06/2014
2014021157;1;2;1;1;6;250;17/06/2014
2014021158;1;2;1;1;6;250;17/06/2014
2014021159;1;2;1;1;6;250;17/06/2014
2014021160;5;2;1;1;7;250;19/06/2014
2014021161;5;2;1;1;6;250;21/06/2014
2014021162;1;2;1;1;6;250;24/06/2014
2014021163;1;2;1;1;6;250;24/06/2014
2014021164;1;2;3;1;2;250;25/06/2014
2014021165;1;2;1;1;3;250;26/06/2014
2014021166;1;2;1;1;6;250;26/06/2014
2014021167;1;2;1;1;3;250;27/06/2014
2014021168;5;1;1;3;6;250;08/07/2014
2014021169;1;2;1;2;6;250;10/07/2014
2014021170;1;2;1;1;6;250;15/07/2014
2014021171;1;2;3;1;6;250;16/07/2014
2014021172;1;2;6;2;3;250;21/07/2014
2014021173;1;2;9;8;3;250;21/07/2014
2014021174;1;1;1;8;7;250;22/07/2014
2014021175;1;2;1;1;3;250;24/07/2014
2014021176;1;2;1;1;6;250;25/07/2014
2014021177;5;2;1;3;6;250;26/07/2014
2014021178;5;2;1;3;2;250;26/07/2014
2014021179;1;1;1;2;1;250;29/07/2014
2014021180;5;2;1;1;6;250;01/08/2014
2014021181;3;2;1;1;6;250;07/08/2014
2014021182;1;2;1;8;6;250;20/08/2014
2014021183;5;2;1;1;6;250;23/08/2014
2014021184;1;2;1;1;6;250;23/08/2014
2014021185;5;2;2;2;3;250;23/08/2014
2014021186;1;2;1;1;6;250;28/08/2014
2014021187;1;2;1;1;3;250;29/08/2014
2014021188;1;2;1;1;3;250;02/09/2014
2014021189;5;2;3;1;1;250;02/09/2014
2014021190;1;2;1;1;3;250;09/09/2014
2014021191;1;2;1;1;6;250;05/09/2014
2014021192;1;2;1;1;2;250;06/09/2014
2014021193;1;2;1;1;3;250;07/09/2014
2014021194;2;2;1;1;6;250;12/09/2014
2014021195;1;2;6;1;3;250;13/09/2014
2014021196;1;2;1;1;6;250;13/09/2014
2014021197;5;2;1;1;6;250;14/09/2014
2014021198;1;2;1;1;3;250;13/09/2014
2014021199;1;2;1;1;3;250;15/09/2014
2014021200;5;2;1;1;6;250;19/09/2014
2014021201;2;2;1;1;1;250;18/09/2014
2014021202;1;2;1;1;3;250;22/09/2014
2014021203;1;2;1;1;6;250;04/09/2014
2014021204;1;2;1;3;7;250;07/10/2014
2014021205;1;2;1;1;6;250;09/10/2014
2014021206;2;2;6;2;2;250;10/10/2014
2014021207;1;2;2;2;3;250;15/10/2014
2014021208;5;2;2;3;3;250;16/10/2014
2014021209;1;2;5;1;3;250;18/10/2014
2014021210;5;2;1;1;1;250;19/10/2014
2014021211;1;2;1;1;2;250;17/10/2014
2014021212;1;2;1;1;3;250;20/10/2014
2014021213;1;2;5;2;3;250;21/10/2014
2014021214;5;2;2;1;6;250;21/10/2014
2014021215;1;2;1;1;1;250;24/10/2014
2014021216;1;2;1;1;6;250;29/10/2014
2014021217;1;2;1;1;6;250;13/11/2014
2014021218;1;2;1;1;6;250;14/11/2014
2014021219;1;2;1;1;3;250;20/11/2014
2014021220;1;2;1;1;3;250;25/11/2014
2014021221;5;2;1;1;3;250;26/11/2014
2014021222;1;2;1;1;3;250;27/11/2014
2014021223;5;2;1;1;6;250;01/12/2014
2014021224;1;2;1;1;6;250;04/12/2014
2014021225;1;2;1;1;7;250;07/12/2014
2014021226;1;2;1;1;6;250;13/12/2014
2014021227;5;2;1;2;6;250;19/12/2014
2014021228;5;2;1;2;6;250;25/12/2014
2014021229;1;1;1;4;6;250;28/12/2014
2014021230;1;2;6;1;6;250;15/01/2014
2014021231;1;2;1;1;6;250;19/01/2014
2014021232;1;2;1;1;6;250;18/03/2014
2014021233;1;2;1;1;3;250;26/05/2014
2014021234;1;2;1;1;5;250;26/05/2014
2014021235;1;2;1;1;6;250;11/06/2014
2014021236;1;2;1;1;1;250;21/11/2014
2014021237;1;2;6;8;3;250;10/07/2014
2014021238;1;2;1;7;6;250;15/07/2014
2014021239;1;2;1;1;6;250;06/10/2014
2014021240;5;2;1;1;3;250;02/11/2014
2014021241;1;2;1;1;7;250;26/07/2014
2014021242;1;2;1;1;6;250;19/09/2014
2014021243;1;2;1;1;6;250;25/09/2014
2014021244;1;2;3;1;1;250;23/10/2014
2014021245;1;2;3;1;6;250;23/10/2014
2014021246;1;2;3;2;6;250;12/11/2014
2014021247;5;2;1;3;6;250;12/11/2014
2014021248;3;1;1;1;1;250;24/11/2014
2014021249;5;2;1;1;7;250;11/10/2014
2014021250;1;2;1;3;3;250;22/07/2014
2014021251;5;2;1;1;6;250;28/11/2014
2014021252;1;2;1;1;1;250;26/09/2014
2014021253;5;2;1;1;6;250;03/10/2014
2014021254;1;2;1;1;6;250;29/10/2014
2014021255;5;2;1;2;6;250;12/11/2014
2014021256;5;2;1;2;6;250;15/11/2014
2014021257;1;2;1;1;3;250;18/11/2014
2014021258;1;2;1;1;6;250;14/01/2014
2014021259;5;2;1;4;6;250;14/01/2014
2014021260;5;2;1;9;7;250;31/01/2014
2014021261;1;2;1;4;7;250;26/02/2014
2014021262;1;2;1;2;6;250;28/02/2014
2014021263;1;2;6;8;3;250;02/03/2014
2014021264;1;2;1;1;6;250;20/03/2014
2014021265;1;2;2;1;3;250;18/03/2014
2014021266;1;2;3;2;6;250;05/04/2014
2014021267;1;2;2;1;3;250;26/04/2014
2014021268;1;2;1;1;6;250;24/05/2014
2014021269;1;2;6;1;5;250;21/06/2014
2014021270;1;2;1;1;3;250;23/06/2014
2014021271;5;2;6;3;3;250;23/06/2014
2014021272;1;2;3;1;6;250;01/07/2014
2014021273;1;2;1;1;2;250;01/07/2014
2014021274;1;2;1;1;6;250;01/07/2014
2014021275;1;2;1;3;6;250;10/07/2014
2014021276;1;2;1;2;6;250;11/07/2014
2014021277;1;2;1;1;2;250;15/07/2014
2014021278;1;2;1;1;2;250;19/07/2014
2014021279;1;1;1;1;6;250;01/08/2014
2014021280;1;2;1;1;3;250;02/08/2014
2014021281;1;2;9;1;3;250;08/08/2014
2014021282;1;2;1;1;6;250;09/08/2014
2014021283;1;2;6;1;2;250;20/08/2014
2014021284;1;2;1;1;6;250;08/09/2014
2014021285;3;1;1;1;6;250;25/09/2014
2014021286;2;2;3;1;3;250;26/09/2014
2014021287;1;2;3;1;6;250;03/10/2014
2014021288;5;2;1;2;1;250;21/10/2014
2014021289;1;2;3;8;3;250;22/10/2014
2014021290;5;2;1;2;6;250;15/11/2014
2014021291;1;2;1;1;2;250;25/11/2014
2014021292;1;1;1;1;7;250;27/11/2014
2014021293;1;2;3;1;3;250;28/11/2014
2014021294;1;1;1;1;7;250;29/11/2014
2014021295;1;2;3;4;1;250;12/12/2014
2014021296;1;2;1;2;7;250;18/12/2014
2014021297;5;2;1;2;6;250;18/12/2014
2014021298;1;2;2;4;3;250;29/12/2014
2014021299;3;1;2;1;3;840;10/01/2014
2014021300;1;1;1;2;7;840;18/01/2014
2014021301;2;1;1;1;7;840;15/02/2014
2014021302;1;1;1;2;7;840;08/04/2014
2014021303;3;1;1;1;7;840;13/07/2014
2014021304;1;1;1;1;3;840;27/07/2014
2014021305;1;1;1;8;1;840;17/11/2014
2014021306;1;1;1;1;6;840;15/12/2014
2014021307;3;1;2;2;3;590;15/01/2014
2014021308;3;1;1;1;6;590;26/01/2014
2014021309;1;2;7;1;6;590;28/01/2014
2014021310;1;1;1;1;6;590;07/06/2014
2014021311;1;1;1;3;1;590;25/08/2014
2014021312;1;1;1;1;1;590;17/09/2014
2014021313;3;1;1;9;6;590;07/12/2014
2014021314;1;1;2;1;3;790;14/09/2014
2014021315;1;1;1;1;6;790;14/09/2014
2014021316;3;1;1;1;6;790;05/11/2014
2014021317;3;2;1;8;6;620;12/01/2014
2014021318;1;1;1;1;4;620;13/04/2014
2014021319;1;2;1;1;2;620;17/04/2014
2014021320;1;2;1;1;1;620;10/05/2014
2014021321;1;1;3;1;3;620;17/05/2014
2014021322;1;1;1;1;1;620;11/06/2014
2014021323;1;2;2;1;3;620;13/06/2014
2014021324;1;1;1;1;6;620;27/06/2014
2014021325;1;2;1;7;1;620;26/07/2014
2014021326;1;1;2;1;3;620;19/10/2014
2014021327;2;2;1;2;2;620;17/11/2014
2014021328;3;1;1;9;6;620;06/12/2014
2014021329;1;2;1;2;1;620;19/12/2014
2014021330;2;2;2;1;3;620;19/12/2014
2014021331;5;2;3;1;6;590;14/01/2014
2014021332;1;2;1;1;6;590;05/03/2014
2014021333;1;2;1;7;1;590;31/03/2014
2014021334;1;2;1;1;6;590;16/06/2014
2014021335;1;1;3;1;3;590;03/09/2014
2014021336;1;1;6;1;6;590;21/09/2014
2014021337;3;2;6;9;6;590;07/11/2014
2014021338;3;1;1;1;5;590;01/12/2014
2014021339;2;1;1;8;1;590;09/12/2014
2014021340;5;2;1;2;6;740;07/02/2014
2014021341;1;1;1;1;1;740;07/05/2014
2014021342;1;1;1;1;1;740;11/05/2014
2014021343;1;2;3;1;3;740;12/06/2014
2014021344;1;1;1;1;5;740;05/07/2014
2014021345;5;2;1;1;6;740;05/07/2014
2014021346;3;1;1;1;7;740;02/09/2014
2014021347;1;2;1;1;6;740;10/09/2014
2014021348;3;1;1;1;6;740;28/09/2014
2014021349;5;2;1;1;6;740;01/10/2014
2014021350;1;2;9;1;6;740;02/10/2014
2014021351;3;2;1;1;2;740;29/10/2014
2014021352;5;2;2;2;1;740;14/11/2014
2014021353;3;1;1;1;6;10;15/02/2014
2014021354;1;2;6;1;6;10;07/03/2014
2014021355;1;1;1;1;6;10;27/07/2014
2014021356;3;1;1;1;5;10;21/11/2014
2014021357;2;1;1;1;7;830;16/08/2014
2014021358;1;1;1;1;1;830;18/10/2014
2014021359;3;1;6;1;1;830;05/11/2014
2014021360;5;2;1;1;7;260;11/01/2014
2014021361;1;2;1;2;6;260;04/02/2014
2014021362;1;2;1;1;6;260;20/02/2014
2014021363;3;1;1;1;2;260;26/02/2014
2014021364;5;2;1;2;6;260;01/03/2014
2014021365;1;2;1;1;3;260;02/03/2014
2014021366;1;2;9;1;3;260;04/03/2014
2014021367;1;2;1;1;3;260;21/02/2014
2014021368;1;1;1;1;7;260;01/04/2014
2014021369;1;1;1;1;6;260;21/05/2014
2014021370;5;2;1;2;6;260;25/05/2014
2014021371;1;2;1;1;6;260;03/06/2014
2014021372;1;2;1;1;3;260;05/06/2014
2014021373;1;2;1;1;3;260;13/06/2014
2014021374;1;2;1;1;3;260;23/06/2014
2014021375;2;1;2;1;3;260;06/07/2014
2014021376;5;2;1;1;2;260;15/07/2014
2014021377;1;1;1;1;2;260;21/07/2014
2014021378;1;2;1;1;3;260;07/08/2014
2014021379;1;2;1;1;3;260;02/08/2014
2014021380;1;1;3;1;3;260;04/09/2014
2014021381;1;1;1;2;3;260;24/09/2014
2014021382;1;2;1;1;2;260;15/10/2014
2014021383;1;2;1;3;2;260;25/11/2014
2014021384;3;1;3;2;1;260;08/12/2014
2014021385;1;2;1;1;3;260;19/12/2014
2014021386;2;2;1;1;6;260;06/01/2014
2014021387;2;2;7;1;3;260;10/01/2014
2014021388;2;2;6;1;7;260;15/01/2014
2014021389;2;2;2;1;3;260;16/01/2014
2014021390;1;2;1;1;3;260;17/01/2014
2014021391;1;2;1;2;6;260;04/02/2014
2014021392;5;2;3;1;3;260;08/02/2014
2014021393;1;2;6;3;7;260;10/02/2014
2014021394;5;2;3;1;3;260;11/02/2014
2014021395;5;2;1;8;1;260;16/02/2014
2014021396;1;2;1;1;4;260;17/02/2014
2014021397;1;1;1;1;3;260;13/02/2014
2014021398;1;2;1;1;1;260;18/02/2014
2014021399;2;2;3;1;6;260;20/02/2014
2014021400;1;1;1;2;3;260;26/02/2014
2014021401;1;2;1;2;2;260;28/02/2014
2014021402;1;2;1;2;2;260;03/03/2014
2014021403;1;2;3;1;6;260;04/03/2014
2014021404;1;2;1;1;6;260;18/03/2014
2014021405;1;2;1;1;6;260;19/03/2014
2014021406;1;2;2;1;3;260;24/03/2014
2014021407;1;2;1;1;2;260;28/03/2014
2014021408;1;2;1;1;3;260;29/03/2014
2014021409;1;2;1;1;2;260;28/03/2014
2014021410;1;2;2;1;2;260;04/04/2014
2014021411;1;2;1;1;2;260;09/04/2014
2014021412;1;2;2;1;3;260;11/04/2014
2014021413;1;2;6;1;3;260;14/04/2014
2014021414;1;2;6;1;6;260;15/04/2014
2014021415;1;2;1;1;1;260;21/04/2014
2014021416;1;2;1;1;3;260;23/04/2014
2014021417;1;1;1;1;2;260;29/04/2014
2014021418;1;2;3;1;3;260;09/05/2014
2014021419;1;2;2;1;3;260;09/05/2014
2014021420;1;2;2;1;3;260;13/05/2014
2014021421;1;2;1;1;2;260;02/06/2014
2014021422;5;2;1;1;1;260;03/06/2014
2014021423;1;2;2;2;3;260;04/06/2014
2014021424;1;2;1;1;6;260;05/06/2014
2014021425;1;1;1;1;2;260;07/06/2014
2014021426;1;2;6;1;3;260;09/06/2014
2014021427;1;2;1;1;3;260;11/06/2014
2014021428;1;2;1;1;1;260;11/06/2014
2014021429;1;2;1;1;6;260;13/06/2014
2014021430;1;2;6;1;6;260;19/06/2014
2014021431;1;2;1;1;1;260;27/06/2014
2014021432;1;1;1;1;4;260;03/07/2014
2014021433;1;2;1;1;4;260;04/07/2014
2014021434;1;2;6;1;6;260;04/07/2014
2014021435;2;2;2;1;3;260;05/07/2014
2014021436;1;2;1;1;7;260;14/07/2014
2014021437;1;2;6;1;2;260;16/07/2014
2014021438;1;2;1;1;2;260;17/07/2014
2014021439;1;2;2;1;1;260;19/07/2014
2014021440;2;1;1;1;2;260;23/07/2014
2014021441;1;2;1;1;1;260;24/07/2014
2014021442;1;2;1;1;6;260;31/07/2014
2014021443;2;2;2;1;3;260;07/08/2014
2014021444;1;2;6;1;2;260;16/08/2014
2014021445;1;2;6;1;2;260;22/08/2014
2014021446;1;1;1;1;1;260;31/08/2014
2014021447;1;2;2;1;3;260;09/09/2014
2014021448;1;2;3;1;3;260;15/09/2014
2014021449;1;2;1;1;3;260;16/09/2014
2014021450;2;2;1;1;3;260;19/09/2014
2014021451;1;2;6;1;3;260;30/09/2014
2014021452;1;2;6;1;3;260;01/10/2014
2014021453;1;2;1;1;3;260;30/09/2014
2014021454;1;2;4;1;3;260;08/10/2014
2014021455;1;2;6;1;3;260;11/10/2014
2014021456;1;2;1;1;4;260;17/10/2014
2014021457;1;2;2;1;6;260;19/10/2014
2014021458;1;2;1;1;6;260;22/10/2014
2014021459;1;2;1;1;2;260;24/10/2014
2014021460;5;2;3;1;2;260;24/10/2014
2014021461;5;2;3;1;3;260;26/10/2014
2014021462;1;2;3;1;3;260;27/10/2014
2014021463;1;2;2;3;3;260;04/11/2014
2014021464;1;2;1;1;6;260;07/11/2014
2014021465;2;1;2;1;2;260;07/11/2014
2014021466;2;2;1;1;3;260;19/11/2014
2014021467;1;2;2;1;3;260;24/11/2014
2014021468;1;2;1;1;6;260;27/11/2014
2014021469;1;2;1;1;6;260;27/11/2014
2014021470;1;2;0;2;2;260;03/12/2014
2014021471;1;2;6;1;6;260;08/12/2014
2014021472;1;2;6;1;3;260;09/12/2014
2014021473;2;2;6;1;3;260;10/12/2014
2014021474;1;2;0;1;3;260;15/12/2014
2014021475;1;1;2;1;2;260;17/12/2014
2014021476;1;2;1;1;6;260;17/12/2014
2014021477;2;1;1;2;3;260;17/12/2014
2014021478;5;2;1;2;7;260;17/12/2014
2014021479;3;1;2;1;3;260;19/12/2014
2014021480;5;2;6;1;3;260;08/01/2014
2014021481;1;2;1;1;3;260;10/01/2014
2014021482;5;2;2;2;3;260;14/01/2014
2014021483;5;2;3;1;1;260;15/01/2014
2014021484;3;1;1;1;6;260;16/01/2014
2014021485;1;2;1;1;3;260;17/01/2014
2014021486;1;2;1;1;6;260;29/01/2014
2014021487;1;2;1;1;3;260;31/01/2014
2014021488;5;2;1;1;6;260;02/02/2014
2014021489;1;1;1;2;7;260;16/02/2014
2014021490;1;2;1;1;6;260;24/02/2014
2014021491;1;2;1;2;6;260;26/02/2014
2014021492;1;2;4;1;3;260;07/03/2014
2014021493;1;2;1;1;6;260;17/03/2014
2014021494;1;2;1;1;6;260;18/03/2014
2014021495;5;2;6;2;1;260;22/03/2014
2014021496;1;2;1;1;6;260;21/03/2014
2014021497;1;1;1;1;2;260;31/03/2014
2014021498;1;2;1;1;6;260;09/04/2014
2014021499;5;2;1;1;6;260;12/04/2014
2014021500;1;2;2;1;7;260;12/04/2014
2014021501;5;2;2;1;3;260;14/04/2014
2014021502;1;2;3;1;6;260;18/04/2014
2014021503;5;2;1;1;4;260;23/04/2014
2014021504;1;2;3;1;3;260;26/04/2014
2014021505;1;2;1;1;6;260;10/05/2014
2014021506;1;2;1;1;7;260;24/05/2014
2014021507;1;2;2;2;6;260;04/06/2014
2014021508;1;1;1;1;2;260;07/06/2014
2014021509;1;2;6;1;3;260;08/06/2014
2014021510;1;2;1;1;2;260;11/06/2014
2014021511;1;1;2;1;3;260;23/06/2014
2014021512;1;2;1;1;1;260;28/06/2014
2014021513;1;2;3;1;3;260;30/06/2014
2014021514;1;2;2;1;3;260;23/07/2014
2014021515;1;2;1;2;3;260;28/07/2014
2014021516;1;2;1;1;6;260;13/08/2014
2014021517;1;2;2;1;7;260;15/08/2014
2014021518;1;1;2;1;3;260;27/08/2014
2014021519;1;1;1;1;7;260;28/08/2014
2014021520;1;1;1;1;2;260;15/08/2014
2014021521;1;2;1;1;2;260;03/09/2014
2014021522;5;1;1;1;7;260;05/09/2014
2014021523;5;2;2;1;3;260;06/09/2014
2014021524;3;1;1;1;2;260;09/09/2014
2014021525;1;1;2;1;6;260;17/09/2014
2014021526;1;1;3;1;3;260;17/09/2014
2014021527;5;2;1;3;7;260;17/09/2014
2014021528;1;1;1;3;7;260;18/09/2014
2014021529;4;1;1;2;6;260;19/09/2014
2014021530;1;2;1;1;6;260;19/09/2014
2014021531;5;2;1;1;3;260;21/09/2014
2014021532;1;2;1;1;3;260;27/09/2014
2014021533;5;2;1;1;3;260;26/09/2014
2014021534;1;2;1;1;6;260;04/10/2014
2014021535;1;1;1;1;2;260;01/10/2014
2014021536;3;1;1;1;2;260;08/10/2014
2014021537;3;2;6;1;2;260;08/10/2014
2014021538;1;2;2;1;6;260;24/10/2014
2014021539;1;2;1;1;6;260;01/10/2014
2014021540;1;2;1;1;6;260;16/11/2014
2014021541;1;2;6;1;3;260;15/11/2014
2014021542;1;2;1;1;6;260;19/11/2014
2014021543;1;1;1;1;1;260;27/11/2014
2014021544;1;2;1;1;6;260;30/11/2014
2014021545;2;2;1;1;5;260;01/12/2014
2014021546;1;2;1;1;3;260;03/12/2014
2014021547;1;1;1;1;5;260;10/12/2014
2014021548;3;1;1;1;7;260;12/12/2014
2014021549;1;1;1;1;7;260;26/12/2014
2014021550;1;1;1;1;2;840;01/03/2014
2014021551;1;2;2;1;3;840;07/05/2014
2014021552;1;2;1;1;3;840;29/08/2014
2014021553;1;2;1;1;3;60;06/05/2014
2014021554;1;1;1;1;1;60;19/05/2014
2014021555;2;2;1;2;1;60;30/09/2014