num_acc;lum;agg;inter;atm;col;dep;date
2014021556;1;1;6;1;2;60;29/10/2014
2014021557;1;1;1;1;7;60;02/11/2014
2014021558;1;2;1;1;5;380;23/04/2014
2014021559;1;2;1;1;3;380;29/09/2014
2014021560;1;2;1;1;6;380;06/04/2014
2014021561;1;1;1;1;2;380;09/04/2014
2014021562;1;1;1;1;6;380;05/06/2014
2014021563;1;1;1;1;6;380;01/08/2014
2014021564;1;1;1;1;1;380;29/08/2014
2014021565;1;2;1;1;6;380;12/09/2014
2014021566;2;1;1;1;1;380;14/09/2014
2014021567;3;2;1;1;6;380;10/10/2014
2014021568;1;1;9;1;1;380;12/10/2014
2014021569;1;2;1;1;2;380;15/10/2014
2014021570;3;1;1;1;6;380;30/10/2014
2014021571;1;2;1;1;1;380;12/12/2014
2014021572;1;2;1;2;1;690;20/12/2014
2014021573;1;1;1;8;7;580;24/01/2014
2014021574;1;2;1;1;3;580;04/06/2014
2014021575;5;2;1;1;6;580;05/08/2014
2014021576;5;2;1;2;6;580;08/12/2014
2014021577;3;1;1;2;1;410;25/01/2014
2014021578;3;1;1;8;7;410;28/01/2014
2014021579;3;1;1;8;7;410;08/04/2014
2014021580;1;1;1;8;6;410;02/05/2014
2014021581;2;1;1;1;2;410;05/05/2014
2014021582;1;1;1;1;2;410;07/06/2014
2014021583;3;1;1;1;5;410;12/06/2014
2014021584;2;1;1;7;2;410;19/06/2014
2014021585;1;1;1;1;1;410;04/07/2014
2014021586;3;1;1;1;4;410;21/07/2014
2014021587;3;1;1;1;2;410;17/10/2014
2014021588;3;1;9;1;2;410;25/10/2014
2014021589;3;1;1;8;3;410;25/11/2014
2014021590;1;1;1;1;6;410;21/12/2014
2014021591;3;1;1;2;7;410;15/12/2014
2014021592;1;2;1;1;6;270;10/01/2014
2014021593;5;2;1;1;2;270;29/01/2014
2014021594;5;2;1;1;6;270;06/02/2014
2014021595;1;2;6;1;3;270;03/03/2014
2014021596;1;2;1;1;6;270;06/03/2014
2014021597;1;2;1;1;6;270;11/03/2014
2014021598;1;2;1;1;6;270;19/03/2014
2014021599;1;2;1;1;4;270;29/03/2014
2014021600;1;2;9;1;6;270;09/04/2014
2014021601;1;2;1;1;6;270;30/04/2014
2014021602;1;2;1;1;6;270;16/05/2014
2014021603;3;2;1;1;1;270;25/05/2014
2014021604;1;2;3;1;3;270;01/06/2014
2014021605;1;2;1;1;6;270;05/06/2014
2014021606;1;2;1;1;6;270;16/06/2014
2014021607;1;2;1;1;3;270;23/06/2014
2014021608;1;2;1;1;6;270;07/06/2014
2014021609;1;2;1;1;3;270;07/07/2014
2014021610;1;2;2;1;6;270;15/08/2014
2014021611;5;2;1;1;6;270;16/08/2014
2014021612;1;2;1;2;6;270;02/10/2014
2014021613;1;2;1;1;6;270;09/10/2014
2014021614;5;2;1;1;6;270;15/11/2014
2014021615;5;2;1;1;6;270;16/11/2014
2014021616;1;2;1;1;6;270;01/12/2014
2014021617;2;2;1;1;6;270;03/12/2014
2014021618;5;2;1;1;1;270;25/11/2014
2014021619;1;1;1;1;2;350;25/06/2014
2014021620;5;2;1;3;7;270;22/01/2014
2014021621;1;2;1;1;6;270;01/03/2014
2014021622;1;2;1;1;6;270;20/03/2014
2014021623;1;2;2;1;5;270;15/04/2014
2014021624;1;1;1;1;6;270;04/05/2014
2014021625;1;2;1;1;6;270;30/05/2014
2014021626;1;2;2;2;3;270;25/08/2014
2014021627;1;2;1;1;3;270;16/09/2014
2014021628;1;2;3;1;3;270;25/09/2014
2014021629;1;2;1;1;2;270;25/09/2014
2014021630;1;2;2;1;3;270;15/10/2014
2014021631;5;2;3;1;6;270;04/11/2014
2014021632;1;2;3;2;4;270;17/12/2014
2014021633;4;2;2;1;5;270;23/12/2014
2014021634;2;1;1;2;6;140;01/01/2014
2014021635;3;1;1;2;6;140;10/01/2014
2014021636;1;1;1;4;6;140;30/01/2014
2014021637;3;1;1;1;6;140;09/04/2014
2014021638;3;1;1;1;6;140;23/04/2014
2014021639;1;1;1;1;3;140;07/06/2014
2014021640;1;1;1;1;6;140;04/07/2014
2014021641;3;1;1;1;6;140;20/09/2014
2014021642;1;1;1;1;4;140;22/09/2014
2014021643;3;1;1;1;6;140;23/09/2014
2014021644;3;1;1;3;6;140;12/12/2014
2014021645;1;2;1;2;1;60;05/01/2014
2014021646;1;1;1;1;6;60;09/02/2014
2014021647;1;1;1;1;6;60;21/03/2014
2014021648;1;2;1;1;3;60;16/04/2014
2014021649;1;2;1;1;6;60;28/04/2014
2014021650;1;2;1;1;2;60;06/05/2014
2014021651;1;2;1;1;6;60;23/05/2014
2014021652;1;2;1;1;6;60;24/05/2014
2014021653;1;2;1;1;3;60;07/06/2014
2014021654;1;1;1;1;6;60;29/07/2014
2014021655;1;1;1;1;6;60;02/08/2014
2014021656;1;2;1;1;2;60;11/08/2014
2014021657;1;2;1;1;6;60;06/09/2014
2014021658;1;1;9;1;6;60;13/09/2014
2014021659;1;1;1;1;7;60;09/10/2014
2014021660;5;2;1;2;3;60;05/12/2014
2014021661;3;1;1;1;1;60;19/12/2014
2014021662;5;2;1;1;1;60;25/12/2014
2014021663;1;1;2;8;3;390;10/11/2014
2014021664;1;2;6;1;3;270;30/12/2014
2014021665;5;2;3;2;3;270;04/01/2014
2014021666;1;1;1;1;7;270;11/03/2014
2014021667;1;2;1;1;3;270;12/04/2014
2014021668;1;2;9;1;1;270;06/05/2014
2014021669;1;1;1;1;5;270;12/06/2014
2014021670;1;2;3;1;3;270;03/07/2014
2014021671;1;2;3;1;3;270;31/07/2014
2014021672;1;2;3;1;7;270;18/08/2014
2014021673;1;2;3;1;3;270;14/08/2014
2014021674;1;2;3;1;3;270;08/09/2014
2014021675;3;2;1;1;6;270;16/09/2014
2014021676;1;2;1;1;6;270;05/10/2014
2014021677;2;2;6;1;6;270;27/10/2014
2014021678;1;2;3;1;3;270;10/12/2014
2014021679;1;1;3;1;1;170;02/02/2014
2014021680;1;1;6;1;2;170;13/07/2014
2014021681;1;1;1;1;3;170;02/11/2014
2014021682;2;1;1;1;7;250;22/02/2014
2014021683;1;1;1;1;2;250;04/07/2014
2014021684;1;1;1;1;5;250;25/07/2014
2014021685;1;1;1;1;1;250;24/11/2014
2014021686;5;2;1;2;6;910;05/01/2014
2014021687;2;1;1;1;7;910;08/01/2014
2014021688;1;2;1;1;7;910;05/03/2014
2014021689;1;2;1;1;3;910;02/06/2014
2014021690;1;1;1;2;1;910;29/06/2014
2014021691;1;2;1;1;2;910;29/06/2014
2014021692;3;2;6;1;6;910;02/07/2014
2014021693;1;1;6;1;3;910;03/09/2014
2014021694;1;1;1;1;2;910;13/09/2014
2014021695;1;2;2;1;3;910;26/10/2014
2014021696;3;1;1;2;5;910;23/12/2014
2014021697;1;1;1;1;6;760;02/09/2014
2014021698;1;1;1;8;5;870;03/03/2014
2014021699;1;1;1;1;6;870;13/03/2014
2014021700;1;1;1;1;2;870;19/05/2014
2014021701;1;1;1;1;6;870;05/11/2014
2014021702;3;1;1;3;1;870;25/11/2014
2014021703;3;1;1;1;7;190;26/01/2014
2014021704;1;1;1;2;3;190;27/04/2014
2014021705;1;1;1;1;7;190;08/06/2014
2014021706;1;1;9;1;6;190;15/07/2014
2014021707;3;1;1;1;5;190;09/08/2014
2014021708;2;1;1;1;2;190;25/09/2014
2014021709;1;1;1;1;6;190;10/10/2014
2014021710;1;1;1;7;2;190;29/10/2014
2014021711;3;1;1;2;3;190;12/11/2014
2014021712;1;1;1;1;2;190;15/12/2014
2014021713;1;1;1;7;5;590;03/02/2014
2014021714;1;2;1;1;6;590;02/04/2014
2014021715;1;2;1;1;2;590;26/05/2014
2014021716;3;1;1;9;1;590;30/12/2014
2014021717;5;2;1;1;5;280;04/01/2014
2014021718;1;2;1;1;6;280;16/09/2014
2014021719;3;2;1;3;7;280;07/01/2014
2014021720;5;2;1;2;4;280;08/01/2014
2014021721;1;2;1;1;1;280;19/09/2014
2014021722;5;2;7;1;6;280;10/01/2014
2014021723;5;2;1;1;1;280;20/09/2014
2014021724;1;2;1;1;6;280;11/01/2014
2014021725;1;2;1;1;6;280;20/09/2014
2014021726;1;2;1;1;6;280;25/09/2014
2014021727;5;2;1;2;3;280;13/01/2014
2014021728;1;2;1;1;5;280;25/09/2014
2014021729;3;1;1;1;6;280;19/01/2014
2014021730;1;1;2;1;3;280;20/09/2014
2014021731;1;2;1;1;2;280;21/01/2014
2014021732;2;1;6;1;1;280;22/09/2014
2014021733;1;2;1;1;2;280;21/01/2014
2014021734;1;2;1;1;6;280;28/09/2014
2014021735;5;2;3;1;6;280;22/01/2014
2014021736;1;1;1;1;2;280;03/10/2014
2014021737;5;2;1;1;6;280;23/01/2014
2014021738;5;2;1;1;3;280;04/10/2014
2014021739;1;2;3;2;3;280;24/01/2014
2014021740;1;2;3;1;1;280;07/10/2014
2014021741;1;2;1;1;3;280;27/01/2014
2014021742;1;2;6;1;6;280;08/10/2014
2014021743;3;1;1;1;7;280;03/02/2014
2014021744;1;2;3;1;3;280;11/10/2014
2014021745;4;2;2;1;3;280;03/02/2014
2014021746;1;2;1;2;1;280;12/10/2014
2014021747;3;1;1;6;6;280;09/02/2014
2014021748;5;2;1;1;6;280;12/10/2014
2014021749;1;2;1;1;6;280;12/10/2014
2014021750;3;2;1;1;7;280;11/02/2014
2014021751;1;2;1;1;4;280;14/10/2014
2014021752;1;2;1;1;1;280;11/02/2014
2014021753;1;2;1;1;6;280;16/10/2014
2014021754;1;2;2;1;7;280;12/02/2014
2014021755;1;2;1;1;6;280;16/10/2014
2014021756;2;2;9;3;6;280;13/02/2014
2014021757;1;2;1;1;6;280;22/10/2014
2014021758;1;2;6;1;7;280;12/02/2014
2014021759;1;2;1;1;7;280;12/02/2014
2014021760;1;2;2;2;3;280;29/10/2014
2014021761;1;2;1;1;6;280;16/02/2014
2014021762;5;2;4;1;1;280;31/10/2014
2014021763;1;2;2;1;6;280;17/02/2014
2014021764;1;2;1;1;6;280;31/10/2014
2014021765;5;2;4;1;5;280;20/02/2014
2014021766;1;1;1;1;6;280;21/02/2014
2014021767;1;2;1;1;7;280;31/10/2014
2014021768;2;2;1;1;6;280;31/10/2014
2014021769;5;2;1;1;6;280;21/02/2014
2014021770;3;1;5;1;3;280;22/02/2014
2014021771;1;2;1;1;6;280;01/11/2014
2014021772;1;2;1;1;3;280;24/02/2014
2014021773;1;1;6;1;6;280;02/11/2014
2014021774;5;2;1;3;3;280;03/11/2014
2014021775;5;2;1;2;2;280;28/02/2014
2014021776;5;2;2;1;1;280;04/11/2014
2014021777;1;2;1;1;6;280;05/11/2014
2014021778;1;2;3;1;3;280;06/03/2014
2014021779;5;2;3;1;3;280;09/03/2014
2014021780;1;2;1;8;6;280;07/11/2014
2014021781;1;2;1;1;6;280;10/03/2014
2014021782;1;1;1;1;1;280;08/11/2014
2014021783;1;1;3;1;1;280;30/10/2014
2014021784;1;2;1;1;2;280;10/03/2014
2014021785;1;2;1;2;3;280;16/11/2014
2014021786;1;2;1;1;3;280;11/03/2014
2014021787;1;2;1;1;6;280;12/03/2014
2014021788;1;2;1;1;1;280;21/11/2014
2014021789;1;2;1;1;2;280;12/03/2014
2014021790;3;1;1;2;6;280;22/11/2014
2014021791;4;2;1;2;6;280;25/11/2014
2014021792;1;2;3;7;1;280;12/03/2014
2014021793;1;1;1;1;7;280;19/03/2014
2014021794;1;2;1;1;1;280;26/11/2014
2014021795;1;2;2;1;3;280;19/03/2014
2014021796;1;2;1;1;1;280;27/11/2014
2014021797;1;2;3;1;3;280;20/03/2014
2014021798;1;2;1;1;1;280;28/11/2014
2014021799;5;2;1;2;7;280;28/11/2014
2014021800;2;2;2;1;3;280;11/03/2014
2014021801;1;1;1;1;2;280;22/03/2014
2014021802;5;2;3;1;2;280;21/11/2014
2014021803;5;2;3;1;3;280;24/03/2014
2014021804;5;2;3;2;7;280;02/12/2014
2014021805;5;2;9;1;3;280;25/03/2014
2014021806;1;1;3;2;3;280;08/12/2014
2014021807;1;2;6;2;7;280;25/03/2014
2014021808;5;2;1;2;6;280;08/12/2014
2014021809;1;2;9;1;6;280;26/03/2014
2014021810;1;2;1;9;7;280;09/12/2014
2014021811;1;1;1;1;7;280;27/03/2014
2014021812;1;2;1;1;6;280;09/12/2014
2014021813;1;2;1;1;3;280;29/03/2014
2014021814;3;1;1;2;2;280;10/12/2014
2014021815;1;2;1;1;6;280;04/04/2014
2014021816;1;2;2;1;6;280;11/12/2014
2014021817;5;1;1;1;7;280;05/04/2014
2014021818;1;1;2;2;1;280;14/12/2014
2014021819;3;1;1;1;3;280;09/04/2014
2014021820;3;1;6;1;6;280;16/12/2014
2014021821;1;2;6;1;3;280;11/04/2014
2014021822;2;2;1;2;6;280;14/12/2014
2014021823;1;2;3;1;4;280;12/04/2014
2014021824;3;1;1;2;2;280;17/12/2014
2014021825;5;2;3;1;1;280;13/04/2014
2014021826;1;2;6;1;3;280;19/12/2014
2014021827;1;2;1;1;2;280;15/04/2014
2014021828;1;2;2;1;3;280;22/12/2014
2014021829;1;2;1;2;2;280;19/04/2014
2014021830;5;2;3;1;3;280;21/12/2014
2014021831;5;2;1;1;6;280;22/12/2014
2014021832;1;2;1;1;6;280;06/05/2014
2014021833;1;1;1;1;6;280;24/12/2014
2014021834;1;2;1;2;7;280;06/05/2014
2014021835;2;2;9;2;6;280;27/12/2014
2014021836;5;2;1;1;6;280;07/05/2014
2014021837;1;2;3;1;3;280;29/12/2014
2014021838;1;1;1;1;7;280;08/05/2014
2014021839;1;1;1;9;7;280;30/12/2014
2014021840;1;2;1;1;3;280;10/05/2014
2014021841;5;2;3;1;6;280;30/12/2014
2014021842;1;2;2;1;3;280;11/05/2014
2014021843;1;2;3;1;3;280;13/05/2014
2014021844;1;1;6;1;3;280;19/05/2014
2014021845;1;2;9;1;6;280;23/05/2014
2014021846;1;1;1;1;4;280;23/05/2014
2014021847;1;2;1;1;6;280;25/05/2014
2014021848;1;2;1;2;7;280;28/05/2014
2014021849;1;1;3;1;6;280;04/06/2014
2014021850;1;2;2;1;3;280;06/06/2014
2014021851;1;1;3;1;2;280;06/06/2014
2014021852;1;2;6;1;6;280;10/06/2014
2014021853;1;2;1;1;2;280;10/06/2014
2014021854;1;2;3;1;6;280;11/06/2014
2014021855;1;2;7;1;2;280;13/06/2014
2014021856;1;2;1;1;4;280;14/06/2014
2014021857;5;2;1;1;2;280;20/06/2014
2014021858;1;2;1;1;6;280;22/06/2014
2014021859;1;2;1;1;3;280;21/06/2014
2014021860;1;2;1;1;2;280;27/06/2014
2014021861;1;2;1;2;2;280;28/06/2014
2014021862;1;2;1;1;4;280;06/07/2014
2014021863;2;2;1;3;6;280;08/07/2014
2014021864;1;2;2;1;3;280;16/07/2014
2014021865;1;2;1;1;3;280;17/07/2014
2014021866;1;2;9;1;3;280;18/07/2014
2014021867;1;2;1;1;6;280;17/07/2014
2014021868;1;2;6;1;3;280;21/07/2014
2014021869;1;2;1;1;3;280;23/07/2014
2014021870;1;1;1;1;6;280;24/07/2014
2014021871;1;1;1;1;6;280;24/07/2014
2014021872;1;2;2;1;3;280;25/07/2014
2014021873;1;2;1;1;6;280;29/07/2014
2014021874;1;2;1;8;7;280;06/08/2014
2014021875;1;2;1;2;7;280;07/08/2014
2014021876;1;2;1;1;6;280;09/08/2014
2014021877;1;2;1;2;3;280;10/08/2014
2014021878;1;2;9;1;1;280;16/08/2014
2014021879;5;2;1;2;6;280;10/08/2014
2014021880;1;2;1;1;3;280;23/08/2014
2014021881;1;1;1;1;2;280;29/08/2014
2014021882;1;2;8;1;6;280;02/09/2014
2014021883;3;1;1;1;6;280;03/09/2014
2014021884;1;2;1;1;7;280;04/09/2014
2014021885;5;2;1;1;6;280;04/09/2014
2014021886;1;2;1;8;3;280;05/09/2014
2014021887;1;2;3;8;6;280;05/09/2014
2014021888;1;2;3;1;3;280;05/09/2014
2014021889;1;2;1;1;7;280;06/09/2014
2014021890;1;1;1;1;7;280;08/09/2014
2014021891;1;2;1;1;2;280;09/09/2014
2014021892;2;2;2;1;6;280;07/09/2014
2014021893;2;2;1;1;6;280;12/09/2014
2014021894;5;2;1;1;6;280;14/09/2014
2014021895;1;2;1;1;5;280;13/09/2014
2014021896;1;2;1;1;3;280;12/09/2014
2014021897;1;2;1;1;7;420;24/02/2014
2014021898;1;1;1;1;6;420;28/09/2014
2014021899;1;1;2;1;3;420;20/02/2014
2014021900;1;1;1;1;7;420;10/05/2014
2014021901;1;1;1;1;3;420;27/05/2014
2014021902;1;1;1;7;1;420;30/05/2014
2014021903;1;1;1;2;6;420;07/07/2014
2014021904;1;1;1;2;6;420;09/07/2014
2014021905;1;2;2;1;5;420;15/07/2014
2014021906;1;2;1;7;1;420;06/09/2014
2014021907;2;1;1;1;7;420;08/09/2014
2014021908;1;1;2;7;3;420;11/09/2014
2014021909;2;2;1;1;3;420;08/10/2014
2014021910;1;1;1;1;6;420;08/10/2014
2014021911;1;1;1;1;6;420;09/12/2014
2014021912;1;1;1;8;5;420;26/12/2014
2014021913;1;2;1;1;2;280;03/01/2014
2014021914;1;1;1;1;2;280;30/09/2014
2014021915;1;2;1;1;6;280;09/01/2014
2014021916;5;2;1;1;2;280;05/10/2014
2014021917;2;2;1;1;3;280;09/10/2014
2014021918;1;2;2;1;6;280;03/02/2014
2014021919;1;2;1;1;1;780;07/11/2014
2014021920;2;2;1;1;6;280;06/02/2014
2014021921;5;2;1;1;3;280;08/11/2014
2014021922;5;2;1;1;6;280;21/11/2014
2014021923;1;2;6;1;2;280;11/03/2014
2014021924;1;2;3;1;3;280;03/12/2014
2014021925;2;2;3;1;3;280;20/03/2014
2014021926;1;2;1;1;1;280;28/12/2014
2014021927;1;2;1;1;7;280;23/03/2014
2014021928;3;1;1;1;3;280;29/03/2014
2014021929;5;2;1;1;3;280;30/03/2014
2014021930;3;1;1;1;1;280;04/04/2014
2014021931;1;2;1;1;6;280;07/04/2014
2014021932;1;2;1;1;2;280;07/04/2014
2014021933;1;2;8;1;3;280;09/04/2014
2014021934;1;2;1;1;5;280;07/05/2014
2014021935;1;2;1;1;2;280;07/05/2014
2014021936;1;2;1;1;2;280;19/05/2014
2014021937;2;2;9;1;3;280;23/05/2014
2014021938;1;2;6;1;3;280;03/06/2014
2014021939;1;2;1;1;6;280;06/06/2014
2014021940;1;2;1;1;6;280;13/06/2014
2014021941;1;1;1;1;3;280;17/06/2014
2014021942;1;2;2;1;3;280;18/06/2014
2014021943;1;2;1;1;3;280;21/06/2014
2014021944;1;2;1;1;6;280;22/06/2014
2014021945;1;2;2;1;3;280;04/07/2014
2014021946;1;2;1;1;3;280;07/07/2014
2014021947;1;2;6;1;3;280;17/07/2014
2014021948;1;2;1;1;7;280;21/07/2014
2014021949;1;2;1;1;6;280;23/07/2014
2014021950;1;1;1;1;3;280;01/08/2014
2014021951;3;1;1;2;7;280;08/08/2014
2014021952;5;2;1;1;2;280;04/09/2014
2014021953;1;2;1;1;1;280;05/09/2014
2014021954;1;2;1;1;6;280;15/09/2014
2014021955;3;1;1;1;5;710;09/01/2014
2014021956;3;1;9;1;2;710;13/03/2014
2014021957;1;1;1;1;6;710;02/06/2014
2014021958;1;1;1;1;6;710;15/06/2014
2014021959;1;1;1;1;2;710;08/09/2014
2014021960;1;1;1;1;2;710;13/10/2014
2014021961;1;1;1;2;2;950;05/12/2014
2014021962;2;1;2;3;3;140;27/02/2014
2014021963;1;1;1;2;6;140;06/07/2014
2014021964;3;1;2;1;3;140;06/09/2014
2014021965;2;1;1;1;1;140;21/09/2014
2014021966;1;1;1;7;2;220;01/02/2014
2014021967;1;1;1;1;6;220;20/02/2014
2014021968;1;1;1;4;7;220;27/02/2014
2014021969;1;1;1;3;7;220;28/03/2014
2014021970;1;1;1;1;6;220;02/04/2014
2014021971;1;1;1;1;7;220;16/04/2014
2014021972;3;1;9;1;6;220;03/05/2014
2014021973;1;1;1;8;7;220;24/05/2014
2014021974;1;1;1;1;7;220;06/08/2014
2014021975;2;1;1;1;6;220;13/09/2014
2014021976;1;1;1;1;6;220;24/09/2014
2014021977;3;1;4;2;4;220;03/12/2014
2014021978;1;1;1;9;6;220;31/12/2014
2014021979;1;1;1;1;6;220;03/02/2014
2014021980;1;1;1;1;4;220;27/02/2014
2014021981;1;1;9;1;6;220;01/03/2014
2014021982;1;1;1;1;7;220;31/03/2014
2014021983;3;1;1;2;7;220;04/06/2014
2014021984;1;1;1;1;6;220;21/06/2014
2014021985;1;1;1;1;5;220;30/06/2014
2014021986;3;1;1;3;6;220;06/07/2014
2014021987;1;1;1;1;6;220;15/07/2014
2014021988;1;1;1;1;7;220;28/07/2014
2014021989;1;1;1;1;6;220;20/07/2014
2014021990;1;1;1;1;6;220;08/08/2014
2014021991;3;1;1;5;6;220;28/10/2014
2014021992;1;1;1;3;4;220;05/11/2014
2014021993;3;1;1;3;6;220;23/11/2014
2014021994;1;1;1;1;7;220;08/12/2014
2014021995;3;1;1;9;6;220;09/12/2014
2014021996;3;1;9;3;6;220;13/12/2014
2014021997;1;1;1;2;2;220;15/12/2014
2014021998;3;1;1;1;4;290;21/01/2014
2014021999;1;1;1;1;7;290;25/02/2014
2014022000;1;1;1;1;7;290;12/03/2014
2014022001;1;1;1;1;7;290;09/04/2014
2014022002;1;1;1;1;7;290;16/04/2014
2014022003;3;1;1;1;1;290;10/06/2014
2014022004;1;1;1;7;7;290;18/06/2014
2014022005;1;1;1;1;6;290;28/08/2014
2014022006;1;1;1;1;6;290;07/09/2014
2014022007;3;1;1;1;6;290;05/10/2014
2014022008;3;1;1;1;6;290;17/10/2014
2014022009;3;1;1;1;6;290;21/10/2014
2014022010;1;1;1;2;7;290;06/11/2014
2014022011;3;1;9;2;6;290;09/12/2014
2014022012;2;1;1;1;4;290;15/12/2014
2014022013;3;1;1;2;6;290;17/12/2014
2014022014;1;1;1;1;2;290;03/05/2014
2014022015;1;2;2;1;1;290;16/03/2014
2014022016;1;1;1;1;2;290;28/06/2014
2014022017;1;1;1;1;6;290;29/07/2014
2014022018;3;1;1;2;3;350;03/03/2014
2014022019;1;1;9;1;7;350;16/03/2014
2014022020;1;1;1;1;6;350;29/03/2014
2014022021;3;1;1;1;2;350;13/04/2014
2014022022;1;1;1;1;6;350;13/06/2014
2014022023;1;1;1;1;4;350;25/06/2014
2014022024;2;1;1;5;2;350;16/09/2014
2014022025;1;1;1;1;6;350;07/12/2014
2014022026;1;1;1;1;3;350;22/07/2014
2014022027;3;1;1;8;2;350;16/11/2014
2014022028;2;1;1;2;1;10;24/01/2014
2014022029;5;2;1;1;6;10;26/03/2014
2014022030;3;1;1;1;1;10;05/04/2014
2014022031;1;2;1;1;1;10;07/04/2014
2014022032;1;1;1;1;6;10;09/07/2014
2014022033;3;1;1;1;6;10;16/05/2014
2014022034;1;2;1;1;3;10;03/07/2014
2014022035;1;2;1;1;1;10;25/09/2014
2014022036;1;2;1;1;3;10;26/09/2014
2014022037;5;2;1;1;1;10;18/10/2014
2014022038;1;1;1;1;6;10;22/10/2014
2014022039;1;1;1;2;7;10;05/11/2014
2014022040;1;1;1;8;3;10;05/07/2014
2014022041;1;2;1;1;3;10;23/09/2014
2014022042;1;1;1;1;6;10;27/09/2014
2014022043;1;1;1;8;6;10;11/10/2014
2014022044;3;1;1;1;1;540;11/01/2014
2014022045;3;1;1;5;7;540;13/01/2014
2014022046;1;1;1;1;1;540;25/04/2014
2014022047;1;2;1;1;6;540;20/05/2014
2014022048;1;1;1;1;1;540;03/06/2014
2014022049;1;2;1;1;7;540;20/06/2014
2014022050;3;1;1;8;6;540;06/07/2014
2014022051;1;2;1;1;6;540;13/07/2014
2014022052;1;2;1;1;7;540;20/07/2014
2014022053;3;2;1;1;6;540;26/09/2014
2014022054;5;2;1;1;1;540;05/10/2014
2014022055;1;1;1;1;5;540;15/10/2014
2014022056;3;1;1;1;6;670;03/03/2014
2014022057;1;1;1;1;6;670;18/03/2014
2014022058;3;1;1;1;6;670;04/08/2014
2014022059;1;2;1;8;6;570;22/05/2014
2014022060;1;2;1;1;6;830;22/04/2014
2014022061;5;1;1;1;1;830;31/05/2014
2014022062;1;2;1;7;1;830;30/07/2014
2014022063;1;1;1;1;1;830;08/09/2014
2014022064;3;1;1;1;6;830;20/09/2014
2014022065;5;2;1;1;7;830;27/09/2014
2014022066;5;2;1;4;6;40;05/01/2014
2014022067;3;1;1;1;6;40;17/08/2014
2014022068;1;1;9;2;6;350;11/01/2014
2014022069;3;1;1;1;1;350;12/02/2014
2014022070;3;1;1;1;6;350;02/05/2014
2014022071;1;1;1;2;3;350;22/05/2014
2014022072;1;2;1;1;6;350;18/06/2014
2014022073;2;1;1;1;6;350;30/07/2014
2014022074;1;1;1;1;3;350;30/07/2014
2014022075;1;1;1;1;1;350;04/08/2014
2014022076;4;2;1;2;6;350;07/08/2014
2014022077;1;1;1;2;7;350;08/08/2014
2014022078;1;1;2;1;3;350;27/11/2014
2014022079;1;1;1;5;5;350;31/12/2014
2014022080;1;1;1;2;6;860;08/07/2014
2014022081;1;1;1;1;6;860;02/08/2014
2014022082;2;1;1;5;4;860;27/10/2014
2014022083;1;1;1;4;5;210;13/02/2014
2014022084;3;1;1;2;7;210;28/02/2014
2014022085;1;1;1;1;2;210;07/04/2014
2014022086;1;1;1;1;7;210;06/05/2014
2014022087;1;1;1;1;6;210;19/05/2014
2014022088;3;1;1;1;2;210;17/07/2014
2014022089;1;1;1;1;7;210;11/08/2014
2014022090;3;1;1;1;6;210;23/08/2014
2014022091;3;1;1;2;6;210;26/08/2014
2014022092;3;1;1;1;2;210;12/09/2014
2014022093;3;1;1;1;7;210;30/09/2014
2014022094;1;1;1;1;7;210;11/10/2014
2014022095;1;1;1;3;6;210;12/10/2014
2014022096;3;1;1;1;3;210;31/10/2014
2014022097;1;1;1;1;1;860;10/05/2014
2014022098;1;2;1;1;6;860;14/07/2014
2014022099;1;1;1;1;6;860;13/09/2014
2014022100;1;1;6;1;6;10;25/07/2014
2014022101;1;2;1;1;6;10;08/09/2014
2014022102;1;2;1;8;3;10;24/09/2014
2014022103;1;1;1;3;1;10;07/10/2014
2014022104;5;1;6;1;7;10;18/10/2014
2014022105;1;1;1;8;1;10;11/11/2014
2014022106;1;1;1;1;6;120;08/01/2014
2014022107;1;1;1;1;6;120;20/03/2014
2014022108;1;1;1;1;3;120;14/08/2014
2014022109;1;1;1;1;1;120;16/08/2014
2014022110;1;1;1;3;6;120;28/11/2014
2014022111;3;1;1;5;6;120;24/12/2014
2014022112;1;2;1;1;1;640;14/03/2014
2014022113;1;2;6;1;1;640;29/05/2014
2014022114;1;1;1;1;2;640;11/06/2014
2014022115;1;1;1;1;3;640;30/06/2014
2014022116;1;1;1;1;2;640;04/07/2014
2014022117;1;1;1;1;3;680;21/06/2014
2014022118;1;2;1;1;3;680;05/06/2014
2014022119;1;1;1;1;2;680;17/09/2014
2014022120;1;2;1;1;7;10;06/01/2014
2014022121;1;2;1;1;3;10;18/03/2014
2014022122;1;1;9;1;3;10;01/06/2014
2014022123;1;1;1;1;3;10;30/06/2014
2014022124;5;2;1;1;6;280;06/09/2014
2014022125;1;2;1;1;3;290;02/01/2014
2014022126;1;2;1;6;6;290;06/01/2014
2014022127;5;2;1;1;3;290;10/01/2014
2014022128;5;2;2;1;3;290;17/01/2014
2014022129;2;2;3;2;3;290;17/01/2014
2014022130;2;2;1;3;2;290;24/01/2014
2014022131;1;2;1;1;6;290;25/01/2014
2014022132;1;2;1;1;6;290;28/01/2014
2014022133;5;2;1;2;6;290;29/01/2014
2014022134;5;2;1;2;6;290;02/02/2014
2014022135;2;2;3;2;3;290;03/02/2014
2014022136;1;2;1;6;6;290;14/02/2014
2014022137;1;2;1;6;6;290;14/02/2014