num_acc;lum;agg;inter;atm;col;dep;date
2014022718;5;2;6;1;1;300;07/07/2014
2014022719;1;2;1;1;4;300;08/07/2014
2014022720;1;2;1;1;6;300;08/07/2014
2014022721;2;2;3;1;3;300;08/07/2014
2014022722;5;2;2;1;7;300;13/07/2014
2014022723;1;2;6;1;3;300;15/07/2014
2014022724;1;2;1;1;7;300;15/07/2014
2014022725;1;2;3;1;3;300;16/07/2014
2014022726;5;2;2;1;3;300;18/07/2014
2014022727;1;2;3;1;6;300;19/07/2014
2014022728;1;2;1;1;3;300;23/07/2014
2014022729;5;2;1;1;3;300;25/07/2014
2014022730;5;2;6;1;3;300;25/07/2014
2014022731;1;2;3;1;3;300;26/07/2014
2014022732;1;2;1;1;2;300;30/07/2014
2014022733;1;2;1;1;2;300;31/07/2014
2014022734;1;1;1;1;7;300;03/08/2014
2014022735;1;2;1;1;2;300;04/08/2014
2014022736;1;2;6;1;3;300;08/08/2014
2014022737;5;2;1;1;7;300;10/08/2014
2014022738;5;2;3;1;6;300;11/08/2014
2014022739;1;2;2;1;6;300;13/08/2014
2014022740;5;2;1;1;3;300;15/08/2014
2014022741;2;2;1;1;3;300;28/08/2014
2014022742;1;2;3;1;3;300;01/09/2014
2014022743;1;2;2;1;3;300;01/09/2014
2014022744;1;2;1;1;3;300;03/09/2014
2014022745;1;2;1;1;3;300;04/09/2014
2014022746;1;2;1;1;2;300;05/09/2014
2014022747;1;2;2;1;2;300;06/09/2014
2014022748;3;1;1;1;1;300;09/09/2014
2014022749;1;2;3;1;6;300;10/09/2014
2014022750;5;2;3;1;6;300;11/09/2014
2014022751;2;1;1;1;3;300;12/09/2014
2014022752;1;1;6;1;2;300;13/09/2014
2014022753;1;2;9;1;6;300;13/09/2014
2014022754;5;2;3;1;2;300;14/09/2014
2014022755;5;2;3;1;3;300;14/09/2014
2014022756;1;2;1;2;6;300;15/09/2014
2014022757;2;1;1;2;7;300;16/09/2014
2014022758;1;2;6;1;3;300;17/09/2014
2014022759;1;2;1;1;1;300;17/09/2014
2014022760;1;2;4;1;6;300;17/09/2014
2014022761;1;2;1;2;2;300;18/09/2014
2014022762;1;2;1;1;6;300;18/09/2014
2014022763;1;2;7;1;6;300;19/09/2014
2014022764;5;2;1;1;2;300;19/09/2014
2014022765;5;2;1;1;7;300;19/09/2014
2014022766;1;2;1;1;6;300;22/09/2014
2014022767;1;2;4;1;6;300;22/09/2014
2014022768;1;2;1;1;7;300;27/09/2014
2014022769;1;2;2;1;3;300;30/09/2014
2014022770;1;2;3;1;3;300;01/10/2014
2014022771;5;2;2;1;3;300;06/10/2014
2014022772;1;2;3;1;6;300;06/10/2014
2014022773;1;2;6;1;3;300;06/10/2014
2014022774;1;2;3;2;3;300;07/10/2014
2014022775;1;1;1;1;2;300;07/10/2014
2014022776;1;2;2;3;3;300;07/10/2014
2014022777;3;2;1;2;2;300;07/10/2014
2014022778;5;2;3;1;3;300;09/10/2014
2014022779;1;2;2;1;3;300;11/10/2014
2014022780;1;2;6;1;6;300;11/10/2014
2014022781;5;2;3;1;6;300;11/10/2014
2014022782;1;2;1;2;3;300;12/10/2014
2014022783;5;2;2;1;3;300;12/10/2014
2014022784;1;2;3;1;3;300;14/10/2014
2014022785;5;2;3;1;6;300;16/10/2014
2014022786;1;2;2;1;3;300;17/10/2014
2014022787;1;2;1;1;2;300;19/10/2014
2014022788;1;1;6;1;6;300;19/10/2014
2014022789;5;2;3;1;3;300;24/10/2014
2014022790;1;2;3;1;1;300;26/10/2014
2014022791;1;2;3;1;3;300;26/10/2014
2014022792;1;2;6;1;3;300;29/10/2014
2014022793;5;2;2;1;3;300;29/10/2014
2014022794;5;2;1;1;6;300;30/10/2014
2014022795;5;2;2;1;6;300;31/10/2014
2014022796;1;2;1;1;6;300;31/10/2014
2014022797;3;2;1;1;6;300;03/11/2014
2014022798;2;2;3;1;3;300;05/11/2014
2014022799;2;2;3;1;3;300;06/11/2014
2014022800;1;2;2;1;3;300;07/11/2014
2014022801;1;2;1;1;6;300;07/11/2014
2014022802;1;2;3;1;6;300;08/11/2014
2014022803;1;2;1;1;3;300;10/11/2014
2014022804;5;2;2;2;3;300;10/11/2014
2014022805;1;2;1;1;4;300;11/11/2014
2014022806;1;2;1;1;4;300;11/11/2014
2014022807;5;2;1;1;4;300;12/11/2014
2014022808;2;2;1;1;1;300;14/11/2014
2014022809;5;2;1;1;3;300;15/11/2014
2014022810;5;2;3;1;6;300;18/11/2014
2014022811;5;2;2;1;3;300;18/11/2014
2014022812;1;2;6;1;6;300;19/11/2014
2014022813;3;2;1;1;7;300;20/11/2014
2014022814;1;2;1;1;6;300;21/11/2014
2014022815;5;2;1;1;6;300;23/11/2014
2014022816;5;2;1;3;6;300;24/11/2014
2014022817;5;2;1;3;2;300;27/11/2014
2014022818;1;2;3;1;6;300;29/11/2014
2014022819;1;2;1;1;3;300;29/11/2014
2014022820;1;1;1;2;7;300;05/12/2014
2014022821;5;2;3;2;3;300;05/12/2014
2014022822;1;2;2;2;3;300;06/12/2014
2014022823;5;2;4;1;6;300;11/12/2014
2014022824;1;2;1;1;6;300;11/12/2014
2014022825;2;2;1;1;3;300;11/12/2014
2014022826;5;2;1;1;3;300;11/12/2014
2014022827;1;2;4;1;3;300;12/12/2014
2014022828;1;2;1;1;6;300;21/12/2014
2014022829;3;1;1;1;1;300;21/12/2014
2014022830;3;2;1;1;6;300;24/12/2014
2014022831;5;2;2;1;3;300;25/12/2014
2014022832;1;2;6;1;2;300;28/12/2014
2014022833;1;1;1;1;3;300;23/02/2014
2014022834;1;2;1;1;6;630;11/01/2014
2014022835;1;1;1;1;2;630;04/08/2014
2014022836;1;1;1;1;5;630;09/08/2014
2014022837;1;1;1;1;2;630;31/10/2014
2014022838;1;1;2;7;6;630;16/03/2014
2014022839;1;1;1;1;7;630;20/03/2014
2014022840;1;1;1;4;3;630;09/12/2014
2014022841;1;1;1;1;1;230;13/10/2014
2014022842;1;1;1;1;6;230;28/01/2014
2014022843;3;1;1;1;2;230;19/02/2014
2014022844;3;1;1;1;6;230;02/03/2014
2014022845;1;1;3;1;3;230;08/03/2014
2014022846;1;1;1;1;6;230;03/05/2014
2014022847;1;1;1;2;6;230;23/06/2014
2014022848;1;1;1;1;6;230;11/07/2014
2014022849;1;1;1;1;6;230;13/09/2014
2014022850;1;1;1;1;2;230;15/09/2014
2014022851;3;2;1;1;6;230;18/10/2014
2014022852;3;1;1;2;7;230;03/11/2014
2014022853;3;1;1;2;5;260;13/01/2014
2014022854;3;1;2;3;3;260;13/01/2014
2014022855;3;1;1;1;6;260;07/01/2014
2014022856;1;1;1;1;2;260;27/01/2014
2014022857;1;1;1;1;6;260;06/02/2014
2014022858;3;1;1;1;2;260;19/02/2014
2014022859;3;1;1;1;6;260;19/02/2014
2014022860;1;1;1;1;6;260;19/02/2014
2014022861;1;2;1;1;6;260;28/02/2014
2014022862;1;2;1;1;6;260;06/03/2014
2014022863;1;1;1;1;1;260;24/03/2014
2014022864;1;2;1;1;3;260;25/03/2014
2014022865;1;1;1;1;1;260;20/02/2014
2014022866;1;1;1;1;2;260;30/03/2014
2014022867;3;1;1;1;7;260;30/03/2014
2014022868;1;1;1;1;2;260;04/03/2014
2014022869;2;1;1;1;2;260;07/04/2014
2014022870;1;2;1;1;1;260;11/04/2014
2014022871;1;1;1;1;1;260;23/04/2014
2014022872;1;1;1;1;6;260;26/04/2014
2014022873;1;2;1;1;1;260;02/05/2014
2014022874;1;1;3;1;5;260;02/05/2014
2014022875;1;2;1;6;7;260;04/05/2014
2014022876;3;1;1;1;2;260;11/05/2014
2014022877;1;2;2;1;3;260;21/05/2014
2014022878;1;1;1;1;3;260;29/05/2014
2014022879;1;1;1;1;7;260;31/05/2014
2014022880;2;1;1;1;2;260;01/06/2014
2014022881;1;1;1;1;4;260;06/06/2014
2014022882;3;1;1;1;6;260;08/06/2014
2014022883;1;1;1;1;7;260;25/05/2014
2014022884;1;1;1;1;6;260;18/06/2014
2014022885;1;1;1;1;3;260;20/06/2014
2014022886;1;1;1;1;6;260;22/06/2014
2014022887;1;1;1;1;7;260;26/06/2014
2014022888;3;2;1;1;1;260;27/06/2014
2014022889;1;1;1;3;1;260;04/07/2014
2014022890;1;1;1;1;1;260;20/07/2014
2014022891;1;1;1;1;4;260;21/07/2014
2014022892;2;1;1;1;3;260;31/07/2014
2014022893;1;1;1;2;5;260;02/08/2014
2014022894;1;1;1;1;2;260;06/08/2014
2014022895;1;1;1;1;6;260;10/08/2014
2014022896;1;2;9;1;6;260;17/08/2014
2014022897;1;1;1;2;2;260;20/08/2014
2014022898;1;2;1;1;1;260;24/08/2014
2014022899;1;1;1;1;3;260;24/08/2014
2014022900;1;1;1;1;5;260;25/08/2014
2014022901;3;1;3;1;6;260;27/08/2014
2014022902;1;2;1;1;1;260;08/07/2014
2014022903;1;1;1;1;2;260;03/09/2014
2014022904;1;1;2;1;3;260;06/09/2014
2014022905;1;1;1;1;5;260;10/09/2014
2014022906;1;1;2;1;5;260;10/09/2014
2014022907;1;1;1;3;2;260;17/09/2014
2014022908;1;2;1;1;6;260;18/09/2014
2014022909;1;1;2;3;3;260;19/09/2014
2014022910;1;1;1;1;4;260;20/09/2014
2014022911;3;1;1;1;5;260;01/10/2014
2014022912;1;1;1;1;7;260;06/10/2014
2014022913;2;1;1;3;6;260;07/10/2014
2014022914;1;1;1;1;6;260;21/09/2014
2014022915;1;1;1;1;2;260;17/10/2014
2014022916;1;1;1;1;7;260;25/10/2014
2014022917;1;1;1;8;6;260;10/11/2014
2014022918;1;1;1;1;4;260;31/10/2014
2014022919;3;1;1;2;4;260;16/11/2014
2014022920;3;1;1;2;3;260;26/11/2014
2014022921;3;1;1;1;1;260;12/12/2014
2014022922;1;1;1;1;2;260;11/12/2014
2014022923;5;2;1;1;6;260;21/12/2014
2014022924;1;1;1;6;7;840;31/12/2014
2014022925;1;1;2;1;3;110;01/08/2014
2014022926;1;1;3;2;3;350;23/01/2014
2014022927;1;1;1;7;2;350;09/03/2014
2014022928;1;1;2;7;1;350;09/03/2014
2014022929;2;1;1;5;5;350;13/03/2014
2014022930;1;2;1;1;6;350;17/05/2014
2014022931;1;1;1;1;7;350;12/06/2014
2014022932;1;1;1;1;3;350;20/06/2014
2014022933;1;1;1;7;1;350;20/06/2014
2014022934;1;1;2;2;1;350;23/08/2014
2014022935;1;1;1;1;4;350;28/08/2014
2014022936;1;2;1;1;6;350;19/09/2014
2014022937;5;2;1;1;1;350;20/10/2014
2014022938;2;2;3;1;1;350;11/12/2014
2014022939;3;1;1;1;7;350;23/12/2014
2014022940;1;1;1;1;6;270;30/03/2014
2014022941;1;1;1;1;6;270;20/04/2014
2014022942;1;1;1;2;1;270;28/06/2014
2014022943;2;1;1;1;6;270;25/07/2014
2014022944;2;2;1;1;6;270;05/09/2014
2014022945;5;2;1;1;6;270;05/10/2014
2014022946;1;2;1;1;6;620;24/01/2014
2014022947;1;1;1;8;1;620;10/02/2014
2014022948;1;1;1;1;1;620;23/04/2014
2014022949;1;2;1;1;1;620;09/08/2014
2014022950;5;2;1;1;6;620;23/08/2014
2014022951;5;2;2;1;3;830;11/01/2014
2014022952;5;2;1;1;1;830;24/01/2014
2014022953;1;1;1;1;3;830;06/05/2014
2014022954;1;1;1;1;3;830;10/07/2014
2014022955;1;1;1;1;6;830;29/07/2014
2014022956;1;1;1;1;1;830;08/08/2014
2014022957;1;2;1;1;6;830;02/09/2014
2014022958;1;1;1;2;4;830;28/11/2014
2014022959;3;1;1;1;2;830;05/12/2014
2014022960;5;2;1;1;6;540;29/03/2014
2014022961;1;1;1;1;1;540;04/09/2014
2014022962;3;2;1;1;6;50;04/07/2014
2014022963;1;1;1;1;5;50;05/08/2014
2014022964;1;1;1;1;3;50;18/08/2014
2014022965;3;1;1;1;7;550;15/02/2014
2014022966;1;1;1;7;1;550;05/05/2014
2014022967;2;1;1;8;1;550;12/10/2014
2014022968;1;1;1;1;3;670;06/02/2014
2014022969;1;1;1;1;1;670;14/08/2014
2014022970;1;2;6;1;3;310;02/01/2014
2014022971;5;1;6;1;4;310;15/01/2014
2014022972;5;2;1;1;3;310;02/02/2014
2014022973;1;2;6;1;3;310;06/02/2014
2014022974;5;2;1;1;6;310;22/02/2014
2014022975;5;2;1;1;6;310;22/02/2014
2014022976;1;2;6;1;3;310;13/03/2014
2014022977;1;2;1;2;2;310;04/04/2014
2014022978;5;2;1;1;6;310;13/04/2014
2014022979;1;2;1;1;7;310;09/03/2014
2014022980;1;2;1;1;5;310;30/04/2014
2014022981;1;1;1;1;7;310;11/04/2014
2014022982;1;2;9;1;3;310;26/05/2014
2014022983;1;2;3;1;3;310;18/06/2014
2014022984;1;2;3;1;1;310;03/07/2014
2014022985;1;2;4;3;7;310;20/07/2014
2014022986;1;1;1;2;7;310;11/08/2014
2014022987;5;2;3;1;2;310;23/08/2014
2014022988;1;2;1;1;7;310;31/08/2014
2014022989;1;2;7;1;3;310;01/09/2014
2014022990;1;2;2;1;2;310;02/09/2014
2014022991;1;1;6;1;2;310;06/09/2014
2014022992;1;2;3;1;6;310;26/09/2014
2014022993;1;2;3;1;2;310;21/10/2014
2014022994;5;2;1;1;6;310;21/10/2014
2014022995;1;2;2;1;5;310;30/10/2014
2014022996;1;1;1;1;7;310;05/11/2014
2014022997;1;2;1;1;6;310;01/10/2014
2014022998;3;1;1;3;6;310;08/12/2014
2014022999;3;1;1;1;6;310;12/12/2014
2014023000;1;2;1;1;7;310;23/12/2014
2014023001;1;1;1;8;1;690;12/05/2014
2014023002;1;1;2;7;5;690;16/05/2014
2014023003;1;2;1;1;2;690;14/07/2014
2014023004;1;2;1;1;2;310;02/01/2014
2014023005;1;2;1;1;6;310;02/01/2014
2014023006;1;1;1;1;3;310;02/01/2014
2014023007;5;2;1;1;7;310;03/01/2014
2014023008;5;2;1;1;6;310;05/01/2014
2014023009;1;2;3;1;1;310;07/01/2014
2014023010;1;2;1;1;1;310;07/01/2014
2014023011;1;2;1;1;1;310;07/01/2014
2014023012;1;2;3;1;3;310;07/01/2014
2014023013;1;2;1;1;3;310;08/01/2014
2014023014;5;1;1;2;6;310;11/01/2014
2014023015;1;2;1;1;6;310;10/01/2014
2014023016;1;2;1;2;6;310;13/01/2014
2014023017;1;2;1;1;3;310;13/01/2014
2014023018;1;2;1;2;6;310;13/01/2014
2014023019;1;2;1;2;2;310;13/01/2014
2014023020;1;2;3;1;3;310;09/01/2014
2014023021;1;2;1;1;5;310;10/01/2014
2014023022;1;2;6;1;6;310;14/01/2014
2014023023;1;2;1;1;3;310;15/01/2014
2014023024;1;2;3;1;3;310;15/01/2014
2014023025;1;2;3;1;6;310;16/01/2014
2014023026;1;2;1;1;4;310;16/01/2014
2014023027;1;2;1;1;6;310;17/01/2014
2014023028;1;2;1;1;1;310;19/01/2014
2014023029;1;2;1;1;3;310;20/01/2014
2014023030;1;1;1;1;1;310;17/01/2014
2014023031;1;2;1;1;3;310;17/01/2014
2014023032;1;2;1;1;6;310;17/01/2014
2014023033;1;2;1;7;6;310;17/01/2014
2014023034;1;2;1;1;6;310;19/01/2014
2014023035;1;2;1;1;2;310;20/01/2014
2014023036;5;2;1;2;6;310;22/01/2014
2014023037;1;2;1;1;6;310;21/01/2014
2014023038;5;2;1;2;6;310;24/01/2014
2014023039;1;2;1;1;6;310;24/01/2014
2014023040;1;2;1;1;6;310;24/01/2014
2014023041;5;2;1;1;6;310;25/01/2014
2014023042;5;2;1;2;6;310;26/01/2014
2014023043;5;2;1;1;3;310;21/01/2014
2014023044;5;2;1;2;3;310;26/01/2014
2014023045;3;1;1;1;2;310;27/01/2014
2014023046;5;2;2;1;3;310;28/01/2014
2014023047;1;2;1;1;1;310;28/01/2014
2014023048;1;2;1;1;6;310;22/01/2014
2014023049;1;1;1;3;2;310;24/01/2014
2014023050;5;2;1;3;6;310;24/01/2014
2014023051;2;2;1;2;6;310;29/01/2014
2014023052;5;2;1;1;6;310;31/01/2014
2014023053;1;2;1;2;2;310;31/01/2014
2014023054;1;2;1;2;4;310;31/01/2014
2014023055;1;2;1;1;4;310;31/01/2014
2014023056;4;2;1;1;6;310;31/01/2014
2014023057;5;1;1;1;2;310;31/01/2014
2014023058;1;2;1;3;6;310;01/02/2014
2014023059;5;2;1;1;1;310;02/02/2014
2014023060;1;2;1;1;1;310;02/02/2014
2014023061;1;2;1;1;6;310;01/02/2014
2014023062;1;2;3;2;6;310;30/01/2014
2014023063;1;2;1;1;6;310;31/01/2014
2014023064;1;2;3;1;6;310;31/01/2014
2014023065;1;2;1;1;3;310;03/02/2014
2014023066;5;2;3;1;6;310;30/01/2014
2014023067;1;2;1;2;6;310;31/01/2014
2014023068;1;2;3;1;3;310;05/02/2014
2014023069;5;2;1;2;6;310;30/01/2014
2014023070;5;2;1;1;3;310;05/02/2014
2014023071;1;2;1;1;2;310;06/02/2014
2014023072;1;2;1;7;6;310;06/02/2014
2014023073;1;2;1;1;6;310;06/02/2014
2014023074;1;1;1;1;2;310;07/02/2014
2014023075;1;2;1;1;3;310;07/02/2014
2014023076;1;2;1;1;3;310;07/02/2014
2014023077;1;2;1;1;7;310;08/02/2014
2014023078;2;2;9;1;3;310;10/02/2014
2014023079;1;2;1;1;6;310;06/02/2014
2014023080;5;1;3;1;3;310;06/02/2014
2014023081;1;1;1;1;1;310;07/02/2014
2014023082;5;2;1;2;6;310;11/02/2014
2014023083;5;2;1;2;6;310;12/02/2014
2014023084;2;1;1;1;7;310;12/02/2014
2014023085;1;2;1;1;3;310;12/02/2014
2014023086;1;2;1;1;6;310;12/02/2014
2014023087;2;2;1;1;6;310;13/02/2014
2014023088;1;2;1;1;2;310;13/02/2014
2014023089;1;2;1;1;3;310;14/02/2014
2014023090;5;2;1;2;2;310;15/02/2014
2014023091;1;2;1;2;3;310;17/02/2014
2014023092;5;2;1;1;3;310;14/02/2014
2014023093;1;2;1;1;1;310;21/02/2014
2014023094;5;2;1;1;3;310;21/02/2014
2014023095;1;1;3;1;3;310;26/02/2014
2014023096;1;2;1;1;2;310;24/02/2014
2014023097;5;2;1;1;4;310;24/02/2014
2014023098;5;1;1;1;7;310;27/02/2014
2014023099;5;2;1;2;6;310;27/02/2014
2014023100;2;2;1;2;6;310;28/02/2014
2014023101;2;2;1;3;2;310;28/02/2014
2014023102;1;2;3;2;6;310;28/02/2014
2014023103;2;2;1;1;6;310;02/03/2014
2014023104;5;2;1;3;6;310;03/03/2014
2014023105;5;2;2;2;3;310;03/03/2014
2014023106;1;2;2;1;3;310;06/01/2014
2014023107;1;2;3;1;6;310;05/03/2014
2014023108;1;1;1;1;2;310;06/03/2014
2014023109;1;2;1;1;6;310;07/03/2014
2014023110;1;2;1;1;3;310;07/03/2014
2014023111;1;1;1;1;7;310;08/03/2014
2014023112;1;2;1;1;1;310;08/03/2014
2014023113;1;1;1;1;6;310;08/03/2014
2014023114;1;2;1;1;2;310;09/03/2014
2014023115;1;1;1;1;5;310;06/03/2014
2014023116;5;2;1;1;7;310;11/03/2014
2014023117;1;2;1;1;4;310;06/03/2014
2014023118;1;2;3;1;6;310;11/03/2014
2014023119;5;2;1;1;6;310;12/03/2014
2014023120;1;2;2;1;1;310;11/03/2014
2014023121;1;2;1;1;6;310;12/03/2014
2014023122;1;2;1;2;2;310;12/03/2014
2014023123;1;2;1;1;2;310;10/03/2014
2014023124;1;2;1;1;6;310;13/03/2014
2014023125;1;2;1;1;4;310;12/03/2014
2014023126;1;2;1;1;2;310;14/03/2014
2014023127;1;2;6;1;3;310;14/03/2014
2014023128;1;2;1;1;5;310;14/03/2014
2014023129;5;2;3;1;1;310;14/03/2014
2014023130;1;2;1;1;7;310;15/03/2014
2014023131;1;2;3;1;3;310;15/03/2014
2014023132;5;2;1;1;3;310;15/03/2014
2014023133;1;1;1;1;7;310;16/03/2014
2014023134;5;2;3;1;1;310;16/03/2014
2014023135;1;1;1;1;5;310;17/03/2014
2014023136;1;2;2;1;3;310;18/03/2014
2014023137;1;2;6;1;2;310;14/03/2014
2014023138;1;2;2;1;2;310;20/03/2014
2014023139;1;1;1;1;5;310;20/03/2014
2014023140;1;2;1;1;1;310;20/03/2014
2014023141;1;2;3;1;3;310;21/03/2014
2014023142;1;1;1;1;2;310;21/03/2014
2014023143;1;2;1;1;3;310;21/03/2014
2014023144;1;2;1;1;6;310;22/03/2014
2014023145;5;2;1;1;7;310;23/03/2014
2014023146;1;2;3;1;3;310;24/03/2014
2014023147;5;2;3;3;5;310;24/03/2014
2014023148;1;2;1;1;6;310;25/03/2014
2014023149;1;1;1;1;7;310;23/03/2014
2014023150;1;2;1;3;1;310;25/03/2014
2014023151;1;1;1;1;2;310;25/03/2014
2014023152;1;2;1;1;6;310;25/03/2014
2014023153;5;2;1;1;1;310;24/03/2014
2014023154;1;1;1;1;5;310;25/03/2014
2014023155;1;2;1;1;6;310;26/03/2014
2014023156;1;2;1;1;6;310;27/03/2014
2014023157;1;2;1;1;5;310;27/03/2014
2014023158;4;2;1;1;1;310;26/03/2014
2014023159;1;2;1;1;6;310;28/03/2014
2014023160;2;2;1;1;6;310;28/03/2014
2014023161;1;2;1;1;3;310;28/03/2014
2014023162;1;2;1;1;6;310;01/04/2014
2014023163;1;1;1;1;6;310;01/04/2014
2014023164;1;2;1;1;3;310;01/04/2014
2014023165;2;2;1;1;6;310;27/03/2014
2014023166;1;2;1;1;6;310;02/04/2014
2014023167;1;2;1;1;6;310;03/04/2014
2014023168;1;2;1;1;1;310;03/04/2014
2014023169;1;2;1;1;2;310;05/04/2014
2014023170;1;2;1;1;2;310;05/04/2014
2014023171;1;2;1;1;6;310;07/04/2014
2014023172;1;1;1;1;2;310;07/04/2014
2014023173;1;2;1;1;6;310;07/04/2014
2014023174;1;2;1;1;6;310;02/04/2014
2014023175;1;2;1;1;2;310;01/04/2014
2014023176;1;2;1;1;2;310;07/04/2014
2014023177;1;2;1;1;6;310;08/04/2014
2014023178;1;2;1;1;6;310;08/04/2014
2014023179;5;2;2;1;1;310;08/04/2014
2014023180;1;2;3;1;3;310;09/04/2014
2014023181;1;1;1;1;2;310;09/04/2014
2014023182;5;1;1;1;6;310;09/04/2014
2014023183;1;2;1;1;3;310;10/04/2014
2014023184;1;2;1;1;3;310;10/04/2014
2014023185;1;1;1;1;1;310;11/04/2014
2014023186;1;2;1;1;3;310;12/04/2014
2014023187;1;2;1;1;6;310;12/04/2014
2014023188;5;2;2;1;3;310;13/04/2014
2014023189;5;1;1;1;2;310;13/04/2014
2014023190;1;2;3;1;3;310;13/04/2014
2014023191;1;2;9;1;6;310;13/04/2014
2014023192;1;2;1;1;6;310;14/04/2014
2014023193;2;2;1;1;7;310;09/04/2014
2014023194;1;2;1;1;6;310;14/04/2014
2014023195;1;2;3;1;3;310;15/04/2014
2014023196;1;2;1;1;2;310;15/04/2014
2014023197;1;1;1;1;4;310;15/04/2014
2014023198;1;2;1;1;3;310;15/04/2014
2014023199;1;1;1;1;4;310;15/04/2014
2014023200;1;2;1;1;3;310;16/04/2014
2014023201;1;2;2;1;1;310;16/04/2014
2014023202;1;1;1;1;1;310;17/04/2014
2014023203;5;2;1;1;2;310;17/04/2014
2014023204;5;1;1;1;2;310;19/04/2014
2014023205;1;2;1;1;5;310;22/04/2014
2014023206;5;2;1;1;3;310;23/04/2014
2014023207;1;2;1;1;3;310;23/04/2014
2014023208;1;2;1;1;6;310;23/04/2014
2014023209;1;2;1;1;1;310;24/04/2014
2014023210;1;2;1;1;3;310;24/04/2014
2014023211;1;2;1;1;6;310;25/04/2014
2014023212;2;2;1;1;6;310;28/04/2014
2014023213;1;2;1;1;3;310;28/04/2014
2014023214;1;2;1;1;2;310;28/04/2014
2014023215;1;1;1;1;2;310;29/04/2014
2014023216;1;2;1;1;6;310;28/04/2014
2014023217;1;1;1;1;2;310;30/04/2014
2014023218;1;2;1;1;1;310;30/04/2014
2014023219;5;2;3;1;6;310;30/04/2014
2014023220;1;2;1;1;6;310;03/05/2014
2014023221;5;2;3;1;3;310;04/05/2014
2014023222;5;2;3;1;3;310;04/05/2014
2014023223;5;1;1;1;2;310;06/05/2014
2014023224;1;2;1;1;2;310;06/05/2014
2014023225;1;2;1;1;6;310;07/05/2014
2014023226;5;2;2;1;6;310;08/05/2014
2014023227;5;2;1;1;6;310;08/05/2014
2014023228;2;2;3;1;3;310;02/05/2014
2014023229;1;2;1;1;3;310;08/05/2014
2014023230;1;2;1;1;1;310;10/05/2014
2014023231;1;2;1;1;6;310;13/05/2014
2014023232;1;2;1;1;3;310;14/05/2014
2014023233;1;2;1;1;3;310;14/05/2014
2014023234;1;1;1;1;3;310;14/05/2014
2014023235;1;1;1;1;7;310;15/05/2014
2014023236;1;2;1;1;1;310;16/05/2014
2014023237;1;2;2;1;3;310;16/05/2014
2014023238;1;2;1;1;6;310;16/05/2014
2014023239;4;2;1;1;6;310;17/05/2014
2014023240;1;2;1;1;6;310;17/05/2014
2014023241;1;2;3;1;3;310;17/05/2014
2014023242;1;2;1;1;6;310;18/05/2014
2014023243;1;2;1;1;6;310;18/05/2014
2014023244;1;2;1;1;3;310;18/05/2014
2014023245;1;2;1;1;2;310;18/05/2014
2014023246;1;2;1;1;7;310;16/05/2014
2014023247;1;2;1;1;6;310;17/05/2014
2014023248;1;1;1;1;2;310;19/05/2014
2014023249;1;2;1;1;6;310;20/05/2014
2014023250;1;2;1;1;4;310;20/05/2014
2014023251;1;2;5;1;3;310;20/05/2014
2014023252;1;2;1;1;6;310;18/04/2014
2014023253;1;2;1;1;6;310;16/05/2014
2014023254;1;2;1;1;6;310;18/05/2014
2014023255;1;2;1;1;3;310;23/05/2014
2014023256;1;2;1;1;2;310;23/05/2014
2014023257;2;2;1;1;6;310;23/05/2014
2014023258;1;1;1;1;6;310;24/05/2014
2014023259;5;2;6;1;6;310;24/05/2014
2014023260;1;2;3;1;3;310;23/05/2014
2014023261;1;2;1;1;2;310;24/05/2014
2014023262;1;2;1;1;6;310;27/05/2014
2014023263;1;2;1;3;6;310;26/05/2014
2014023264;1;2;2;1;3;310;28/05/2014
2014023265;1;2;1;1;3;310;28/05/2014
2014023266;2;2;1;3;1;310;28/05/2014
2014023267;1;2;6;1;6;310;28/05/2014
2014023268;1;2;6;1;3;310;29/05/2014
2014023269;1;2;1;1;6;310;30/05/2014
2014023270;1;1;1;1;6;310;30/05/2014
2014023271;1;2;3;1;3;310;30/05/2014
2014023272;1;2;1;1;6;310;30/05/2014
2014023273;1;2;1;1;6;310;30/05/2014
2014023274;1;2;3;1;3;310;30/05/2014
2014023275;1;2;1;1;6;310;31/05/2014
2014023276;5;2;1;1;6;310;01/06/2014
2014023277;1;2;1;1;6;310;02/06/2014
2014023278;1;2;1;1;7;310;03/06/2014
2014023279;1;2;1;1;6;310;02/06/2014
2014023280;1;2;1;1;1;310;02/06/2014
2014023281;1;2;3;1;6;310;05/06/2014
2014023282;4;2;1;1;7;310;05/06/2014
2014023283;1;2;1;1;6;310;02/06/2014
2014023284;1;2;1;1;6;310;05/06/2014
2014023285;1;2;3;1;3;310;07/06/2014
2014023286;1;2;1;1;7;310;07/06/2014
2014023287;1;2;5;1;7;310;10/06/2014
2014023288;1;2;1;1;7;310;10/06/2014
2014023289;1;2;1;1;1;310;10/06/2014
2014023290;1;2;1;1;3;310;11/06/2014
2014023291;1;2;1;1;3;310;11/06/2014
2014023292;1;2;1;1;1;310;11/06/2014
2014023293;1;2;1;1;1;310;11/06/2014
2014023294;1;2;1;1;3;310;11/06/2014
2014023295;5;2;1;1;6;310;11/06/2014
2014023296;5;1;1;1;2;310;11/06/2014
2014023297;1;2;1;1;6;310;12/06/2014