num_acc;lum;agg;inter;atm;col;dep;date
2014023298;1;2;1;1;7;310;12/06/2014
2014023299;1;2;1;1;6;310;12/06/2014
2014023300;1;2;2;1;3;310;13/06/2014
2014023301;5;2;1;1;6;310;15/06/2014
2014023302;5;2;1;1;1;310;16/06/2014
2014023303;1;2;1;1;3;310;17/06/2014
2014023304;1;2;3;1;1;310;18/06/2014
2014023305;1;2;1;1;5;310;18/06/2014
2014023306;1;2;1;1;6;310;19/06/2014
2014023307;1;2;1;1;3;310;19/06/2014
2014023308;1;2;1;7;6;310;19/06/2014
2014023309;1;1;1;1;2;310;19/06/2014
2014023310;1;2;1;1;3;310;20/06/2014
2014023311;1;2;1;1;6;310;20/06/2014
2014023312;1;1;1;1;5;310;20/06/2014
2014023313;1;2;1;1;1;310;21/06/2014
2014023314;5;1;1;1;7;310;21/06/2014
2014023315;1;2;1;1;3;310;20/06/2014
2014023316;1;2;1;1;3;310;23/06/2014
2014023317;1;2;2;1;3;310;23/06/2014
2014023318;4;2;3;1;3;310;24/06/2014
2014023319;1;2;1;1;6;310;24/06/2014
2014023320;1;2;1;1;5;310;24/06/2014
2014023321;1;2;1;1;3;310;24/06/2014
2014023322;1;1;1;1;5;310;25/06/2014
2014023323;1;1;1;1;7;310;25/06/2014
2014023324;1;2;1;1;2;310;25/06/2014
2014023325;1;2;2;1;3;310;27/06/2014
2014023326;1;2;1;1;3;310;28/06/2014
2014023327;1;2;1;1;6;310;30/06/2014
2014023328;5;2;3;1;6;310;30/06/2014
2014023329;1;2;3;1;1;310;25/06/2014
2014023330;1;2;3;1;3;310;01/07/2014
2014023331;5;2;1;1;7;310;01/07/2014
2014023332;1;2;1;1;3;310;01/07/2014
2014023333;1;2;1;1;6;310;01/07/2014
2014023334;1;1;1;8;4;310;02/07/2014
2014023335;2;2;8;1;3;310;02/07/2014
2014023336;1;2;1;1;5;310;03/07/2014
2014023337;1;2;1;1;4;310;05/07/2014
2014023338;1;2;1;1;6;310;04/07/2014
2014023339;1;1;1;1;2;310;06/07/2014
2014023340;5;1;1;9;7;310;06/07/2014
2014023341;1;2;1;1;2;310;07/07/2014
2014023342;1;2;3;1;6;310;08/07/2014
2014023343;1;2;1;1;6;310;07/07/2014
2014023344;1;2;3;1;3;310;09/07/2014
2014023345;5;2;1;1;6;310;09/07/2014
2014023346;5;2;3;1;6;310;10/07/2014
2014023347;1;1;1;1;4;310;07/07/2014
2014023348;1;2;1;1;7;310;11/07/2014
2014023349;1;2;1;1;6;310;15/07/2014
2014023350;1;2;1;1;2;310;13/07/2014
2014023351;5;2;3;1;2;310;14/07/2014
2014023352;1;2;1;1;1;310;14/07/2014
2014023353;1;2;1;1;2;310;16/07/2014
2014023354;5;2;2;1;3;310;17/07/2014
2014023355;1;2;1;1;5;310;15/07/2014
2014023356;2;2;1;1;3;310;20/07/2014
2014023357;1;2;1;1;2;310;19/07/2014
2014023358;1;1;1;1;2;310;19/07/2014
2014023359;5;1;1;1;6;310;20/07/2014
2014023360;1;2;1;1;3;310;20/07/2014
2014023361;1;2;4;1;3;310;21/07/2014
2014023362;5;2;1;1;5;310;21/07/2014
2014023363;1;2;1;1;3;310;22/07/2014
2014023364;1;2;1;1;2;310;22/07/2014
2014023365;1;2;6;1;3;310;22/07/2014
2014023366;1;1;1;1;2;310;22/07/2014
2014023367;1;2;1;1;6;310;23/07/2014
2014023368;1;2;2;1;3;310;23/07/2014
2014023369;1;2;1;1;3;310;27/07/2014
2014023370;1;1;1;2;4;310;28/07/2014
2014023371;1;2;1;1;1;310;29/07/2014
2014023372;1;2;3;1;3;310;29/07/2014
2014023373;1;2;2;1;3;310;31/07/2014
2014023374;1;1;1;1;2;310;31/07/2014
2014023375;1;2;1;1;6;310;31/07/2014
2014023376;1;2;1;1;2;310;01/08/2014
2014023377;1;2;1;1;2;310;01/08/2014
2014023378;5;2;1;1;3;310;03/08/2014
2014023379;5;2;1;1;7;310;04/08/2014
2014023380;1;1;1;1;2;310;04/08/2014
2014023381;5;2;1;1;7;310;05/08/2014
2014023382;1;2;1;1;2;310;06/08/2014
2014023383;1;2;1;1;1;310;07/08/2014
2014023384;1;1;1;1;6;310;09/08/2014
2014023385;5;2;1;1;6;310;10/08/2014
2014023386;1;2;1;1;3;310;11/08/2014
2014023387;1;2;1;1;6;310;11/08/2014
2014023388;1;2;1;1;6;310;12/08/2014
2014023389;1;2;1;1;2;310;12/08/2014
2014023390;1;2;1;1;6;310;12/08/2014
2014023391;1;1;1;3;6;310;04/08/2014
2014023392;1;2;1;1;6;310;15/08/2014
2014023393;1;2;1;1;3;310;15/08/2014
2014023394;1;2;2;1;6;310;30/07/2014
2014023395;1;2;1;1;2;310;16/08/2014
2014023396;1;2;1;1;6;310;13/08/2014
2014023397;1;2;3;1;3;310;18/08/2014
2014023398;1;2;1;1;6;310;19/08/2014
2014023399;5;1;1;1;6;310;20/08/2014
2014023400;1;2;1;1;6;310;20/08/2014
2014023401;1;2;1;1;2;310;21/08/2014
2014023402;1;2;1;1;6;310;21/08/2014
2014023403;5;2;1;1;6;310;23/08/2014
2014023404;1;1;1;2;4;310;22/08/2014
2014023405;1;2;1;1;6;310;22/08/2014
2014023406;5;2;1;1;6;310;24/08/2014
2014023407;1;2;1;1;3;310;25/08/2014
2014023408;5;2;1;1;2;310;25/08/2014
2014023409;5;1;1;3;6;310;26/08/2014
2014023410;5;1;1;2;2;310;27/08/2014
2014023411;1;1;1;2;6;310;22/08/2014
2014023412;1;2;3;1;3;310;27/08/2014
2014023413;1;2;3;1;6;310;28/08/2014
2014023414;1;1;1;1;4;310;28/08/2014
2014023415;1;1;1;1;6;310;28/08/2014
2014023416;1;2;3;1;6;310;28/08/2014
2014023417;1;2;1;1;6;310;29/08/2014
2014023418;5;2;1;1;6;310;30/08/2014
2014023419;1;2;1;1;6;310;30/08/2014
2014023420;1;2;1;1;6;310;01/09/2014
2014023421;1;2;1;1;3;310;01/09/2014
2014023422;1;2;1;1;4;310;01/09/2014
2014023423;1;2;4;1;3;310;01/09/2014
2014023424;1;2;1;1;1;310;01/09/2014
2014023425;1;2;1;1;3;310;02/09/2014
2014023426;1;2;1;1;5;310;02/09/2014
2014023427;1;2;1;1;2;310;02/09/2014
2014023428;1;2;1;1;2;310;03/09/2014
2014023429;1;1;1;1;2;310;04/09/2014
2014023430;1;1;1;1;6;310;05/09/2014
2014023431;1;1;1;1;5;310;07/09/2014
2014023432;1;2;1;1;1;310;08/09/2014
2014023433;1;2;1;1;2;310;09/09/2014
2014023434;1;2;1;1;6;310;09/09/2014
2014023435;1;2;1;1;1;310;09/09/2014
2014023436;1;2;1;1;7;310;09/09/2014
2014023437;1;2;1;1;4;310;10/09/2014
2014023438;1;2;1;1;2;310;10/09/2014
2014023439;1;2;1;1;7;310;10/09/2014
2014023440;1;2;6;1;3;310;11/09/2014
2014023441;1;2;1;1;6;310;11/09/2014
2014023442;1;2;2;1;3;310;11/09/2014
2014023443;1;2;1;1;6;310;12/09/2014
2014023444;1;2;1;1;3;310;11/09/2014
2014023445;1;1;1;1;2;310;11/09/2014
2014023446;1;2;2;1;3;310;12/09/2014
2014023447;1;2;1;1;2;310;12/09/2014
2014023448;1;2;1;1;3;310;13/09/2014
2014023449;5;2;1;1;7;310;10/09/2014
2014023450;1;2;1;1;7;310;10/09/2014
2014023451;1;2;1;1;3;310;11/09/2014
2014023452;1;2;1;1;6;310;15/09/2014
2014023453;1;2;1;1;1;310;15/09/2014
2014023454;1;2;1;1;2;310;12/09/2014
2014023455;1;2;1;1;1;310;12/09/2014
2014023456;1;2;1;1;6;310;18/09/2014
2014023457;1;2;1;1;1;310;19/09/2014
2014023458;5;2;1;1;2;310;20/09/2014
2014023459;1;2;1;1;2;310;21/09/2014
2014023460;1;2;1;1;1;310;22/09/2014
2014023461;1;2;1;1;3;310;22/09/2014
2014023462;1;2;1;1;1;310;22/09/2014
2014023463;1;2;1;1;6;310;19/09/2014
2014023464;1;2;6;1;3;310;23/09/2014
2014023465;1;1;1;2;3;310;23/09/2014
2014023466;5;2;1;1;1;310;23/09/2014
2014023467;1;2;1;1;3;310;24/09/2014
2014023468;1;1;1;1;2;310;25/09/2014
2014023469;1;2;1;1;6;310;25/09/2014
2014023470;1;2;1;1;6;310;25/09/2014
2014023471;1;2;1;1;3;310;25/09/2014
2014023472;1;2;6;1;4;310;26/09/2014
2014023473;1;2;1;1;3;310;26/09/2014
2014023474;5;2;1;1;1;310;26/09/2014
2014023475;5;1;1;1;6;310;28/09/2014
2014023476;1;2;1;1;6;310;26/09/2014
2014023477;1;2;1;1;6;310;26/09/2014
2014023478;1;2;1;1;1;310;26/09/2014
2014023479;1;2;1;1;6;310;26/09/2014
2014023480;1;1;1;1;2;310;26/09/2014
2014023481;1;2;1;1;1;310;26/09/2014
2014023482;1;2;1;1;4;310;28/09/2014
2014023483;1;2;1;1;6;310;28/09/2014
2014023484;1;2;2;1;3;310;29/09/2014
2014023485;1;2;1;1;6;310;29/09/2014
2014023486;1;2;1;1;6;310;29/09/2014
2014023487;5;2;1;1;6;310;27/09/2014
2014023488;1;2;1;1;6;310;30/09/2014
2014023489;1;2;1;1;1;310;30/09/2014
2014023490;1;2;1;1;6;310;30/09/2014
2014023491;5;2;1;1;3;310;01/10/2014
2014023492;1;1;1;1;2;310;01/10/2014
2014023493;1;2;1;1;6;310;02/10/2014
2014023494;1;2;1;1;3;310;02/10/2014
2014023495;1;2;1;1;6;310;02/10/2014
2014023496;1;2;1;1;2;310;02/10/2014
2014023497;5;2;1;1;3;310;03/10/2014
2014023498;1;2;1;1;2;310;03/10/2014
2014023499;1;2;1;1;3;310;04/10/2014
2014023500;1;2;1;1;6;310;03/10/2014
2014023501;1;2;1;1;6;310;04/10/2014
2014023502;5;2;1;1;3;310;05/10/2014
2014023503;5;2;1;1;6;310;05/10/2014
2014023504;1;1;1;1;2;310;03/10/2014
2014023505;1;2;1;1;6;310;05/10/2014
2014023506;5;2;1;1;3;310;02/10/2014
2014023507;1;2;1;1;6;310;06/10/2014
2014023508;1;1;1;1;2;310;06/10/2014
2014023509;1;2;1;1;3;310;06/10/2014
2014023510;1;2;1;1;3;310;02/10/2014
2014023511;5;2;1;1;3;310;07/10/2014
2014023512;5;2;1;1;7;310;08/10/2014
2014023513;4;2;1;1;3;310;08/10/2014
2014023514;1;2;1;1;3;310;08/10/2014
2014023515;1;1;1;1;7;310;08/10/2014
2014023516;1;2;6;1;3;310;08/10/2014
2014023517;1;1;1;1;2;310;10/10/2014
2014023518;5;2;1;2;6;310;10/10/2014
2014023519;1;2;3;1;3;310;13/10/2014
2014023520;1;2;1;1;3;310;08/10/2014
2014023521;1;1;1;1;4;310;13/10/2014
2014023522;1;2;1;1;2;310;13/10/2014
2014023523;1;2;1;1;3;310;14/10/2014
2014023524;1;2;1;1;6;310;13/10/2014
2014023525;4;2;1;1;3;310;14/10/2014
2014023526;2;2;1;1;3;310;15/10/2014
2014023527;2;2;1;1;3;310;15/10/2014
2014023528;1;2;1;1;3;310;15/10/2014
2014023529;1;2;1;1;1;310;15/10/2014
2014023530;1;2;1;1;3;310;15/10/2014
2014023531;1;2;1;1;3;310;15/10/2014
2014023532;1;2;1;1;2;310;16/10/2014
2014023533;1;1;3;1;3;310;16/10/2014
2014023534;5;2;1;1;2;310;19/10/2014
2014023535;1;2;3;1;3;310;17/10/2014
2014023536;1;2;1;1;6;310;16/10/2014
2014023537;1;2;1;1;6;310;19/10/2014
2014023538;1;1;1;1;2;310;20/10/2014
2014023539;1;1;1;1;2;310;20/10/2014
2014023540;1;2;1;1;2;310;21/10/2014
2014023541;1;2;1;1;6;310;21/10/2014
2014023542;1;2;1;1;6;310;16/10/2014
2014023543;5;2;1;1;1;310;22/10/2014
2014023544;5;1;1;1;5;310;23/10/2014
2014023545;2;2;1;1;3;310;23/10/2014
2014023546;1;1;1;1;2;310;23/10/2014
2014023547;1;2;1;1;6;310;23/10/2014
2014023548;1;1;1;1;2;310;23/10/2014
2014023549;1;2;1;1;6;310;23/10/2014
2014023550;5;2;1;1;6;310;25/10/2014
2014023551;5;2;1;1;6;310;26/10/2014
2014023552;1;2;1;1;2;310;25/10/2014
2014023553;5;2;1;1;6;310;25/10/2014
2014023554;1;2;1;1;6;310;27/10/2014
2014023555;1;2;1;1;6;310;28/10/2014
2014023556;5;2;1;1;3;310;29/10/2014
2014023557;1;2;1;1;3;310;29/10/2014
2014023558;1;2;3;1;1;310;24/10/2014
2014023559;1;2;1;1;5;310;27/10/2014
2014023560;1;2;1;1;6;310;29/10/2014
2014023561;1;2;1;1;6;310;29/10/2014
2014023562;5;2;2;1;3;310;29/10/2014
2014023563;5;2;1;1;3;310;29/10/2014
2014023564;1;2;1;1;3;310;30/10/2014
2014023565;1;1;1;1;2;310;30/10/2014
2014023566;1;2;1;1;2;310;31/10/2014
2014023567;5;2;1;1;7;310;01/11/2014
2014023568;5;2;1;1;6;310;01/11/2014
2014023569;1;2;1;1;6;310;01/11/2014
2014023570;1;2;1;1;4;310;01/11/2014
2014023571;5;2;1;1;5;310;03/11/2014
2014023572;1;2;1;1;3;310;31/10/2014
2014023573;1;2;1;1;3;310;04/11/2014
2014023574;1;2;1;1;6;310;05/11/2014
2014023575;2;1;1;1;5;310;08/11/2014
2014023576;1;1;2;1;3;310;10/11/2014
2014023577;1;2;1;1;1;310;10/11/2014
2014023578;1;1;1;1;3;310;10/11/2014
2014023579;5;2;1;1;4;310;10/11/2014
2014023580;1;2;3;1;6;310;13/11/2014
2014023581;1;2;3;1;3;310;13/11/2014
2014023582;5;2;1;3;3;310;14/11/2014
2014023583;5;2;6;3;3;310;14/11/2014
2014023584;5;2;6;2;3;310;14/11/2014
2014023585;5;2;1;1;6;310;15/11/2014
2014023586;5;1;1;3;4;310;16/11/2014
2014023587;1;1;1;1;3;310;17/11/2014
2014023588;1;2;1;2;7;310;17/11/2014
2014023589;1;2;1;1;2;310;13/11/2014
2014023590;1;2;1;2;2;310;18/11/2014
2014023591;1;2;1;1;3;310;18/11/2014
2014023592;1;1;1;1;6;310;15/11/2014
2014023593;1;2;1;1;4;310;16/11/2014
2014023594;3;1;1;3;4;310;16/11/2014
2014023595;5;1;1;1;2;310;17/11/2014
2014023596;1;2;1;1;3;310;19/11/2014
2014023597;1;1;1;1;3;310;19/11/2014
2014023598;1;2;1;1;6;310;17/11/2014
2014023599;1;2;1;1;2;310;20/11/2014
2014023600;5;2;1;1;3;310;20/11/2014
2014023601;5;2;1;1;1;310;21/11/2014
2014023602;1;2;1;1;6;310;21/11/2014
2014023603;1;1;1;1;3;310;21/11/2014
2014023604;5;2;1;1;3;310;21/11/2014
2014023605;1;2;1;1;1;310;21/11/2014
2014023606;1;2;1;1;1;310;20/11/2014
2014023607;1;2;1;1;3;310;20/11/2014
2014023608;1;2;1;1;6;310;24/11/2014
2014023609;1;2;1;1;3;310;25/11/2014
2014023610;5;2;1;1;6;310;24/11/2014
2014023611;1;2;1;1;1;310;25/11/2014
2014023612;1;2;1;1;2;310;25/11/2014
2014023613;1;2;1;1;2;310;23/11/2014
2014023614;1;2;1;1;2;310;25/11/2014
2014023615;1;2;3;1;2;310;25/11/2014
2014023616;5;2;1;1;6;310;25/11/2014
2014023617;5;2;1;3;6;310;26/11/2014
2014023618;2;1;1;1;4;310;27/11/2014
2014023619;1;1;1;1;2;310;25/11/2014
2014023620;1;2;1;1;3;310;27/11/2014
2014023621;1;2;9;2;6;310;25/11/2014
2014023622;1;2;1;1;6;310;26/11/2014
2014023623;1;2;6;1;3;310;28/11/2014
2014023624;5;2;1;1;1;310;28/11/2014
2014023625;1;1;1;1;3;310;28/11/2014
2014023626;1;2;3;1;3;310;29/11/2014
2014023627;5;2;1;1;6;310;30/11/2014
2014023628;5;2;1;1;7;310;30/11/2014
2014023629;1;1;1;1;7;310;30/11/2014
2014023630;1;2;1;1;3;310;01/12/2014
2014023631;1;2;3;1;3;310;02/12/2014
2014023632;1;2;1;1;4;310;03/12/2014
2014023633;5;2;1;1;5;310;05/12/2014
2014023634;1;2;3;3;1;310;05/12/2014
2014023635;1;2;1;1;6;310;07/12/2014
2014023636;2;2;1;3;6;310;08/12/2014
2014023637;5;1;1;1;4;310;07/12/2014
2014023638;1;2;1;1;2;310;09/12/2014
2014023639;1;2;1;1;6;310;09/12/2014
2014023640;5;2;1;1;3;310;09/12/2014
2014023641;5;2;1;1;3;310;08/12/2014
2014023642;1;2;1;1;3;310;10/12/2014
2014023643;5;2;2;1;6;310;10/12/2014
2014023644;1;2;1;1;6;310;11/12/2014
2014023645;1;2;6;2;3;310;11/12/2014
2014023646;5;2;1;1;6;310;13/12/2014
2014023647;1;2;2;1;3;310;14/12/2014
2014023648;1;2;1;2;2;310;15/12/2014
2014023649;5;1;1;1;3;310;15/12/2014
2014023650;5;2;1;1;1;310;16/12/2014
2014023651;2;2;4;1;3;310;16/12/2014
2014023652;1;2;1;1;2;310;16/12/2014
2014023653;1;2;1;1;6;310;16/12/2014
2014023654;5;2;1;1;3;310;16/12/2014
2014023655;5;1;1;1;2;310;15/12/2014
2014023656;2;2;1;1;1;310;17/12/2014
2014023657;1;2;1;2;2;310;17/12/2014
2014023658;5;2;1;2;6;310;17/12/2014
2014023659;5;2;1;1;6;310;18/12/2014
2014023660;1;2;2;1;3;310;19/12/2014
2014023661;1;2;1;1;6;310;20/12/2014
2014023662;5;2;1;1;1;310;20/12/2014
2014023663;5;1;1;1;2;310;21/12/2014
2014023664;1;2;1;1;1;310;25/12/2014
2014023665;5;1;1;2;2;310;29/12/2014
2014023666;1;2;1;1;6;310;26/12/2014
2014023667;5;2;1;2;3;310;26/12/2014
2014023668;5;2;1;2;6;310;28/12/2014
2014023669;5;2;1;1;2;310;29/12/2014
2014023670;1;2;1;1;3;310;22/12/2014
2014023671;1;2;1;1;1;310;31/12/2014
2014023672;1;2;1;1;3;310;31/12/2014
2014023673;1;1;1;1;6;100;11/06/2014
2014023674;1;2;2;8;3;100;09/07/2014
2014023675;3;1;2;1;5;100;03/08/2014
2014023676;1;2;1;1;3;100;09/08/2014
2014023677;1;1;1;1;1;680;15/04/2014
2014023678;1;1;3;8;3;680;30/08/2014
2014023679;1;2;1;1;6;680;31/10/2014
2014023680;2;1;1;1;6;680;29/03/2014
2014023681;1;1;6;1;3;680;11/08/2014
2014023682;3;1;1;2;6;710;20/01/2014
2014023683;1;1;1;1;2;710;18/06/2014
2014023684;1;1;9;2;6;710;10/07/2014
2014023685;3;1;1;1;2;710;02/08/2014
2014023686;5;1;1;1;2;710;30/08/2014
2014023687;3;1;1;1;6;710;08/09/2014
2014023688;1;1;1;2;6;710;05/10/2014
2014023689;3;1;1;2;6;710;17/11/2014
2014023690;1;1;1;1;1;710;25/11/2014
2014023691;1;1;1;1;2;830;10/05/2014
2014023692;1;1;1;1;6;830;05/01/2014
2014023693;3;1;1;1;2;830;12/01/2014
2014023694;1;1;1;3;4;830;07/02/2014
2014023695;3;1;1;1;6;830;11/02/2014
2014023696;1;1;1;1;2;830;12/04/2014
2014023697;1;1;1;1;3;830;04/05/2014
2014023698;1;1;1;1;6;830;12/05/2014
2014023699;1;1;1;1;3;830;28/05/2014
2014023700;1;1;1;1;1;830;06/06/2014
2014023701;1;1;1;1;6;830;08/06/2014
2014023702;1;1;1;1;6;830;26/06/2014
2014023703;1;1;1;1;3;830;08/07/2014
2014023704;1;1;1;1;2;830;19/07/2014
2014023705;1;1;1;1;3;830;21/07/2014
2014023706;1;1;1;1;6;830;14/08/2014
2014023707;2;1;1;1;4;830;10/10/2014
2014023708;1;1;1;1;2;830;10/10/2014
2014023709;1;1;1;1;5;830;25/10/2014
2014023710;2;1;1;1;5;830;27/10/2014
2014023711;3;1;1;3;6;830;04/11/2014
2014023712;2;1;9;1;6;830;13/11/2014
2014023713;2;1;1;1;2;830;24/11/2014
2014023714;3;1;1;1;2;830;17/12/2014
2014023715;1;1;1;1;2;830;18/12/2014
2014023716;3;1;1;1;2;830;30/12/2014
2014023717;1;1;1;1;6;280;15/03/2014
2014023718;1;1;1;4;3;280;23/03/2014
2014023719;1;1;1;3;7;280;20/05/2014
2014023720;1;1;1;1;6;280;08/06/2014
2014023721;1;1;1;1;3;280;16/06/2014
2014023722;1;1;1;1;6;280;23/06/2014
2014023723;1;1;1;8;6;280;29/06/2014
2014023724;3;1;1;8;2;280;18/07/2014
2014023725;3;1;1;8;6;280;21/09/2014
2014023726;3;1;1;8;7;280;23/12/2014
2014023727;1;1;1;1;2;450;23/06/2014
2014023728;1;2;1;2;1;450;28/06/2014
2014023729;1;1;1;1;2;450;26/09/2014
2014023730;5;1;1;8;2;440;02/01/2014
2014023731;1;1;1;4;3;440;01/02/2014
2014023732;1;1;2;1;5;440;20/06/2014
2014023733;3;1;1;2;2;440;15/10/2014
2014023734;1;1;1;1;2;440;04/11/2014
2014023735;1;1;1;1;1;440;07/11/2014
2014023736;2;1;1;1;1;440;18/11/2014
2014023737;1;1;1;8;6;440;03/12/2014
2014023738;1;2;1;1;3;130;24/03/2014
2014023739;5;1;9;1;4;770;23/02/2014
2014023740;1;1;1;1;6;770;04/05/2014
2014023741;2;1;1;1;1;770;13/11/2014
2014023742;3;1;1;2;7;810;04/10/2014
2014023743;3;1;1;1;6;810;04/10/2014
2014023744;3;1;1;1;6;810;14/05/2014
2014023745;1;2;1;2;1;810;11/07/2014
2014023746;1;1;1;8;2;810;02/08/2014
2014023747;1;2;1;1;3;810;21/08/2014
2014023748;1;1;1;1;6;810;09/09/2014
2014023749;5;2;3;1;1;320;16/02/2014
2014023750;2;1;1;8;7;320;21/02/2014
2014023751;3;1;1;1;1;320;09/03/2014
2014023752;1;2;1;2;7;320;25/03/2014
2014023753;1;2;3;1;1;320;15/04/2014
2014023754;1;2;2;1;3;320;15/04/2014
2014023755;3;1;1;9;6;320;30/04/2014
2014023756;1;2;4;1;3;320;05/05/2014
2014023757;1;2;4;2;3;320;13/05/2014
2014023758;1;2;1;1;7;320;03/06/2014
2014023759;1;2;1;1;6;320;17/06/2014
2014023760;1;2;1;1;3;320;19/06/2014
2014023761;3;1;1;1;6;320;20/06/2014
2014023762;3;1;1;2;6;320;02/07/2014
2014023763;1;2;1;1;2;320;16/07/2014
2014023764;1;1;1;8;1;320;25/07/2014
2014023765;1;2;1;1;2;320;29/07/2014
2014023766;1;2;3;1;5;320;06/08/2014
2014023767;1;2;1;1;7;320;07/08/2014
2014023768;1;2;1;1;6;320;14/08/2014
2014023769;1;1;1;1;6;320;23/08/2014
2014023770;1;1;1;1;7;320;24/08/2014
2014023771;1;2;3;1;1;320;12/09/2014
2014023772;1;2;2;1;2;320;12/09/2014
2014023773;1;2;1;1;7;320;18/09/2014
2014023774;5;2;1;1;7;320;23/09/2014
2014023775;1;2;1;1;7;320;28/09/2014
2014023776;1;1;1;1;3;320;03/10/2014
2014023777;5;2;1;1;6;320;17/10/2014
2014023778;1;1;1;1;7;320;27/10/2014
2014023779;1;2;1;1;7;320;30/10/2014
2014023780;1;2;1;1;7;320;08/11/2014
2014023781;2;2;1;1;7;320;12/11/2014
2014023782;2;2;1;2;7;320;14/11/2014
2014023783;1;2;1;1;7;320;27/11/2014
2014023784;3;2;1;1;7;320;29/11/2014
2014023785;3;2;1;2;6;320;06/12/2014
2014023786;1;2;1;1;6;320;10/12/2014
2014023787;5;1;1;2;3;320;16/12/2014
2014023788;5;2;1;2;1;320;17/12/2014
2014023789;1;1;1;1;5;570;08/04/2014
2014023790;1;1;1;1;7;570;07/04/2014
2014023791;1;1;1;1;1;570;18/05/2014
2014023792;1;1;1;1;6;570;07/08/2014
2014023793;3;1;1;1;6;570;05/12/2014
2014023794;1;1;1;2;5;210;04/02/2014
2014023795;1;1;1;1;3;210;06/06/2014
2014023796;3;1;1;1;2;210;27/11/2014
2014023797;3;1;1;1;6;210;20/12/2014
2014023798;2;1;1;9;6;760;12/02/2014
2014023799;1;1;1;2;7;760;17/11/2014
2014023800;1;1;1;8;3;310;05/03/2014
2014023801;1;1;1;1;1;310;18/04/2014
2014023802;1;1;1;1;6;310;31/05/2014
2014023803;5;2;1;1;4;310;20/02/2014
2014023804;1;2;1;1;7;310;10/04/2014
2014023805;1;2;6;1;6;310;27/06/2014
2014023806;5;2;1;1;3;310;27/11/2014
2014023807;3;1;1;1;6;840;08/08/2014
2014023808;3;1;1;1;6;310;20/11/2014
2014023809;5;1;6;3;7;410;01/02/2014
2014023810;2;1;1;8;6;410;22/02/2014
2014023811;1;2;1;1;3;410;03/04/2014
2014023812;1;1;1;2;1;410;28/04/2014
2014023813;1;1;1;1;1;410;22/05/2014
2014023814;1;2;1;1;3;410;27/05/2014
2014023815;3;1;1;1;7;410;30/05/2014
2014023816;2;1;9;1;7;410;15/06/2014
2014023817;5;2;1;1;6;410;30/07/2014
2014023818;1;1;1;1;1;410;28/08/2014
2014023819;1;1;1;1;1;410;16/09/2014
2014023820;1;1;1;1;1;410;21/09/2014
2014023821;1;2;1;1;1;410;12/11/2014
2014023822;3;1;1;5;7;410;26/12/2014
2014023823;5;2;1;3;2;330;14/01/2014
2014023824;1;2;2;9;3;330;24/01/2014
2014023825;1;2;1;1;6;330;06/02/2014
2014023826;1;1;1;1;2;330;13/02/2014
2014023827;5;2;1;1;1;330;17/02/2014
2014023828;1;2;1;1;3;330;19/02/2014
2014023829;1;2;2;1;3;330;06/03/2014
2014023830;1;2;1;1;6;330;08/03/2014
2014023831;1;1;1;1;1;330;12/03/2014
2014023832;1;2;1;1;3;330;13/03/2014
2014023833;1;1;1;1;1;330;17/03/2014
2014023834;1;1;1;8;6;330;30/04/2014
2014023835;1;1;2;1;3;330;03/05/2014
2014023836;1;2;1;7;3;330;04/05/2014
2014023837;1;1;1;1;4;330;09/05/2014
2014023838;5;1;1;1;6;330;17/05/2014
2014023839;1;1;1;1;1;330;01/06/2014
2014023840;1;1;1;1;6;330;13/06/2014
2014023841;1;2;6;1;3;330;08/06/2014
2014023842;1;1;1;1;6;330;22/06/2014
2014023843;1;1;1;1;6;330;08/07/2014
2014023844;1;1;1;1;3;330;15/07/2014
2014023845;1;2;1;1;2;330;16/07/2014
2014023846;1;1;1;1;6;330;15/07/2014
2014023847;1;2;1;1;3;330;04/08/2014
2014023848;1;2;1;1;3;330;13/08/2014
2014023849;1;2;1;1;6;330;21/08/2014
2014023850;1;1;1;1;6;330;25/08/2014
2014023851;1;1;1;1;6;330;08/09/2014
2014023852;1;1;1;1;6;330;28/08/2014
2014023853;3;1;1;1;3;330;14/09/2014
2014023854;1;1;1;1;5;330;12/09/2014
2014023855;1;2;2;1;3;330;25/09/2014
2014023856;1;1;1;1;6;330;03/10/2014
2014023857;5;2;2;1;3;330;12/10/2014
2014023858;1;2;2;1;3;330;13/10/2014
2014023859;5;2;1;1;6;330;16/10/2014
2014023860;1;2;2;1;3;330;25/10/2014
2014023861;5;2;1;1;6;330;22/10/2014
2014023862;5;2;9;1;3;330;10/11/2014
2014023863;1;2;3;1;3;330;28/11/2014
2014023864;1;1;1;1;3;330;27/11/2014
2014023865;5;2;6;1;1;330;13/12/2014
2014023866;5;2;9;1;6;330;12/12/2014
2014023867;1;2;6;1;3;330;28/12/2014
2014023868;1;2;1;1;3;740;17/07/2014
2014023869;1;1;1;1;1;740;08/08/2014
2014023870;1;2;1;1;3;740;20/08/2014
2014023871;1;2;1;1;1;740;22/08/2014
2014023872;1;1;1;1;3;740;26/08/2014
2014023873;1;1;1;1;3;740;30/08/2014
2014023874;1;1;1;1;7;740;31/08/2014
2014023875;1;1;1;1;6;740;25/09/2014
2014023876;1;1;1;1;6;740;31/12/2014
2014023877;2;2;3;2;3;330;02/01/2014