num_acc;lum;agg;inter;atm;col;dep;date
2014023878;1;2;3;1;3;330;02/01/2014
2014023879;5;2;1;1;3;330;31/12/2014
2014023880;5;2;1;1;3;330;02/01/2014
2014023881;1;2;2;1;2;330;06/01/2014
2014023882;5;2;1;1;6;330;07/01/2014
2014023883;2;2;1;1;6;330;02/01/2014
2014023884;1;2;1;1;3;330;02/01/2014
2014023885;1;2;2;1;3;330;06/01/2014
2014023886;1;2;6;1;6;330;06/01/2014
2014023887;5;2;1;1;2;330;03/01/2014
2014023888;1;2;3;1;6;330;09/01/2014
2014023889;5;2;3;1;6;330;12/01/2014
2014023890;1;2;1;1;5;330;08/01/2014
2014023891;1;2;2;1;3;330;12/01/2014
2014023892;5;2;5;1;3;330;08/01/2014
2014023893;1;2;2;1;6;330;10/01/2014
2014023894;1;2;3;1;3;330;03/01/2014
2014023895;1;2;3;1;6;330;11/01/2014
2014023896;1;2;1;1;3;330;07/01/2014
2014023897;1;2;1;1;3;330;11/01/2014
2014023898;5;2;1;1;7;330;11/01/2014
2014023899;1;2;2;1;3;330;12/01/2014
2014023900;5;2;4;2;5;330;13/01/2014
2014023901;1;2;6;1;2;330;10/01/2014
2014023902;1;2;2;1;3;330;09/01/2014
2014023903;5;2;1;1;7;330;07/01/2014
2014023904;1;2;3;1;2;330;31/12/2014
2014023905;1;2;1;1;1;330;31/12/2014
2014023906;1;2;3;1;5;330;13/01/2014
2014023907;1;2;3;1;3;330;16/01/2014
2014023908;1;2;3;1;6;330;14/01/2014
2014023909;5;2;3;1;3;330;18/01/2014
2014023910;1;2;2;1;6;330;19/01/2014
2014023911;5;2;1;2;5;330;13/01/2014
2014023912;1;2;1;1;7;330;19/01/2014
2014023913;2;2;3;1;3;330;10/01/2014
2014023914;1;2;3;1;3;330;17/01/2014
2014023915;5;2;3;2;6;330;19/01/2014
2014023916;1;2;3;3;1;330;14/01/2014
2014023917;4;2;3;1;3;330;15/01/2014
2014023918;1;2;1;1;3;330;16/01/2014
2014023919;1;2;2;1;3;330;16/01/2014
2014023920;5;2;2;2;3;330;14/01/2014
2014023921;5;2;2;1;6;330;15/01/2014
2014023922;1;2;2;1;3;330;21/01/2014
2014023923;1;2;3;1;3;330;16/01/2014
2014023924;1;2;1;1;2;330;21/01/2014
2014023925;5;2;3;1;3;330;16/01/2014
2014023926;1;2;1;1;2;330;21/01/2014
2014023927;1;2;3;2;2;330;18/01/2014
2014023928;1;2;6;1;3;330;16/01/2014
2014023929;1;2;2;1;6;330;17/01/2014
2014023930;5;2;1;2;6;330;20/01/2014
2014023931;1;2;1;1;6;330;17/01/2014
2014023932;5;2;1;1;2;330;17/01/2014
2014023933;1;2;1;1;3;330;17/01/2014
2014023934;5;2;6;1;2;330;17/01/2014
2014023935;1;2;6;2;3;330;20/01/2014
2014023936;5;2;3;1;6;330;17/01/2014
2014023937;1;2;1;1;3;330;10/01/2014
2014023938;1;2;1;2;5;330;23/01/2014
2014023939;1;2;1;1;3;330;18/01/2014
2014023940;5;2;4;2;3;330;24/01/2014
2014023941;1;2;1;1;3;330;25/01/2014
2014023942;5;2;4;2;1;330;26/01/2014
2014023943;5;2;2;3;6;330;24/01/2014
2014023944;1;2;1;1;6;330;25/01/2014
2014023945;1;2;1;2;2;330;24/01/2014
2014023946;5;2;2;2;3;330;28/01/2014
2014023947;1;2;2;1;3;330;21/01/2014
2014023948;1;2;3;1;3;330;20/01/2014
2014023949;5;2;1;1;6;330;19/12/2014
2014023950;1;2;1;2;7;330;27/01/2014
2014023951;2;2;1;2;6;330;27/01/2014
2014023952;1;2;2;3;6;330;27/01/2014
2014023953;1;2;4;1;6;330;30/01/2014
2014023954;1;2;3;1;3;330;30/01/2014
2014023955;1;2;1;2;3;330;28/01/2014
2014023956;4;2;6;3;3;330;27/01/2014
2014023957;1;2;1;1;6;330;01/02/2014
2014023958;1;2;7;1;6;330;31/01/2014
2014023959;2;2;2;2;3;330;01/02/2014
2014023960;1;2;3;2;3;330;27/01/2014
2014023961;5;2;9;2;2;330;28/01/2014
2014023962;1;2;2;1;3;330;31/01/2014
2014023963;5;2;4;2;3;330;30/01/2014
2014023964;1;2;3;1;6;330;03/02/2014
2014023965;5;2;4;1;6;330;30/01/2014
2014023966;2;2;3;3;3;330;27/01/2014
2014023967;1;2;4;1;6;330;29/01/2014
2014023968;1;2;2;1;7;330;04/02/2014
2014023969;1;2;2;1;6;330;06/02/2014
2014023970;1;2;3;2;3;330;06/02/2014
2014023971;1;2;2;1;3;330;06/02/2014
2014023972;1;2;1;1;2;330;06/02/2014
2014023973;5;2;6;1;6;330;03/02/2014
2014023974;5;2;3;8;6;330;01/02/2014
2014023975;1;2;4;1;3;330;03/02/2014
2014023976;1;2;3;1;3;330;10/02/2014
2014023977;5;2;2;2;6;330;09/02/2014
2014023978;1;2;4;1;1;330;30/01/2014
2014023979;5;2;2;2;3;330;08/02/2014
2014023980;1;2;2;1;6;330;04/02/2014
2014023981;1;2;2;1;6;330;10/02/2014
2014023982;2;2;3;2;6;330;10/02/2014
2014023983;1;2;1;3;3;330;05/02/2014
2014023984;1;2;3;1;6;330;07/02/2014
2014023985;1;2;3;1;3;330;04/02/2014
2014023986;2;2;1;3;2;330;05/02/2014
2014023987;5;2;3;1;1;330;06/02/2014
2014023988;5;2;1;3;3;330;30/01/2014
2014023989;4;2;3;1;6;330;07/02/2014
2014023990;5;2;2;2;3;330;12/02/2014
2014023991;2;2;1;3;4;330;10/02/2014
2014023992;1;2;2;2;3;330;13/02/2014
2014023993;3;2;1;1;7;330;12/02/2014
2014023994;1;2;3;1;6;330;16/02/2014
2014023995;1;2;6;1;3;330;06/02/2014
2014023996;5;2;2;1;3;330;15/02/2014
2014023997;1;2;2;2;5;330;07/02/2014
2014023998;5;2;6;1;7;330;16/02/2014
2014023999;1;2;1;2;6;330;11/02/2014
2014024000;5;2;1;1;3;330;13/02/2014
2014024001;1;2;2;1;1;330;12/02/2014
2014024002;1;2;3;1;6;330;01/02/2014
2014024003;1;2;3;1;3;330;14/02/2014
2014024004;5;2;1;2;2;330;14/02/2014
2014024005;5;2;2;2;3;330;01/01/2014
2014024006;1;2;3;1;3;330;19/02/2014
2014024007;5;2;1;1;6;330;19/02/2014
2014024008;1;2;2;1;3;330;21/02/2014
2014024009;2;2;1;2;2;330;20/02/2014
2014024010;1;2;3;1;6;330;21/02/2014
2014024011;1;2;2;2;2;330;22/02/2014
2014024012;1;2;6;1;3;330;17/02/2014
2014024013;1;2;2;1;5;330;24/02/2014
2014024014;1;2;1;1;6;330;24/02/2014
2014024015;1;2;1;1;3;330;24/02/2014
2014024016;4;2;1;1;6;330;24/02/2014
2014024017;5;2;1;1;6;330;14/02/2014
2014024018;1;2;1;2;1;330;25/02/2014
2014024019;1;2;1;1;3;330;17/02/2014
2014024020;1;2;3;1;3;330;26/02/2014
2014024021;5;2;2;2;3;330;20/02/2014
2014024022;5;2;4;2;3;330;26/02/2014
2014024023;1;2;3;1;3;330;26/02/2014
2014024024;5;2;6;1;3;330;26/02/2014
2014024025;5;2;2;2;3;330;27/02/2014
2014024026;5;2;1;3;6;330;28/02/2014
2014024027;1;2;1;2;6;330;28/02/2014
2014024028;1;2;3;8;6;330;28/02/2014
2014024029;5;2;1;2;5;330;28/02/2014
2014024030;1;2;3;1;3;330;01/03/2014
2014024031;5;2;1;2;6;330;28/02/2014
2014024032;1;2;3;1;2;330;01/03/2014
2014024033;5;2;2;2;7;330;28/02/2014
2014024034;5;2;1;8;6;330;02/03/2014
2014024035;1;2;6;3;2;330;03/03/2014
2014024036;1;2;2;3;3;330;03/03/2014
2014024037;1;2;3;1;1;330;04/03/2014
2014024038;1;2;3;1;3;330;05/03/2014
2014024039;1;2;1;1;2;330;05/03/2014
2014024040;2;2;6;1;3;330;05/03/2014
2014024041;5;2;4;1;6;330;06/03/2014
2014024042;2;2;2;1;3;330;06/03/2014
2014024043;5;2;3;1;3;330;06/03/2014
2014024044;1;2;1;1;2;330;05/03/2014
2014024045;1;2;1;1;6;330;07/03/2014
2014024046;1;2;3;1;6;330;07/03/2014
2014024047;1;2;1;1;6;330;07/03/2014
2014024048;1;2;1;1;4;330;08/03/2014
2014024049;1;2;3;1;3;330;08/03/2014
2014024050;5;2;9;1;7;330;09/03/2014
2014024051;5;2;1;1;6;330;07/03/2014
2014024052;1;2;3;1;6;330;10/03/2014
2014024053;1;2;1;1;3;330;10/03/2014
2014024054;1;2;2;1;3;330;11/03/2014
2014024055;1;2;2;1;3;330;11/03/2014
2014024056;1;2;1;1;3;330;12/03/2014
2014024057;1;2;2;1;6;330;10/03/2014
2014024058;1;2;1;1;3;330;07/03/2014
2014024059;1;2;2;1;6;330;13/03/2014
2014024060;1;2;2;1;3;330;08/03/2014
2014024061;1;2;1;1;6;330;13/03/2014
2014024062;1;2;3;1;3;330;13/03/2014
2014024063;1;2;2;1;3;330;11/03/2014
2014024064;1;2;6;1;2;330;14/03/2014
2014024065;1;2;1;1;2;330;15/03/2014
2014024066;5;2;2;1;6;330;15/03/2014
2014024067;5;2;1;1;5;330;16/03/2014
2014024068;5;2;4;1;7;330;17/03/2014
2014024069;5;2;2;1;3;330;15/03/2014
2014024070;1;2;2;1;3;330;13/03/2014
2014024071;1;2;2;1;4;330;17/03/2014
2014024072;1;2;3;1;6;330;19/03/2014
2014024073;1;2;3;1;2;330;19/03/2014
2014024074;1;2;1;1;6;330;19/03/2014
2014024075;1;2;2;1;3;330;19/03/2014
2014024076;1;2;2;1;3;330;19/03/2014
2014024077;1;2;1;1;3;330;20/03/2014
2014024078;5;2;3;1;6;330;20/03/2014
2014024079;1;2;3;1;7;330;19/03/2014
2014024080;1;2;1;1;5;330;20/03/2014
2014024081;5;2;6;2;3;330;23/03/2014
2014024082;1;2;1;1;3;330;23/03/2014
2014024083;5;2;2;1;2;330;23/03/2014
2014024084;1;2;4;2;1;330;24/03/2014
2014024085;1;2;2;2;3;330;24/03/2014
2014024086;5;2;6;2;2;330;25/03/2014
2014024087;1;2;3;1;3;330;24/03/2014
2014024088;1;2;4;2;6;330;25/03/2014
2014024089;5;2;2;2;3;330;24/03/2014
2014024090;1;2;5;2;3;330;25/03/2014
2014024091;1;2;3;2;3;330;24/03/2014
2014024092;1;2;4;2;3;330;25/03/2014
2014024093;5;2;1;1;6;330;25/03/2014
2014024094;5;2;2;2;5;330;25/03/2014
2014024095;1;2;3;1;6;330;26/03/2014
2014024096;1;2;1;1;6;330;26/03/2014
2014024097;5;2;2;1;3;330;27/03/2014
2014024098;5;2;2;1;6;330;27/03/2014
2014024099;5;2;2;1;3;330;28/03/2014
2014024100;5;2;1;1;6;330;30/03/2014
2014024101;1;2;2;1;3;330;30/03/2014
2014024102;1;2;3;1;3;330;30/03/2014
2014024103;1;2;3;1;1;330;30/03/2014
2014024104;1;2;1;1;6;330;31/03/2014
2014024105;1;2;2;1;3;330;01/04/2014
2014024106;5;2;9;1;6;330;01/04/2014
2014024107;1;2;1;1;2;330;02/04/2014
2014024108;1;2;1;1;6;330;28/03/2014
2014024109;1;2;4;2;3;330;03/04/2014
2014024110;1;2;2;1;6;330;02/04/2014
2014024111;1;2;3;2;2;330;03/04/2014
2014024112;5;2;6;2;6;330;03/04/2014
2014024113;5;2;1;3;3;330;03/04/2014
2014024114;5;2;4;1;6;330;04/04/2014
2014024115;1;2;3;1;3;330;04/04/2014
2014024116;1;2;2;1;6;330;05/04/2014
2014024117;2;2;2;1;2;330;06/04/2014
2014024118;1;2;1;1;2;330;06/04/2014
2014024119;5;2;1;1;2;330;06/04/2014
2014024120;1;2;3;1;6;330;05/04/2014
2014024121;1;2;1;1;6;330;07/04/2014
2014024122;1;2;3;1;3;330;07/04/2014
2014024123;1;2;2;1;3;330;08/04/2014
2014024124;1;2;3;1;3;330;08/04/2014
2014024125;1;2;2;1;3;330;08/04/2014
2014024126;1;2;2;1;3;330;09/04/2014
2014024127;1;2;1;1;6;330;09/04/2014
2014024128;1;2;7;1;6;330;09/04/2014
2014024129;1;2;2;1;3;330;09/04/2014
2014024130;5;2;3;1;7;330;09/04/2014
2014024131;1;2;3;1;6;330;07/04/2014
2014024132;1;2;2;1;3;330;10/04/2014
2014024133;1;2;2;1;2;330;10/04/2014
2014024134;5;2;3;1;3;330;10/04/2014
2014024135;5;2;1;1;7;330;11/04/2014
2014024136;1;2;3;1;3;330;10/04/2014
2014024137;1;2;3;1;3;330;11/04/2014
2014024138;1;2;1;1;6;330;11/04/2014
2014024139;1;2;3;1;2;330;11/04/2014
2014024140;5;2;1;1;7;330;12/04/2014
2014024141;1;2;2;1;1;330;12/04/2014
2014024142;5;2;1;1;2;330;12/04/2014
2014024143;5;2;2;1;3;330;13/04/2014
2014024144;5;2;3;1;1;330;13/04/2014
2014024145;1;2;6;1;7;330;14/04/2014
2014024146;1;2;2;1;3;330;10/04/2014
2014024147;1;2;2;1;1;330;14/04/2014
2014024148;1;2;1;1;2;330;15/04/2014
2014024149;1;2;6;1;6;330;15/04/2014
2014024150;1;2;2;1;6;330;14/04/2014
2014024151;1;2;3;1;6;330;15/04/2014
2014024152;1;2;1;1;3;330;15/04/2014
2014024153;1;2;2;1;2;330;16/04/2014
2014024154;1;2;1;1;6;330;17/04/2014
2014024155;1;2;3;1;3;330;17/04/2014
2014024156;1;2;3;1;5;330;17/04/2014
2014024157;1;2;1;1;2;330;18/04/2014
2014024158;1;2;3;1;6;330;18/04/2014
2014024159;1;2;4;1;3;330;17/04/2014
2014024160;1;2;2;1;3;330;18/04/2014
2014024161;1;2;1;1;6;330;19/04/2014
2014024162;5;2;1;1;7;330;20/04/2014
2014024163;5;2;3;1;3;330;22/04/2014
2014024164;1;2;1;1;2;330;22/04/2014
2014024165;1;2;3;1;3;330;06/04/2014
2014024166;1;2;3;1;3;330;31/03/2014
2014024167;1;2;6;1;6;330;05/04/2014
2014024168;1;2;3;1;3;330;23/04/2014
2014024169;1;2;1;1;6;330;23/04/2014
2014024170;1;2;3;1;3;330;24/04/2014
2014024171;1;2;1;1;3;330;24/04/2014
2014024172;1;2;6;2;2;330;25/04/2014
2014024173;1;2;2;1;2;330;25/04/2014
2014024174;1;2;2;2;3;330;26/04/2014
2014024175;1;2;1;2;3;330;28/04/2014
2014024176;1;2;3;1;6;330;28/04/2014
2014024177;1;2;2;2;6;330;29/04/2014
2014024178;1;2;1;2;2;330;29/04/2014
2014024179;1;2;1;2;3;330;30/04/2014
2014024180;1;2;3;2;3;330;30/04/2014
2014024181;1;2;4;1;3;330;30/04/2014
2014024182;1;2;1;1;6;330;30/04/2014
2014024183;1;2;2;1;1;330;30/04/2014
2014024184;1;2;1;1;5;330;30/04/2014
2014024185;1;2;1;1;3;330;01/05/2014
2014024186;1;2;5;1;3;330;30/04/2014
2014024187;2;2;2;8;3;330;01/05/2014
2014024188;1;2;1;1;3;330;02/05/2014
2014024189;1;2;6;1;3;330;04/05/2014
2014024190;1;2;5;1;3;330;05/05/2014
2014024191;1;2;3;1;3;330;05/05/2014
2014024192;1;2;1;1;6;330;05/05/2014
2014024193;1;2;6;1;2;330;05/05/2014
2014024194;1;2;6;1;3;330;05/05/2014
2014024195;5;2;1;1;7;330;29/04/2014
2014024196;1;2;3;1;6;330;06/05/2014
2014024197;1;2;3;1;6;330;06/05/2014
2014024198;1;2;1;1;6;330;07/05/2014
2014024199;1;2;2;1;3;330;07/05/2014
2014024200;1;2;1;1;3;330;07/05/2014
2014024201;1;2;2;1;6;330;07/05/2014
2014024202;1;2;1;1;5;330;08/05/2014
2014024203;1;2;2;1;3;330;07/05/2014
2014024204;1;2;3;1;3;330;09/05/2014
2014024205;1;2;3;2;3;330;09/05/2014
2014024206;1;2;3;1;6;330;09/05/2014
2014024207;1;2;2;1;3;330;09/05/2014
2014024208;1;2;3;1;3;330;09/05/2014
2014024209;1;2;1;1;6;330;09/05/2014
2014024210;1;2;3;8;3;330;09/05/2014
2014024211;1;2;2;1;6;330;10/05/2014
2014024212;5;2;1;2;7;330;10/05/2014
2014024213;1;2;4;1;3;330;11/05/2014
2014024214;1;2;6;1;3;330;12/05/2014
2014024215;1;2;3;1;5;330;12/05/2014
2014024216;1;2;1;2;3;330;12/05/2014
2014024217;1;2;3;1;3;330;12/05/2014
2014024218;1;2;1;1;2;330;12/05/2014
2014024219;5;2;4;1;7;330;12/05/2014
2014024220;1;2;2;1;6;330;13/05/2014
2014024221;1;2;1;1;6;330;13/05/2014
2014024222;1;2;4;1;3;330;14/05/2014
2014024223;1;2;3;1;6;330;14/05/2014
2014024224;1;2;2;1;3;330;13/05/2014
2014024225;1;2;1;1;6;330;14/05/2014
2014024226;5;2;1;1;3;330;14/05/2014
2014024227;1;2;1;1;1;330;15/05/2014
2014024228;1;2;2;1;3;330;15/05/2014
2014024229;1;2;1;1;3;330;15/05/2014
2014024230;1;2;3;1;3;330;16/05/2014
2014024231;5;2;1;1;6;330;04/05/2014
2014024232;1;2;1;1;6;330;16/05/2014
2014024233;1;2;1;1;6;330;16/05/2014
2014024234;1;2;3;1;3;330;16/05/2014
2014024235;2;2;2;1;7;330;16/05/2014
2014024236;1;2;3;1;3;330;14/05/2014
2014024237;3;1;1;1;2;330;17/05/2014
2014024238;1;2;3;1;3;330;17/05/2014
2014024239;1;2;1;1;2;330;17/05/2014
2014024240;5;2;2;1;1;330;11/05/2014
2014024241;1;2;2;1;3;330;19/05/2014
2014024242;1;2;3;1;2;330;19/05/2014
2014024243;1;2;1;2;3;330;20/05/2014
2014024244;1;2;6;1;3;330;17/05/2014
2014024245;1;2;2;2;6;330;20/05/2014
2014024246;1;2;1;1;6;330;21/05/2014
2014024247;1;2;6;1;3;330;22/05/2014
2014024248;1;2;1;1;2;330;22/05/2014
2014024249;1;2;3;1;6;330;21/05/2014
2014024250;1;2;1;1;3;330;22/05/2014
2014024251;1;2;1;1;6;330;22/05/2014
2014024252;1;2;7;2;3;330;23/05/2014
2014024253;1;2;1;1;6;330;23/05/2014
2014024254;1;2;1;1;3;330;23/05/2014
2014024255;1;2;6;1;3;330;23/05/2014
2014024256;5;2;2;1;1;330;24/05/2014
2014024257;5;2;2;2;3;330;25/05/2014
2014024258;1;2;2;1;3;330;25/05/2014
2014024259;1;2;2;1;5;330;26/05/2014
2014024260;1;2;1;1;3;330;26/05/2014
2014024261;1;2;3;1;3;330;26/05/2014
2014024262;1;2;3;1;3;330;26/05/2014
2014024263;1;2;1;1;3;330;27/05/2014
2014024264;1;2;1;1;6;330;28/05/2014
2014024265;1;2;1;1;6;330;29/05/2014
2014024266;1;2;2;1;3;330;29/05/2014
2014024267;5;2;1;1;6;330;30/05/2014
2014024268;1;2;2;1;3;330;28/05/2014
2014024269;1;2;1;1;3;330;30/05/2014
2014024270;1;2;3;1;3;330;29/05/2014
2014024271;1;2;1;1;3;330;30/05/2014
2014024272;1;2;1;1;5;330;31/05/2014
2014024273;1;2;3;1;3;330;28/05/2014
2014024274;1;2;6;1;2;330;31/05/2014
2014024275;5;2;2;1;3;330;01/06/2014
2014024276;5;2;3;1;6;330;01/06/2014
2014024277;1;2;3;1;3;330;02/06/2014
2014024278;5;2;3;1;6;330;02/06/2014
2014024279;1;2;1;1;2;330;02/06/2014
2014024280;1;2;2;1;3;330;03/06/2014
2014024281;1;2;3;1;3;330;02/06/2014
2014024282;1;2;1;1;3;330;03/06/2014
2014024283;1;2;4;1;6;330;04/06/2014
2014024284;1;2;2;1;3;330;05/06/2014
2014024285;1;2;6;1;3;330;05/06/2014
2014024286;1;2;3;2;2;330;26/05/2014
2014024287;1;2;1;1;3;330;06/06/2014
2014024288;5;2;1;1;6;330;07/06/2014
2014024289;5;2;1;1;6;330;09/06/2014
2014024290;1;2;2;1;3;330;09/06/2014
2014024291;1;2;1;1;3;330;09/06/2014
2014024292;1;2;1;1;2;330;11/06/2014
2014024293;1;2;3;1;3;330;11/06/2014
2014024294;1;2;3;1;3;330;11/06/2014
2014024295;1;2;2;1;6;330;11/06/2014
2014024296;1;2;1;1;3;330;12/06/2014
2014024297;1;2;1;1;6;330;30/05/2014
2014024298;1;2;2;1;3;330;12/06/2014
2014024299;1;2;2;1;3;330;12/06/2014
2014024300;1;2;1;1;3;330;12/06/2014
2014024301;1;2;6;1;2;330;13/06/2014
2014024302;1;2;1;1;6;330;13/06/2014
2014024303;1;2;1;1;2;330;13/06/2014
2014024304;1;2;3;1;5;330;13/06/2014
2014024305;1;2;2;1;3;330;13/06/2014
2014024306;1;2;3;1;3;330;14/06/2014
2014024307;1;2;1;1;2;330;16/06/2014
2014024308;1;2;3;1;5;330;16/06/2014
2014024309;1;2;1;1;2;330;16/06/2014
2014024310;1;2;1;1;3;330;17/06/2014
2014024311;2;2;6;1;3;330;18/06/2014
2014024312;1;2;1;1;4;330;18/06/2014
2014024313;1;2;3;1;3;330;19/06/2014
2014024314;1;2;2;1;3;330;20/06/2014
2014024315;1;2;3;1;6;330;20/06/2014
2014024316;1;2;1;1;2;330;20/06/2014
2014024317;1;2;2;1;3;330;20/06/2014
2014024318;1;2;5;1;3;330;20/06/2014
2014024319;1;2;1;1;6;330;20/06/2014
2014024320;1;2;3;1;3;330;20/06/2014
2014024321;5;2;3;1;3;330;20/06/2014
2014024322;1;2;1;1;3;330;21/06/2014
2014024323;5;2;3;1;3;330;21/06/2014
2014024324;5;2;1;1;6;330;22/06/2014
2014024325;1;2;1;1;6;330;21/06/2014
2014024326;2;2;2;1;3;330;22/06/2014
2014024327;1;2;3;1;6;330;22/06/2014
2014024328;1;1;1;1;1;330;22/06/2014
2014024329;5;2;1;3;7;330;23/06/2014
2014024330;1;2;1;1;3;330;23/06/2014
2014024331;1;2;3;1;4;330;20/06/2014
2014024332;1;2;3;1;3;330;24/06/2014
2014024333;1;2;3;1;6;330;24/06/2014
2014024334;1;2;2;1;3;330;24/06/2014
2014024335;1;2;3;1;3;330;25/06/2014
2014024336;1;2;1;1;4;330;25/06/2014
2014024337;1;2;1;1;6;330;26/06/2014
2014024338;5;2;2;1;3;330;25/06/2014
2014024339;1;2;2;1;6;330;20/06/2014
2014024340;1;2;3;1;6;330;26/06/2014
2014024341;1;2;2;1;3;330;25/06/2014
2014024342;1;2;1;1;2;330;27/06/2014
2014024343;1;2;1;1;2;330;27/06/2014
2014024344;1;2;1;1;7;330;26/06/2014
2014024345;1;2;1;1;7;330;28/06/2014
2014024346;1;2;2;1;3;330;29/06/2014
2014024347;1;2;2;1;2;330;30/06/2014
2014024348;1;2;4;1;4;330;30/06/2014
2014024349;1;2;2;1;3;330;30/06/2014
2014024350;1;2;2;1;3;330;01/07/2014
2014024351;1;2;1;1;3;330;01/07/2014
2014024352;1;2;2;1;6;330;01/07/2014
2014024353;1;2;2;1;3;330;01/07/2014
2014024354;1;2;7;1;2;330;01/07/2014
2014024355;1;2;1;2;3;330;01/07/2014
2014024356;5;2;1;1;7;330;30/06/2014
2014024357;3;2;1;1;6;330;01/07/2014
2014024358;1;2;1;1;3;330;01/07/2014
2014024359;1;2;2;1;3;330;02/07/2014
2014024360;1;2;2;1;3;330;30/06/2014
2014024361;1;2;1;1;3;330;02/07/2014
2014024362;1;2;1;1;3;330;03/07/2014
2014024363;1;2;1;1;5;330;03/07/2014
2014024364;1;2;3;1;5;330;03/07/2014
2014024365;1;2;2;1;3;330;04/07/2014
2014024366;1;2;2;1;3;330;04/07/2014
2014024367;1;2;6;1;3;330;30/06/2014
2014024368;5;2;2;1;3;330;06/07/2014
2014024369;1;2;1;2;7;330;06/07/2014
2014024370;1;2;1;1;1;330;04/07/2014
2014024371;1;2;2;1;3;330;07/07/2014
2014024372;1;2;2;2;6;330;07/07/2014
2014024373;1;2;2;1;3;330;07/07/2014
2014024374;5;2;1;1;6;330;07/07/2014
2014024375;1;2;2;2;3;330;08/07/2014
2014024376;5;2;1;1;6;330;09/07/2014
2014024377;1;2;3;2;2;330;08/07/2014
2014024378;1;2;2;1;3;330;08/07/2014
2014024379;5;2;1;8;3;330;09/07/2014
2014024380;1;2;2;1;3;330;09/07/2014
2014024381;1;2;2;1;3;330;07/07/2014
2014024382;1;2;1;1;6;330;08/07/2014
2014024383;1;2;1;1;6;330;11/07/2014
2014024384;1;2;1;1;3;330;11/07/2014
2014024385;5;2;3;1;7;330;11/07/2014
2014024386;1;2;3;1;6;330;12/07/2014
2014024387;5;2;1;1;2;330;14/07/2014
2014024388;1;2;3;1;3;330;15/07/2014
2014024389;1;2;2;1;1;330;16/07/2014
2014024390;1;2;2;1;3;330;04/07/2014
2014024391;1;2;3;1;6;330;16/07/2014
2014024392;1;2;3;1;3;330;16/07/2014
2014024393;1;2;1;1;6;330;16/07/2014
2014024394;1;2;2;1;3;330;16/07/2014
2014024395;4;2;1;1;6;330;17/07/2014
2014024396;5;2;3;1;6;330;17/07/2014
2014024397;5;2;1;1;3;330;18/07/2014
2014024398;1;2;2;1;6;330;18/07/2014
2014024399;1;2;2;1;2;330;19/07/2014
2014024400;1;2;2;1;6;330;19/07/2014
2014024401;1;2;1;1;6;330;19/07/2014
2014024402;1;2;1;2;4;330;20/07/2014
2014024403;1;2;4;1;2;330;21/07/2014
2014024404;1;2;3;1;3;330;21/07/2014
2014024405;1;2;4;1;5;330;17/07/2014
2014024406;1;2;3;1;1;330;22/07/2014
2014024407;1;2;1;1;6;330;25/07/2014
2014024408;2;2;3;5;3;330;26/07/2014
2014024409;1;2;2;5;3;330;26/07/2014
2014024410;5;2;1;1;6;330;26/07/2014
2014024411;1;2;3;1;4;330;26/07/2014
2014024412;1;2;6;1;3;330;24/07/2014
2014024413;1;2;1;1;3;330;26/07/2014
2014024414;1;2;3;1;2;330;27/07/2014
2014024415;5;2;4;1;3;330;26/07/2014
2014024416;5;2;3;1;3;330;27/07/2014
2014024417;1;2;1;1;3;330;29/07/2014
2014024418;1;2;3;1;3;330;29/07/2014
2014024419;4;1;3;1;2;330;30/07/2014
2014024420;1;2;3;1;3;330;30/07/2014
2014024421;1;2;1;1;1;330;31/07/2014
2014024422;1;2;3;1;3;330;31/07/2014
2014024423;1;2;1;1;6;330;01/08/2014
2014024424;1;2;1;1;4;330;01/08/2014
2014024425;1;2;6;1;2;330;02/08/2014
2014024426;5;2;5;1;6;330;03/08/2014
2014024427;5;2;2;2;7;330;03/08/2014
2014024428;2;2;2;1;6;330;03/08/2014
2014024429;1;2;2;1;3;330;04/08/2014
2014024430;1;2;2;1;6;330;05/08/2014
2014024431;1;2;4;1;3;330;05/08/2014
2014024432;1;2;1;1;3;330;16/07/2014
2014024433;2;2;3;1;3;330;05/08/2014
2014024434;1;2;1;1;3;330;06/08/2014
2014024435;1;2;2;1;3;330;06/08/2014
2014024436;1;2;4;1;3;330;07/08/2014
2014024437;5;2;1;1;7;330;08/08/2014
2014024438;1;2;3;2;3;330;08/08/2014
2014024439;1;2;1;1;5;330;08/08/2014
2014024440;1;2;2;1;6;330;08/08/2014
2014024441;1;2;1;1;5;330;08/08/2014
2014024442;1;2;1;1;2;330;09/08/2014
2014024443;1;2;1;1;6;330;10/08/2014
2014024444;5;2;4;1;3;330;11/08/2014
2014024445;5;2;1;1;3;330;11/08/2014
2014024446;1;2;2;2;2;330;13/08/2014
2014024447;1;2;3;1;6;330;13/08/2014
2014024448;1;2;1;1;3;330;14/08/2014
2014024449;1;2;2;1;3;330;14/08/2014
2014024450;5;2;1;2;6;330;14/08/2014
2014024451;1;2;2;1;3;330;15/08/2014
2014024452;1;2;1;1;6;330;17/08/2014
2014024453;1;2;2;1;3;330;18/08/2014
2014024454;5;2;3;1;6;330;18/08/2014
2014024455;1;2;1;1;3;330;19/08/2014
2014024456;1;2;6;1;3;330;20/08/2014
2014024457;1;2;6;1;3;330;20/08/2014
2014024458;1;2;3;1;6;330;20/08/2014