num_acc;lum;agg;inter;atm;col;dep;date
2014024459;1;2;1;1;2;330;20/08/2014
2014024460;1;2;2;1;6;330;21/08/2014
2014024461;1;2;1;1;1;330;22/08/2014
2014024462;1;2;3;1;6;330;21/08/2014
2014024463;1;2;1;1;2;330;22/08/2014
2014024464;1;2;3;1;3;330;22/08/2014
2014024465;1;2;3;1;3;330;23/08/2014
2014024466;1;2;4;1;3;330;23/08/2014
2014024467;1;2;1;1;3;330;23/08/2014
2014024468;1;2;2;1;3;330;25/08/2014
2014024469;1;2;2;1;2;330;25/08/2014
2014024470;1;2;1;2;7;330;26/08/2014
2014024471;1;2;1;2;4;330;26/08/2014
2014024472;1;2;1;2;1;330;26/08/2014
2014024473;1;2;2;1;3;330;22/08/2014
2014024474;1;2;1;1;6;330;27/08/2014
2014024475;1;2;6;1;3;330;27/08/2014
2014024476;1;2;3;1;2;330;28/08/2014
2014024477;1;2;3;1;6;330;28/08/2014
2014024478;1;2;3;1;6;330;28/08/2014
2014024479;5;2;1;3;7;330;29/08/2014
2014024480;1;2;3;1;3;330;30/08/2014
2014024481;1;2;1;1;2;330;30/08/2014
2014024482;1;2;3;1;6;330;30/08/2014
2014024483;1;2;3;1;6;330;31/08/2014
2014024484;3;1;4;1;7;330;31/08/2014
2014024485;1;2;2;1;3;330;02/09/2014
2014024486;1;2;4;7;3;330;03/09/2014
2014024487;1;2;3;1;6;330;03/09/2014
2014024488;5;2;3;1;6;330;03/09/2014
2014024489;1;2;2;1;3;330;02/09/2014
2014024490;1;2;3;1;3;330;04/09/2014
2014024491;1;2;6;1;3;330;04/09/2014
2014024492;1;2;2;1;3;330;04/09/2014
2014024493;1;2;1;1;3;330;04/09/2014
2014024494;1;2;3;1;1;330;04/09/2014
2014024495;1;2;6;1;3;330;04/09/2014
2014024496;1;2;3;1;6;330;04/09/2014
2014024497;1;2;1;1;3;330;04/09/2014
2014024498;1;2;3;1;6;330;04/09/2014
2014024499;1;2;6;1;3;330;05/09/2014
2014024500;1;2;3;1;3;330;05/09/2014
2014024501;1;2;2;1;6;330;05/09/2014
2014024502;1;2;3;1;3;330;05/09/2014
2014024503;1;2;2;1;3;330;05/09/2014
2014024504;5;2;1;1;6;330;07/09/2014
2014024505;5;2;5;1;3;330;08/09/2014
2014024506;1;2;1;1;7;330;06/09/2014
2014024507;1;2;2;1;6;330;08/09/2014
2014024508;1;2;4;1;3;330;08/09/2014
2014024509;1;2;2;1;3;330;08/09/2014
2014024510;1;2;2;1;1;330;08/09/2014
2014024511;1;2;6;1;6;330;08/09/2014
2014024512;1;2;1;1;3;330;08/09/2014
2014024513;1;2;3;1;3;330;08/09/2014
2014024514;1;2;1;1;2;330;09/09/2014
2014024515;1;2;1;1;3;330;09/09/2014
2014024516;1;2;3;1;3;330;09/09/2014
2014024517;1;2;6;1;3;330;09/09/2014
2014024518;5;2;1;1;3;330;09/09/2014
2014024519;5;2;1;1;5;330;09/09/2014
2014024520;1;2;3;1;6;330;10/09/2014
2014024521;1;2;1;1;3;330;10/09/2014
2014024522;1;2;3;1;1;330;10/09/2014
2014024523;1;2;2;1;3;330;10/09/2014
2014024524;1;2;1;1;2;330;11/09/2014
2014024525;2;2;2;1;5;330;10/09/2014
2014024526;5;2;1;1;6;330;12/09/2014
2014024527;2;2;1;1;3;330;12/09/2014
2014024528;1;2;2;1;1;330;12/09/2014
2014024529;1;2;2;1;3;330;12/09/2014
2014024530;1;2;1;1;2;330;12/09/2014
2014024531;1;2;2;1;3;330;13/09/2014
2014024532;1;2;6;1;1;330;13/09/2014
2014024533;1;2;2;1;3;330;13/09/2014
2014024534;1;2;3;1;3;330;12/09/2014
2014024535;1;2;3;1;1;330;13/09/2014
2014024536;1;2;6;1;2;330;13/09/2014
2014024537;5;2;2;1;3;330;13/09/2014
2014024538;4;2;6;1;3;330;13/09/2014
2014024539;5;2;4;1;3;330;14/09/2014
2014024540;5;2;1;1;2;330;15/09/2014
2014024541;1;1;1;1;3;330;15/09/2014
2014024542;1;2;3;1;3;330;15/09/2014
2014024543;2;2;3;1;5;330;23/08/2014
2014024544;1;2;1;1;3;330;16/09/2014
2014024545;1;2;3;1;6;330;16/09/2014
2014024546;1;2;2;1;3;330;16/09/2014
2014024547;1;2;1;1;3;330;16/09/2014
2014024548;1;1;3;1;3;330;17/09/2014
2014024549;5;2;3;1;1;330;17/09/2014
2014024550;1;2;4;1;7;330;18/09/2014
2014024551;1;2;1;1;3;330;18/09/2014
2014024552;1;2;3;1;6;330;18/09/2014
2014024553;1;2;1;1;1;330;18/09/2014
2014024554;1;2;6;1;7;330;18/09/2014
2014024555;1;2;1;2;3;330;18/09/2014
2014024556;1;2;2;1;3;330;19/09/2014
2014024557;1;2;3;1;2;330;19/09/2014
2014024558;1;2;6;1;6;330;19/09/2014
2014024559;5;2;2;1;3;330;19/09/2014
2014024560;5;2;2;1;7;330;20/09/2014
2014024561;1;2;3;1;1;330;21/09/2014
2014024562;1;2;3;1;3;330;21/09/2014
2014024563;1;2;2;1;1;330;15/09/2014
2014024564;1;2;6;1;3;330;22/09/2014
2014024565;1;2;3;1;2;330;22/09/2014
2014024566;1;2;2;1;6;330;22/09/2014
2014024567;5;2;6;1;3;330;20/09/2014
2014024568;1;2;2;1;3;330;23/09/2014
2014024569;1;2;6;1;3;330;23/09/2014
2014024570;1;2;3;1;2;330;23/09/2014
2014024571;1;2;5;1;3;330;23/09/2014
2014024572;1;2;3;1;6;330;23/09/2014
2014024573;1;2;1;1;6;330;23/09/2014
2014024574;1;2;3;1;3;330;23/09/2014
2014024575;5;2;1;1;6;330;23/09/2014
2014024576;5;2;2;1;2;330;24/09/2014
2014024577;1;2;1;1;3;330;23/09/2014
2014024578;1;2;1;1;2;330;24/09/2014
2014024579;1;2;2;1;3;330;24/09/2014
2014024580;1;2;3;1;3;330;24/09/2014
2014024581;1;2;3;1;6;330;24/09/2014
2014024582;1;2;2;1;3;330;24/09/2014
2014024583;1;2;1;1;3;330;24/09/2014
2014024584;1;2;2;1;6;330;23/09/2014
2014024585;1;2;3;1;1;330;25/09/2014
2014024586;1;2;3;1;3;330;25/09/2014
2014024587;5;2;2;1;3;330;26/09/2014
2014024588;2;2;1;1;5;330;26/09/2014
2014024589;1;2;1;1;5;330;26/09/2014
2014024590;1;2;1;1;6;330;26/09/2014
2014024591;1;2;2;1;3;330;26/09/2014
2014024592;1;2;3;1;3;330;26/09/2014
2014024593;1;2;6;1;3;330;26/09/2014
2014024594;1;2;1;1;2;330;26/09/2014
2014024595;2;2;1;1;3;330;26/09/2014
2014024596;5;2;6;1;7;330;27/09/2014
2014024597;2;2;1;1;6;330;26/09/2014
2014024598;1;2;4;1;3;330;27/09/2014
2014024599;1;2;2;1;6;330;29/09/2014
2014024600;1;2;6;1;2;330;29/09/2014
2014024601;1;2;1;1;1;330;29/09/2014
2014024602;1;2;1;1;5;330;29/09/2014
2014024603;1;2;8;1;3;330;29/09/2014
2014024604;1;2;6;1;3;330;30/09/2014
2014024605;1;2;2;1;3;330;30/09/2014
2014024606;1;2;6;1;3;330;30/09/2014
2014024607;1;2;1;1;6;330;30/09/2014
2014024608;1;2;1;1;7;330;30/09/2014
2014024609;1;2;2;1;3;330;01/10/2014
2014024610;1;2;3;1;6;330;01/10/2014
2014024611;1;2;2;1;2;330;01/10/2014
2014024612;1;2;6;1;3;330;01/10/2014
2014024613;5;2;1;1;3;330;01/10/2014
2014024614;5;2;1;1;7;330;01/10/2014
2014024615;1;2;2;1;3;330;27/09/2014
2014024616;1;2;2;1;3;330;02/10/2014
2014024617;1;2;4;1;6;330;02/10/2014
2014024618;1;2;2;1;3;330;02/10/2014
2014024619;1;2;6;1;3;330;02/10/2014
2014024620;1;2;2;1;3;330;02/10/2014
2014024621;1;2;3;1;3;330;03/10/2014
2014024622;1;2;1;1;6;330;03/10/2014
2014024623;5;2;6;1;3;330;03/10/2014
2014024624;5;2;2;1;3;330;03/10/2014
2014024625;1;2;6;1;5;330;03/10/2014
2014024626;1;2;2;1;3;330;04/10/2014
2014024627;1;2;3;1;1;330;05/10/2014
2014024628;1;2;2;1;3;330;05/10/2014
2014024629;1;2;5;1;3;330;05/10/2014
2014024630;1;2;6;1;2;330;06/10/2014
2014024631;1;2;4;1;6;330;06/10/2014
2014024632;1;2;5;1;3;330;06/10/2014
2014024633;1;2;1;1;6;330;02/10/2014
2014024634;1;2;3;1;3;330;06/10/2014
2014024635;5;2;6;1;7;330;04/10/2014
2014024636;1;2;1;2;3;330;06/10/2014
2014024637;1;2;2;1;3;330;07/10/2014
2014024638;1;2;1;1;7;330;07/10/2014
2014024639;1;2;1;1;4;330;07/10/2014
2014024640;1;2;2;8;3;330;08/10/2014
2014024641;1;2;6;1;1;330;08/10/2014
2014024642;1;2;3;1;6;330;03/10/2014
2014024643;1;2;3;1;6;330;08/10/2014
2014024644;1;2;1;1;6;330;08/10/2014
2014024645;1;2;3;1;6;330;08/10/2014
2014024646;1;2;3;1;3;330;08/10/2014
2014024647;5;2;6;1;7;330;08/10/2014
2014024648;2;2;1;3;3;330;09/10/2014
2014024649;5;2;1;1;7;330;09/10/2014
2014024650;1;2;2;1;3;330;09/10/2014
2014024651;1;2;1;1;1;330;10/10/2014
2014024652;1;2;6;1;3;330;10/10/2014
2014024653;1;2;2;1;3;330;11/10/2014
2014024654;5;2;3;1;2;330;11/10/2014
2014024655;4;1;3;1;6;330;12/10/2014
2014024656;1;2;1;1;3;330;13/10/2014
2014024657;1;2;1;1;2;330;12/10/2014
2014024658;1;2;1;1;4;330;13/10/2014
2014024659;1;2;2;1;6;330;13/10/2014
2014024660;1;2;1;1;2;330;14/10/2014
2014024661;1;2;3;1;6;330;14/10/2014
2014024662;1;2;3;1;3;330;14/10/2014
2014024663;5;2;3;1;3;330;14/10/2014
2014024664;1;2;1;1;6;330;15/10/2014
2014024665;1;2;2;1;3;330;15/10/2014
2014024666;1;2;3;1;3;330;15/10/2014
2014024667;1;2;1;1;3;330;15/10/2014
2014024668;1;2;2;1;3;330;15/10/2014
2014024669;5;2;4;1;3;330;15/10/2014
2014024670;5;2;2;1;6;330;15/10/2014
2014024671;1;2;1;1;3;330;15/10/2014
2014024672;2;2;1;2;6;330;16/10/2014
2014024673;1;2;3;2;3;330;16/10/2014
2014024674;5;2;2;2;6;330;16/10/2014
2014024675;3;2;1;1;2;330;16/10/2014
2014024676;1;2;2;1;6;330;17/10/2014
2014024677;1;2;1;1;3;330;17/10/2014
2014024678;5;2;3;1;1;330;18/10/2014
2014024679;1;2;6;1;6;330;18/10/2014
2014024680;1;2;2;1;3;330;18/10/2014
2014024681;5;2;3;1;3;330;18/10/2014
2014024682;3;2;1;1;3;330;19/10/2014
2014024683;1;2;2;1;3;330;19/10/2014
2014024684;1;2;1;1;3;330;19/10/2014
2014024685;2;2;1;1;3;330;18/10/2014
2014024686;5;2;1;1;7;330;20/10/2014
2014024687;1;2;3;1;3;330;20/10/2014
2014024688;2;2;1;1;7;330;21/10/2014
2014024689;1;2;3;1;3;330;21/10/2014
2014024690;1;2;6;1;3;330;21/10/2014
2014024691;1;2;1;2;6;330;21/10/2014
2014024692;2;2;2;1;3;330;22/10/2014
2014024693;1;2;2;1;6;330;22/10/2014
2014024694;1;2;1;1;3;330;22/10/2014
2014024695;1;2;1;1;6;330;22/10/2014
2014024696;1;2;3;1;3;330;22/10/2014
2014024697;1;2;2;1;3;330;17/10/2014
2014024698;1;2;1;1;3;330;22/10/2014
2014024699;5;2;3;2;2;330;22/10/2014
2014024700;5;2;1;1;7;330;23/10/2014
2014024701;2;2;4;1;3;330;23/10/2014
2014024702;1;2;2;1;3;330;23/10/2014
2014024703;1;2;6;1;2;330;22/10/2014
2014024704;1;2;1;1;3;330;23/10/2014
2014024705;5;2;6;1;3;330;23/10/2014
2014024706;5;2;3;1;7;330;23/10/2014
2014024707;1;2;1;1;2;330;23/10/2014
2014024708;1;2;6;1;3;330;24/10/2014
2014024709;5;2;2;1;3;330;24/10/2014
2014024710;5;2;3;1;6;330;25/10/2014
2014024711;2;2;6;1;3;330;25/10/2014
2014024712;1;2;2;1;3;330;25/10/2014
2014024713;1;2;1;1;2;330;25/10/2014
2014024714;5;2;2;1;6;330;25/10/2014
2014024715;5;2;2;1;6;330;26/10/2014
2014024716;1;2;1;1;2;330;24/10/2014
2014024717;1;2;1;1;6;330;26/10/2014
2014024718;5;2;1;1;4;330;26/10/2014
2014024719;1;2;1;1;6;330;27/10/2014
2014024720;5;2;3;1;3;330;27/10/2014
2014024721;5;2;2;1;3;330;27/10/2014
2014024722;1;1;1;1;3;330;28/10/2014
2014024723;1;2;3;1;3;330;28/10/2014
2014024724;1;2;2;1;1;330;28/10/2014
2014024725;1;2;1;1;3;330;29/10/2014
2014024726;1;2;2;1;3;330;29/10/2014
2014024727;1;2;3;1;6;330;29/10/2014
2014024728;1;2;1;1;6;330;29/10/2014
2014024729;1;2;3;1;3;330;29/10/2014
2014024730;5;2;6;1;7;330;29/10/2014
2014024731;1;2;3;1;6;330;30/10/2014
2014024732;1;2;1;1;3;330;30/10/2014
2014024733;5;2;3;1;6;330;30/10/2014
2014024734;1;2;1;1;2;330;30/10/2014
2014024735;1;2;6;1;3;330;31/10/2014
2014024736;1;2;1;1;3;330;31/10/2014
2014024737;1;2;3;1;3;330;31/10/2014
2014024738;5;2;1;1;3;330;31/10/2014
2014024739;1;2;1;1;3;330;01/11/2014
2014024740;1;2;4;1;1;330;01/11/2014
2014024741;1;2;1;1;2;330;01/11/2014
2014024742;1;2;2;1;3;330;01/11/2014
2014024743;5;2;1;1;6;330;01/11/2014
2014024744;1;2;1;1;6;330;01/11/2014
2014024745;1;2;1;2;7;330;03/11/2014
2014024746;1;2;1;1;3;330;04/11/2014
2014024747;2;2;3;2;5;330;04/11/2014
2014024748;1;2;2;1;3;330;05/11/2014
2014024749;1;2;3;1;1;330;05/11/2014
2014024750;5;2;3;1;3;330;05/11/2014
2014024751;5;2;3;1;2;330;05/11/2014
2014024752;5;2;2;1;3;330;06/11/2014
2014024753;5;2;1;1;6;330;06/11/2014
2014024754;1;2;2;1;6;330;06/11/2014
2014024755;1;2;3;1;3;330;06/11/2014
2014024756;5;2;3;1;5;330;06/11/2014
2014024757;1;2;3;1;3;330;06/11/2014
2014024758;1;2;6;2;6;330;07/11/2014
2014024759;5;2;3;2;3;330;05/11/2014
2014024760;1;2;2;1;3;330;07/11/2014
2014024761;1;2;1;1;1;330;07/11/2014
2014024762;2;2;6;1;6;330;08/11/2014
2014024763;5;2;3;1;3;330;07/11/2014
2014024764;5;2;3;1;2;330;07/11/2014
2014024765;5;2;1;2;1;330;09/11/2014
2014024766;1;2;6;1;6;330;10/11/2014
2014024767;4;2;1;2;3;330;04/11/2014
2014024768;1;2;3;1;3;330;06/11/2014
2014024769;1;2;2;1;3;330;10/11/2014
2014024770;1;2;4;1;2;330;10/11/2014
2014024771;5;2;3;1;3;330;10/11/2014
2014024772;1;2;2;1;3;330;10/11/2014
2014024773;5;2;1;3;6;330;12/11/2014
2014024774;2;2;2;3;3;330;12/11/2014
2014024775;1;2;2;1;2;330;12/11/2014
2014024776;1;2;3;1;3;330;12/11/2014
2014024777;2;2;1;2;5;330;12/11/2014
2014024778;5;2;1;2;2;330;12/11/2014
2014024779;5;2;2;1;3;330;12/11/2014
2014024780;1;2;3;1;3;330;13/11/2014
2014024781;1;2;6;1;2;330;13/11/2014
2014024782;1;2;3;1;1;330;13/11/2014
2014024783;5;2;3;1;1;330;13/11/2014
2014024784;5;2;2;1;3;330;13/11/2014
2014024785;5;2;3;1;3;330;13/11/2014
2014024786;5;2;3;1;6;330;13/11/2014
2014024787;1;2;2;2;2;330;13/11/2014
2014024788;1;2;3;1;4;330;13/11/2014
2014024789;5;2;2;2;3;330;12/11/2014
2014024790;5;2;2;1;3;330;13/11/2014
2014024791;1;2;3;1;3;330;14/11/2014
2014024792;2;2;1;1;6;330;14/11/2014
2014024793;5;2;2;2;3;330;14/11/2014
2014024794;5;2;2;5;6;330;14/11/2014
2014024795;5;2;3;1;3;330;15/11/2014
2014024796;1;2;6;3;3;330;15/11/2014
2014024797;5;2;1;3;2;330;15/11/2014
2014024798;1;2;2;2;3;330;15/11/2014
2014024799;5;2;2;3;6;330;16/11/2014
2014024800;5;2;1;2;7;330;17/11/2014
2014024801;1;2;2;8;6;330;14/11/2014
2014024802;1;2;1;2;2;330;17/11/2014
2014024803;1;2;1;1;2;330;17/11/2014
2014024804;5;2;2;1;6;330;13/11/2014
2014024805;1;2;3;8;3;330;14/11/2014
2014024806;5;2;6;3;3;330;14/11/2014
2014024807;1;2;3;1;6;330;18/11/2014
2014024808;1;2;2;1;3;330;18/11/2014
2014024809;2;2;2;1;2;330;18/11/2014
2014024810;1;2;2;1;4;330;18/11/2014
2014024811;5;2;4;1;3;330;18/11/2014
2014024812;5;2;1;1;3;330;18/11/2014
2014024813;5;2;3;1;6;330;19/11/2014
2014024814;5;2;2;1;3;330;19/11/2014
2014024815;5;2;1;1;3;330;19/11/2014
2014024816;5;2;1;1;6;330;18/11/2014
2014024817;1;2;1;1;6;330;19/11/2014
2014024818;1;2;2;1;6;330;19/11/2014
2014024819;1;2;1;1;6;330;20/11/2014
2014024820;1;2;1;1;6;330;20/11/2014
2014024821;2;1;3;1;1;330;20/11/2014
2014024822;3;2;1;1;5;330;20/11/2014
2014024823;2;1;1;1;2;330;21/11/2014
2014024824;5;2;6;1;3;330;20/11/2014
2014024825;1;2;2;1;6;330;21/11/2014
2014024826;5;2;2;1;3;330;21/11/2014
2014024827;5;2;3;1;3;330;21/11/2014
2014024828;1;2;6;1;3;330;22/11/2014
2014024829;5;2;3;1;1;330;21/11/2014
2014024830;1;2;1;1;3;330;22/11/2014
2014024831;5;2;2;1;3;330;22/11/2014
2014024832;5;2;2;1;3;330;23/11/2014
2014024833;2;2;3;2;6;330;24/11/2014
2014024834;1;2;1;1;6;330;19/11/2014
2014024835;5;2;2;1;1;330;25/11/2014
2014024836;1;2;2;2;3;330;25/11/2014
2014024837;5;2;3;8;3;330;25/11/2014
2014024838;5;2;1;2;6;330;26/11/2014
2014024839;5;2;6;1;3;330;24/11/2014
2014024840;1;2;3;1;3;330;26/11/2014
2014024841;1;2;1;1;2;330;26/11/2014
2014024842;2;2;2;2;3;330;26/11/2014
2014024843;5;2;3;2;1;330;26/11/2014
2014024844;5;2;1;2;7;330;26/11/2014
2014024845;1;2;6;2;3;330;24/11/2014
2014024846;1;2;1;1;6;330;27/11/2014
2014024847;5;2;3;1;6;330;28/11/2014
2014024848;1;2;1;2;2;330;29/11/2014
2014024849;1;2;4;2;2;330;29/11/2014
2014024850;5;2;1;2;7;330;30/11/2014
2014024851;2;2;6;1;3;330;01/12/2014
2014024852;1;2;2;1;5;330;02/12/2014
2014024853;1;2;2;1;3;330;02/12/2014
2014024854;2;1;3;1;4;330;03/12/2014
2014024855;1;2;1;1;3;330;03/12/2014
2014024856;5;2;2;1;3;330;04/12/2014
2014024857;5;2;1;2;3;330;04/12/2014
2014024858;4;2;1;1;7;330;04/12/2014
2014024859;5;2;3;1;7;330;05/12/2014
2014024860;5;2;9;1;6;330;04/12/2014
2014024861;1;2;4;1;6;330;05/12/2014
2014024862;5;2;2;1;3;330;07/12/2014
2014024863;5;2;1;1;6;330;06/12/2014
2014024864;5;2;2;2;6;330;07/12/2014
2014024865;1;2;3;1;3;330;05/12/2014
2014024866;1;2;6;1;3;330;08/12/2014
2014024867;1;2;4;2;3;330;08/12/2014
2014024868;5;2;6;1;3;330;08/12/2014
2014024869;5;2;1;1;7;330;08/12/2014
2014024870;2;2;1;1;6;330;09/12/2014
2014024871;2;2;1;1;3;330;09/12/2014
2014024872;2;2;3;1;6;330;08/12/2014
2014024873;2;2;1;1;4;330;10/12/2014
2014024874;1;2;6;2;3;330;10/12/2014
2014024875;1;2;3;2;6;330;10/12/2014
2014024876;1;2;3;2;3;330;10/12/2014
2014024877;5;2;1;2;6;330;10/12/2014
2014024878;5;2;1;1;6;330;11/12/2014
2014024879;5;2;3;2;3;330;11/12/2014
2014024880;1;2;3;1;3;330;11/12/2014
2014024881;1;2;1;1;6;330;11/12/2014
2014024882;5;2;3;1;2;330;11/12/2014
2014024883;5;2;6;1;3;330;11/12/2014
2014024884;5;2;6;1;6;330;12/12/2014
2014024885;1;2;6;1;1;330;12/12/2014
2014024886;1;2;1;1;6;330;12/12/2014
2014024887;2;2;2;1;3;330;13/12/2014
2014024888;1;2;2;1;2;330;13/12/2014
2014024889;5;2;2;1;5;330;14/12/2014
2014024890;1;2;2;1;3;330;15/12/2014
2014024891;1;2;1;1;6;330;16/12/2014
2014024892;5;2;2;2;3;330;16/12/2014
2014024893;5;2;1;2;3;330;17/12/2014
2014024894;1;2;1;2;6;330;18/12/2014
2014024895;5;2;3;1;6;330;19/12/2014
2014024896;1;2;3;2;3;330;19/12/2014
2014024897;1;2;6;2;3;330;19/12/2014
2014024898;5;2;1;1;3;330;19/12/2014
2014024899;5;2;4;3;7;330;20/12/2014
2014024900;5;2;3;1;3;330;20/12/2014
2014024901;5;2;2;1;3;330;21/12/2014
2014024902;5;2;1;1;7;330;21/12/2014
2014024903;1;2;1;1;3;330;22/12/2014
2014024904;1;2;6;1;3;330;22/12/2014
2014024905;5;2;1;1;1;330;20/12/2014
2014024906;5;2;1;5;6;330;24/12/2014
2014024907;5;2;1;1;6;330;23/12/2014
2014024908;5;2;3;2;3;330;24/12/2014
2014024909;1;2;1;2;1;330;25/12/2014
2014024910;5;2;2;5;3;330;24/12/2014
2014024911;1;2;1;1;3;330;26/12/2014
2014024912;5;2;6;3;1;330;26/12/2014
2014024913;5;2;6;1;6;330;26/12/2014
2014024914;5;2;6;3;6;330;27/12/2014
2014024915;5;2;4;3;6;330;27/12/2014
2014024916;1;2;3;1;3;330;28/12/2014
2014024917;1;2;2;1;3;330;30/12/2014
2014024918;1;2;9;1;1;330;31/12/2014
2014024919;3;1;2;2;3;490;04/01/2014
2014024920;4;2;7;1;6;490;06/01/2014
2014024921;3;1;1;5;1;490;20/01/2014
2014024922;3;1;1;8;6;490;01/03/2014
2014024923;1;1;1;1;6;490;06/03/2014
2014024924;1;1;1;1;7;490;08/07/2014
2014024925;5;2;1;1;3;490;17/07/2014
2014024926;1;1;1;1;1;180;16/04/2014
2014024927;3;1;1;1;6;180;19/04/2014
2014024928;1;1;1;2;1;180;08/07/2014
2014024929;1;2;3;1;3;180;15/07/2014
2014024930;3;1;1;1;7;180;28/09/2014
2014024931;3;2;1;1;6;180;09/10/2014
2014024932;1;2;6;1;1;180;03/12/2014
2014024933;5;2;1;1;1;60;06/01/2014
2014024934;1;1;1;1;1;60;10/01/2014
2014024935;1;2;1;1;3;60;28/01/2014
2014024936;1;2;1;1;3;60;24/02/2014
2014024937;1;2;1;1;1;60;08/03/2014
2014024938;5;2;1;1;6;60;25/04/2014
2014024939;1;1;1;1;1;60;22/05/2014
2014024940;1;2;1;1;1;60;21/05/2014
2014024941;1;2;1;1;3;60;15/07/2014
2014024942;1;2;1;1;1;60;28/07/2014
2014024943;1;2;1;1;3;60;02/08/2014
2014024944;1;2;1;1;2;60;08/08/2014
2014024945;1;1;1;1;1;60;10/08/2014
2014024946;2;2;1;1;5;60;20/08/2014
2014024947;1;1;1;1;3;60;12/09/2014
2014024948;1;1;1;1;5;60;27/09/2014
2014024949;1;2;1;1;6;60;17/10/2014
2014024950;5;2;6;1;6;60;13/12/2014
2014024951;1;1;6;7;3;60;24/12/2014
2014024952;1;2;1;1;6;340;23/01/2014
2014024953;5;2;9;2;3;340;24/01/2014
2014024954;1;2;1;1;1;340;17/02/2014
2014024955;3;1;1;1;5;340;12/03/2014
2014024956;1;2;6;1;3;340;15/04/2014
2014024957;5;2;1;1;1;340;30/05/2014
2014024958;1;2;1;1;2;340;26/06/2014
2014024959;1;2;1;2;3;340;04/07/2014
2014024960;1;1;1;1;6;340;24/07/2014
2014024961;1;2;1;1;3;340;30/07/2014
2014024962;1;2;1;1;6;340;01/08/2014
2014024963;1;2;1;1;3;340;10/08/2014
2014024964;1;2;1;1;2;340;27/08/2014
2014024965;3;1;1;1;3;340;30/08/2014
2014024966;1;2;1;1;6;340;06/09/2014
2014024967;1;2;1;1;3;340;28/09/2014
2014024968;5;1;1;1;6;340;12/10/2014
2014024969;5;2;1;1;7;340;04/11/2014
2014024970;5;2;1;1;6;340;10/11/2014
2014024971;1;1;1;1;3;340;02/12/2014
2014024972;1;2;1;1;1;340;27/12/2014
2014024973;1;2;6;9;3;340;05/01/2014
2014024974;1;2;1;9;2;340;10/01/2014
2014024975;3;2;1;9;7;340;15/01/2014
2014024976;5;2;2;9;7;340;14/01/2014
2014024977;1;2;1;9;7;340;20/01/2014
2014024978;1;2;1;9;2;340;23/01/2014
2014024979;5;2;1;9;6;340;25/01/2014
2014024980;1;2;1;9;6;340;26/01/2014
2014024981;1;2;1;9;6;340;31/01/2014
2014024982;1;1;1;1;1;340;06/02/2014
2014024983;1;1;1;1;3;340;09/02/2014
2014024984;3;1;1;1;1;340;16/02/2014
2014024985;5;2;1;1;6;340;04/02/2014
2014024986;1;2;1;1;7;340;31/01/2014
2014024987;2;1;1;1;7;340;07/03/2014
2014024988;1;2;1;1;7;340;21/03/2014
2014024989;1;1;1;1;7;340;22/03/2014
2014024990;1;1;1;1;2;340;27/03/2014
2014024991;2;2;2;1;3;340;31/03/2014
2014024992;1;1;1;1;7;340;15/04/2014
2014024993;1;2;1;1;7;340;15/04/2014
2014024994;1;2;1;1;6;340;21/04/2014
2014024995;1;1;1;1;1;340;28/04/2014
2014024996;5;2;9;9;3;340;11/05/2014
2014024997;1;2;1;9;7;340;13/05/2014
2014024998;1;2;1;1;2;340;14/05/2014
2014024999;1;1;1;9;1;340;24/05/2014
2014025000;1;1;1;1;3;340;01/06/2014
2014025001;1;1;1;1;7;340;01/06/2014
2014025002;5;2;3;1;3;340;30/05/2014
2014025003;1;2;3;9;3;340;26/06/2014
2014025004;1;2;1;1;7;340;27/06/2014
2014025005;1;2;9;1;7;340;29/06/2014
2014025006;1;1;1;1;2;340;16/07/2014
2014025007;2;2;3;1;3;340;17/07/2014
2014025008;1;1;1;1;2;340;11/08/2014
2014025009;1;2;9;9;3;340;23/08/2014
2014025010;1;2;6;1;7;340;01/09/2014
2014025011;1;2;2;9;7;340;25/09/2014
2014025012;1;1;1;1;1;340;27/09/2014
2014025013;5;1;1;9;1;340;01/11/2014
2014025014;1;2;1;1;6;340;14/11/2014
2014025015;3;1;1;1;1;340;16/11/2014
2014025016;1;2;1;1;7;340;01/12/2014
2014025017;1;2;1;1;7;340;04/12/2014
2014025018;4;2;1;1;7;340;09/12/2014
2014025019;5;2;1;1;2;340;11/12/2014
2014025020;5;2;1;1;7;340;29/12/2014
2014025021;5;2;1;2;7;340;01/01/2014
2014025022;1;2;6;1;3;340;01/01/2014
2014025023;1;2;1;1;1;340;02/01/2014
2014025024;1;2;2;1;3;340;02/01/2014
2014025025;1;2;1;8;7;340;04/01/2014
2014025026;1;2;3;1;3;340;06/01/2014
2014025027;1;2;1;1;3;340;06/01/2014
2014025028;1;2;1;8;2;340;07/01/2014
2014025029;1;2;1;8;7;340;07/01/2014
2014025030;1;2;2;2;3;340;08/01/2014
2014025031;5;2;1;8;6;340;08/01/2014
2014025032;5;2;2;1;3;340;08/01/2014
2014025033;2;2;3;8;6;340;09/01/2014
2014025034;5;2;3;8;6;340;09/01/2014
2014025035;5;2;1;1;1;340;11/01/2014
2014025036;1;2;1;8;3;340;11/01/2014
2014025037;5;2;3;1;1;340;11/01/2014
2014025038;4;2;1;2;3;340;13/01/2014