num_acc;lum;agg;inter;atm;col;dep;date
2014025039;5;2;1;2;2;340;13/01/2014
2014025040;5;2;1;1;6;340;14/01/2014
2014025041;1;2;1;1;2;340;14/01/2014
2014025042;1;2;3;1;7;340;15/01/2014
2014025043;1;2;1;2;2;340;16/01/2014
2014025044;5;2;1;1;3;340;16/01/2014
2014025045;1;2;1;1;2;340;17/01/2014
2014025046;5;2;1;1;3;340;18/01/2014
2014025047;5;2;2;1;3;340;18/01/2014
2014025048;1;2;1;2;3;340;18/01/2014
2014025049;1;2;1;1;2;340;18/01/2014
2014025050;1;2;1;8;7;340;19/01/2014
2014025051;5;2;2;1;3;340;20/01/2014
2014025052;1;2;1;1;3;340;23/01/2014
2014025053;1;2;6;1;2;340;23/01/2014
2014025054;1;2;1;2;6;340;24/01/2014
2014025055;1;2;1;8;7;340;24/01/2014
2014025056;5;2;2;1;3;340;24/01/2014
2014025057;1;2;3;8;3;340;25/01/2014
2014025058;1;2;3;1;3;340;27/01/2014
2014025059;5;2;1;1;2;340;28/01/2014
2014025060;5;2;1;1;6;340;30/01/2014
2014025061;1;2;2;1;3;340;31/01/2014
2014025062;5;2;2;1;3;340;01/02/2014
2014025063;1;1;1;1;5;340;02/02/2014
2014025064;1;2;2;1;6;340;03/02/2014
2014025065;1;2;3;1;1;340;04/02/2014
2014025066;2;2;2;1;3;340;04/02/2014
2014025067;1;2;2;1;3;340;04/02/2014
2014025068;5;2;1;1;7;340;04/02/2014
2014025069;1;2;1;8;3;340;05/02/2014
2014025070;1;2;1;1;1;340;07/02/2014
2014025071;1;2;1;1;6;340;11/02/2014
2014025072;1;2;3;1;5;340;12/02/2014
2014025073;1;2;1;1;6;340;12/02/2014
2014025074;1;2;1;1;3;340;13/02/2014
2014025075;1;2;1;1;7;340;14/02/2014
2014025076;1;2;3;1;3;340;14/02/2014
2014025077;1;2;3;1;2;340;15/02/2014
2014025078;5;2;1;1;3;340;15/02/2014
2014025079;5;2;3;2;7;340;16/02/2014
2014025080;3;1;1;8;2;340;16/02/2014
2014025081;1;2;1;1;2;340;17/02/2014
2014025082;1;2;1;1;6;340;19/02/2014
2014025083;1;2;1;1;6;340;20/02/2014
2014025084;1;2;2;1;6;340;20/02/2014
2014025085;1;2;1;1;3;340;21/02/2014
2014025086;5;2;1;1;3;340;23/02/2014
2014025087;1;2;3;8;3;340;24/02/2014
2014025088;1;2;1;2;7;340;25/02/2014
2014025089;1;2;2;1;3;340;26/02/2014
2014025090;5;2;3;1;3;340;26/02/2014
2014025091;5;2;1;1;7;340;26/02/2014
2014025092;1;2;2;8;3;340;27/02/2014
2014025093;1;2;2;1;3;340;27/02/2014
2014025094;5;2;1;1;1;340;28/02/2014
2014025095;5;2;1;1;7;340;02/03/2014
2014025096;1;2;2;1;1;340;02/03/2014
2014025097;1;2;1;1;2;340;02/03/2014
2014025098;1;2;1;1;3;340;03/03/2014
2014025099;1;2;1;1;7;340;05/03/2014
2014025100;1;2;2;1;1;340;05/03/2014
2014025101;1;2;1;1;3;340;06/03/2014
2014025102;1;2;9;1;3;340;07/03/2014
2014025103;2;2;1;1;7;340;07/03/2014
2014025104;5;1;1;1;2;340;09/03/2014
2014025105;1;2;9;1;4;340;10/03/2014
2014025106;1;2;1;1;3;340;10/03/2014
2014025107;1;2;1;1;4;340;14/03/2014
2014025108;5;1;9;1;3;340;14/03/2014
2014025109;1;2;3;1;3;340;15/03/2014
2014025110;5;2;2;1;3;340;15/03/2014
2014025111;1;2;9;1;6;340;17/03/2014
2014025112;1;2;1;1;3;340;15/03/2014
2014025113;1;2;3;1;6;340;18/03/2014
2014025114;1;2;2;1;1;340;18/03/2014
2014025115;1;2;1;1;1;340;19/03/2014
2014025116;1;2;1;1;3;340;19/03/2014
2014025117;5;2;1;1;2;340;19/03/2014
2014025118;5;2;1;8;7;340;21/03/2014
2014025119;1;2;1;2;7;340;22/03/2014
2014025120;1;2;1;1;4;340;23/03/2014
2014025121;5;2;3;1;3;340;23/03/2014
2014025122;1;2;1;1;2;340;24/03/2014
2014025123;1;2;2;1;7;340;26/03/2014
2014025124;1;2;1;1;7;340;27/03/2014
2014025125;1;2;1;1;3;340;28/03/2014
2014025126;1;2;1;1;2;340;28/03/2014
2014025127;5;1;1;1;6;340;29/03/2014
2014025128;1;2;3;1;7;340;29/03/2014
2014025129;1;2;3;1;3;340;30/03/2014
2014025130;1;2;1;1;3;340;30/03/2014
2014025131;1;2;1;1;3;340;31/03/2014
2014025132;1;2;1;1;3;340;01/04/2014
2014025133;3;1;1;1;3;340;02/04/2014
2014025134;1;2;1;2;3;340;01/04/2014
2014025135;1;2;1;8;7;340;01/04/2014
2014025136;1;2;2;1;3;340;04/04/2014
2014025137;1;2;1;1;3;340;04/04/2014
2014025138;5;2;1;1;6;340;06/04/2014
2014025139;1;2;1;1;1;340;06/04/2014
2014025140;5;2;4;1;7;340;09/04/2014
2014025141;1;2;3;1;5;340;10/04/2014
2014025142;1;2;1;1;5;340;10/04/2014
2014025143;1;2;1;1;4;340;10/04/2014
2014025144;1;2;1;1;7;340;11/04/2014
2014025145;1;2;1;1;7;340;11/04/2014
2014025146;1;2;1;1;7;340;01/04/2014
2014025147;1;2;2;1;3;340;12/04/2014
2014025148;5;2;1;1;6;340;12/04/2014
2014025149;1;1;1;1;3;340;13/04/2014
2014025150;1;2;1;1;6;340;14/04/2014
2014025151;1;2;1;1;4;340;14/04/2014
2014025152;1;2;9;1;6;340;16/04/2014
2014025153;1;2;1;1;2;340;16/04/2014
2014025154;1;2;1;1;6;340;16/04/2014
2014025155;1;2;1;1;6;340;17/04/2014
2014025156;1;2;3;1;3;340;17/04/2014
2014025157;1;2;1;1;7;340;17/04/2014
2014025158;1;2;2;1;3;340;18/04/2014
2014025159;1;2;1;1;3;340;18/04/2014
2014025160;1;2;1;1;7;340;22/04/2014
2014025161;1;2;1;2;2;340;22/04/2014
2014025162;1;2;3;1;5;340;23/04/2014
2014025163;1;2;1;1;2;340;24/04/2014
2014025164;1;2;1;2;7;340;25/04/2014
2014025165;1;2;1;2;5;340;25/04/2014
2014025166;1;2;1;1;5;340;26/04/2014
2014025167;5;2;1;2;3;340;26/04/2014
2014025168;1;2;1;1;4;340;28/04/2014
2014025169;1;2;3;1;3;340;28/04/2014
2014025170;1;2;1;1;6;340;03/05/2014
2014025171;5;2;1;1;7;340;04/05/2014
2014025172;1;1;1;1;7;340;05/05/2014
2014025173;1;1;1;1;7;340;04/05/2014
2014025174;1;2;1;8;2;340;06/05/2014
2014025175;1;2;1;1;2;340;06/05/2014
2014025176;1;2;1;8;3;340;06/05/2014
2014025177;1;2;1;8;7;340;08/05/2014
2014025178;1;2;1;1;2;340;09/05/2014
2014025179;1;2;1;1;2;340;09/05/2014
2014025180;1;2;4;1;3;340;09/05/2014
2014025181;1;2;3;1;2;340;10/05/2014
2014025182;1;2;1;1;3;340;11/05/2014
2014025183;1;2;1;1;6;340;12/05/2014
2014025184;1;2;1;1;2;340;14/05/2014
2014025185;1;2;1;1;2;340;14/05/2014
2014025186;1;2;2;1;3;340;14/05/2014
2014025187;1;2;7;1;3;340;15/05/2014
2014025188;1;2;1;1;3;340;15/05/2014
2014025189;5;2;2;1;3;340;16/05/2014
2014025190;5;2;1;1;6;340;16/05/2014
2014025191;1;2;3;1;2;340;16/05/2014
2014025192;1;2;1;1;7;340;16/05/2014
2014025193;1;2;1;1;7;340;16/05/2014
2014025194;1;2;1;1;3;340;17/05/2014
2014025195;1;2;1;1;6;340;18/05/2014
2014025196;1;2;1;2;3;340;19/05/2014
2014025197;1;2;1;8;2;340;20/05/2014
2014025198;1;2;1;8;6;340;20/05/2014
2014025199;5;2;1;2;7;340;22/05/2014
2014025200;5;2;1;1;7;340;23/05/2014
2014025201;1;2;3;1;3;340;23/05/2014
2014025202;1;2;1;8;3;340;23/05/2014
2014025203;1;2;1;1;6;340;23/05/2014
2014025204;1;2;3;1;3;340;25/05/2014
2014025205;1;2;1;8;6;340;25/05/2014
2014025206;1;2;1;1;1;340;25/05/2014
2014025207;1;2;1;8;6;340;27/05/2014
2014025208;1;2;1;1;3;340;27/05/2014
2014025209;1;2;1;1;7;340;28/05/2014
2014025210;5;2;1;1;7;340;29/05/2014
2014025211;1;2;1;8;1;340;30/05/2014
2014025212;4;2;1;2;3;340;30/05/2014
2014025213;1;2;2;1;3;340;01/06/2014
2014025214;1;2;6;1;2;340;01/06/2014
2014025215;1;2;1;1;6;340;02/06/2014
2014025216;1;2;1;1;3;340;02/06/2014
2014025217;4;2;2;1;6;340;04/06/2014
2014025218;3;1;1;1;6;340;05/06/2014
2014025219;1;2;1;1;3;340;07/06/2014
2014025220;2;2;2;1;3;340;10/06/2014
2014025221;1;2;1;1;6;340;11/06/2014
2014025222;5;2;2;1;3;340;15/06/2014
2014025223;1;2;1;1;6;340;15/06/2014
2014025224;1;2;1;1;2;340;16/06/2014
2014025225;1;2;1;1;3;340;16/06/2014
2014025226;1;2;3;1;3;340;17/06/2014
2014025227;1;2;1;1;2;340;20/06/2014
2014025228;1;2;3;1;2;340;20/06/2014
2014025229;5;2;6;1;6;340;23/06/2014
2014025230;1;2;1;1;3;340;23/06/2014
2014025231;1;2;3;1;3;340;27/06/2014
2014025232;1;2;1;1;6;340;24/06/2014
2014025233;1;2;1;1;6;340;24/06/2014
2014025234;1;2;1;1;6;340;25/06/2014
2014025235;1;1;1;8;2;340;25/06/2014
2014025236;1;2;1;1;6;340;26/06/2014
2014025237;1;2;1;1;1;340;26/06/2014
2014025238;1;2;6;1;5;340;26/06/2014
2014025239;5;2;2;1;3;340;26/06/2014
2014025240;1;2;3;1;3;340;27/06/2014
2014025241;1;2;1;1;7;340;27/06/2014
2014025242;1;2;1;1;3;340;30/06/2014
2014025243;1;2;1;8;3;340;01/07/2014
2014025244;1;1;1;1;3;340;02/07/2014
2014025245;1;2;1;1;6;340;03/07/2014
2014025246;5;2;2;1;3;340;04/07/2014
2014025247;1;2;1;1;6;340;05/07/2014
2014025248;3;1;1;8;3;340;06/07/2014
2014025249;1;2;1;8;2;340;07/07/2014
2014025250;1;2;3;1;3;340;08/07/2014
2014025251;1;2;9;1;6;340;09/07/2014
2014025252;1;2;1;1;6;340;09/07/2014
2014025253;1;2;3;1;3;340;10/07/2014
2014025254;1;2;1;1;6;340;11/07/2014
2014025255;1;2;1;1;6;340;12/07/2014
2014025256;1;2;1;1;1;340;13/07/2014
2014025257;1;2;2;1;3;340;13/07/2014
2014025258;1;2;1;1;3;340;15/07/2014
2014025259;1;2;1;1;7;340;15/07/2014
2014025260;1;2;1;1;1;340;15/07/2014
2014025261;1;2;4;1;6;340;16/07/2014
2014025262;1;2;2;1;3;340;17/07/2014
2014025263;1;2;3;1;3;340;18/07/2014
2014025264;1;2;1;1;6;340;20/07/2014
2014025265;1;2;1;1;3;340;20/07/2014
2014025266;1;2;1;1;2;340;21/07/2014
2014025267;1;2;2;1;3;340;22/07/2014
2014025268;1;2;2;1;1;340;22/07/2014
2014025269;1;2;9;1;3;340;23/07/2014
2014025270;1;2;9;1;3;340;23/07/2014
2014025271;1;2;1;1;7;340;24/07/2014
2014025272;1;2;3;1;3;340;26/07/2014
2014025273;1;2;2;1;1;340;27/07/2014
2014025274;1;2;2;1;3;340;26/07/2014
2014025275;1;2;6;1;3;340;29/07/2014
2014025276;3;1;1;1;4;340;30/07/2014
2014025277;1;2;1;1;2;340;31/07/2014
2014025278;1;2;1;1;7;340;31/07/2014
2014025279;2;1;1;1;6;340;01/08/2014
2014025280;1;2;1;1;4;340;01/08/2014
2014025281;1;2;9;1;3;340;01/08/2014
2014025282;1;2;2;1;3;340;05/08/2014
2014025283;1;2;1;1;2;340;05/08/2014
2014025284;1;2;1;1;1;340;07/08/2014
2014025285;3;2;1;1;2;340;08/08/2014
2014025286;1;2;3;1;1;340;08/08/2014
2014025287;1;2;1;1;7;340;08/08/2014
2014025288;2;2;1;8;6;340;10/08/2014
2014025289;1;2;1;1;3;340;12/08/2014
2014025290;1;2;1;1;4;340;12/08/2014
2014025291;5;2;1;1;7;340;14/08/2014
2014025292;1;2;3;1;3;340;14/08/2014
2014025293;1;1;1;1;7;340;14/08/2014
2014025294;1;2;1;1;7;340;13/08/2014
2014025295;1;2;1;1;2;340;16/08/2014
2014025296;1;2;2;1;3;340;16/08/2014
2014025297;2;2;2;1;3;340;18/08/2014
2014025298;1;2;1;1;3;340;19/08/2014
2014025299;1;2;1;1;2;340;20/08/2014
2014025300;5;2;1;1;1;340;23/08/2014
2014025301;1;2;1;1;1;340;23/08/2014
2014025302;1;2;1;1;6;340;24/08/2014
2014025303;1;2;2;1;7;340;20/08/2014
2014025304;1;2;2;1;3;340;27/08/2014
2014025305;1;2;1;1;2;340;28/08/2014
2014025306;2;2;1;1;3;340;29/08/2014
2014025307;1;2;1;1;3;340;29/08/2014
2014025308;1;2;1;1;3;340;29/08/2014
2014025309;1;2;1;1;2;340;29/08/2014
2014025310;1;2;1;1;2;340;29/08/2014
2014025311;5;2;1;1;6;340;31/08/2014
2014025312;1;2;1;1;3;340;31/08/2014
2014025313;1;1;1;1;3;340;31/08/2014
2014025314;1;2;1;1;3;340;02/09/2014
2014025315;5;2;5;1;3;340;02/09/2014
2014025316;1;2;3;1;3;340;03/09/2014
2014025317;1;2;1;1;3;340;03/09/2014
2014025318;1;1;1;1;7;340;04/09/2014
2014025319;5;2;2;1;1;340;06/09/2014
2014025320;1;2;1;1;3;340;06/09/2014
2014025321;1;2;3;1;3;340;06/09/2014
2014025322;1;2;2;1;3;340;07/09/2014
2014025323;1;2;1;8;7;340;08/09/2014
2014025324;2;2;1;2;7;340;08/09/2014
2014025325;2;2;1;2;7;340;08/09/2014
2014025326;1;2;1;1;4;340;09/09/2014
2014025327;1;2;1;1;2;340;09/09/2014
2014025328;1;2;1;1;6;340;07/09/2014
2014025329;1;2;1;1;7;340;10/09/2014
2014025330;2;2;1;1;6;340;06/09/2014
2014025331;1;2;1;1;2;340;10/09/2014
2014025332;3;1;1;1;6;340;10/09/2014
2014025333;1;2;2;1;3;340;11/09/2014
2014025334;5;2;3;1;3;340;11/09/2014
2014025335;1;2;1;1;3;340;12/09/2014
2014025336;5;2;3;1;3;340;12/09/2014
2014025337;1;2;1;1;5;340;15/09/2014
2014025338;1;2;1;1;2;340;15/09/2014
2014025339;1;2;1;8;6;340;17/09/2014
2014025340;1;2;1;8;3;340;17/09/2014
2014025341;1;2;1;8;6;340;17/09/2014
2014025342;1;2;1;1;4;340;17/09/2014
2014025343;1;2;1;2;6;340;17/09/2014
2014025344;1;2;3;1;3;340;17/09/2014
2014025345;1;2;9;2;3;340;17/09/2014
2014025346;1;2;1;1;6;340;18/09/2014
2014025347;1;2;1;1;5;340;22/09/2014
2014025348;1;2;1;1;3;340;22/09/2014
2014025349;1;2;1;1;6;340;22/09/2014
2014025350;1;2;1;1;2;340;22/09/2014
2014025351;1;2;6;2;2;340;23/09/2014
2014025352;5;2;1;2;6;340;23/09/2014
2014025353;1;2;1;1;3;340;25/09/2014
2014025354;5;2;1;1;3;340;26/09/2014
2014025355;5;2;1;1;6;340;27/09/2014
2014025356;5;2;1;1;3;340;27/09/2014
2014025357;4;1;1;1;7;340;28/09/2014
2014025358;5;2;1;1;7;340;01/10/2014
2014025359;5;2;2;1;1;340;30/09/2014
2014025360;5;2;1;1;3;340;03/10/2014
2014025361;5;2;1;1;3;340;04/10/2014
2014025362;3;2;2;2;3;340;06/10/2014
2014025363;1;2;3;8;7;340;07/10/2014
2014025364;1;2;3;1;3;340;08/10/2014
2014025365;2;2;1;1;7;340;08/10/2014
2014025366;5;2;3;1;3;340;10/10/2014
2014025367;1;2;3;7;1;340;11/10/2014
2014025368;1;2;1;1;3;340;11/10/2014
2014025369;2;2;1;8;4;340;12/10/2014
2014025370;1;2;2;1;3;340;13/10/2014
2014025371;5;2;1;1;7;340;13/10/2014
2014025372;1;2;1;1;7;340;14/10/2014
2014025373;5;2;2;1;3;340;17/10/2014
2014025374;1;2;1;1;6;340;17/10/2014
2014025375;5;2;6;1;3;340;17/10/2014
2014025376;5;2;1;1;3;340;17/10/2014
2014025377;1;2;1;1;7;340;19/10/2014
2014025378;5;2;1;1;3;340;22/10/2014
2014025379;1;2;2;1;6;340;24/10/2014
2014025380;1;2;9;1;3;340;24/10/2014
2014025381;1;2;2;1;3;340;24/10/2014
2014025382;1;2;1;1;7;340;26/10/2014
2014025383;1;2;1;1;2;340;28/10/2014
2014025384;1;2;1;1;6;340;30/10/2014
2014025385;1;2;1;1;6;340;30/10/2014
2014025386;1;2;1;1;3;340;30/10/2014
2014025387;1;2;2;8;6;340;01/11/2014
2014025388;1;2;1;8;3;340;01/11/2014
2014025389;1;2;1;8;3;340;04/11/2014
2014025390;5;2;1;1;2;340;05/11/2014
2014025391;1;2;9;7;3;340;06/11/2014
2014025392;1;2;3;1;2;340;07/11/2014
2014025393;1;2;1;1;6;340;07/11/2014
2014025394;3;1;1;1;6;340;08/11/2014
2014025395;5;2;1;1;3;340;10/11/2014
2014025396;5;2;1;2;3;340;10/11/2014
2014025397;1;2;1;1;2;340;11/11/2014
2014025398;5;2;1;1;6;340;15/11/2014
2014025399;5;2;1;1;3;340;18/11/2014
2014025400;5;2;1;1;1;340;21/11/2014
2014025401;1;1;1;8;3;340;22/11/2014
2014025402;1;2;3;1;3;340;20/11/2014
2014025403;1;1;9;2;3;340;26/11/2014
2014025404;1;2;1;8;4;340;27/11/2014
2014025405;5;2;3;8;6;340;30/11/2014
2014025406;1;2;2;1;3;340;02/12/2014
2014025407;5;2;1;1;6;340;04/12/2014
2014025408;5;2;9;3;6;340;06/12/2014
2014025409;5;2;2;1;1;340;07/12/2014
2014025410;1;2;1;8;3;340;08/12/2014
2014025411;5;2;1;1;3;340;09/12/2014
2014025412;5;2;9;1;2;340;10/12/2014
2014025413;5;2;1;1;6;340;11/12/2014
2014025414;5;2;2;8;3;340;13/12/2014
2014025415;5;2;1;1;1;340;14/12/2014
2014025416;1;1;1;8;4;340;14/12/2014
2014025417;3;1;1;1;3;340;16/12/2014
2014025418;1;1;1;8;3;340;16/12/2014
2014025419;5;2;1;1;3;340;16/12/2014
2014025420;1;2;9;1;3;340;18/12/2014
2014025421;1;2;1;1;7;340;09/12/2014
2014025422;1;2;9;1;6;340;19/12/2014
2014025423;1;2;1;1;5;340;19/12/2014
2014025424;5;2;1;1;6;340;02/12/2014
2014025425;1;1;1;1;5;340;22/12/2014
2014025426;5;2;1;1;6;340;23/12/2014
2014025427;1;2;3;1;3;340;24/12/2014
2014025428;1;2;1;1;2;340;26/12/2014
2014025429;5;2;1;1;7;340;27/12/2014
2014025430;5;2;1;2;7;340;03/01/2014
2014025431;3;1;1;1;1;340;05/01/2014
2014025432;1;2;1;1;3;340;17/01/2014
2014025433;1;2;3;2;3;340;05/02/2014
2014025434;1;1;1;1;7;340;06/02/2014
2014025435;2;2;3;1;7;340;10/02/2014
2014025436;1;1;1;1;3;340;11/02/2014
2014025437;3;1;1;2;5;340;17/02/2014
2014025438;1;2;4;1;5;340;17/02/2014
2014025439;3;2;1;1;7;340;19/02/2014
2014025440;1;2;2;1;5;340;23/02/2014
2014025441;1;2;1;1;1;340;26/02/2014
2014025442;5;2;1;1;2;340;10/03/2014
2014025443;1;2;1;1;7;340;07/03/2014
2014025444;1;2;1;1;7;340;10/03/2014
2014025445;5;2;1;1;3;340;21/03/2014
2014025446;1;2;3;1;3;340;22/03/2014
2014025447;5;2;1;1;7;340;02/04/2014
2014025448;1;2;1;1;3;340;12/04/2014
2014025449;1;1;3;1;3;340;12/04/2014
2014025450;1;2;1;1;7;340;15/04/2014
2014025451;1;2;1;1;1;340;19/04/2014
2014025452;1;2;3;2;3;340;23/04/2014
2014025453;1;2;1;1;7;340;10/05/2014
2014025454;1;2;1;1;7;340;13/05/2014
2014025455;1;2;1;2;5;340;19/05/2014
2014025456;1;2;3;1;3;340;21/05/2014
2014025457;1;2;3;1;1;340;31/05/2014
2014025458;1;2;1;1;4;340;02/06/2014
2014025459;1;1;1;1;1;340;03/06/2014
2014025460;1;2;3;1;3;340;10/06/2014
2014025461;1;2;1;1;5;340;11/06/2014
2014025462;3;1;1;1;2;340;15/06/2014
2014025463;1;2;1;1;3;340;21/06/2014
2014025464;1;2;1;1;2;340;02/07/2014
2014025465;1;2;1;1;7;340;05/07/2014
2014025466;1;2;1;1;3;340;12/07/2014
2014025467;3;1;1;1;7;340;21/07/2014
2014025468;3;2;1;1;6;340;27/07/2014
2014025469;5;2;1;1;3;340;05/08/2014
2014025470;5;2;1;1;3;340;09/08/2014
2014025471;1;2;3;1;5;340;12/08/2014
2014025472;5;2;1;2;7;340;22/08/2014
2014025473;5;2;1;1;7;340;23/08/2014
2014025474;3;2;1;1;2;340;03/09/2014
2014025475;1;2;3;1;3;340;27/09/2014
2014025476;5;2;1;1;7;340;28/09/2014
2014025477;1;2;1;1;2;340;02/10/2014
2014025478;3;1;1;1;1;340;07/10/2014
2014025479;5;2;1;1;6;340;07/10/2014
2014025480;3;1;1;1;2;340;07/10/2014
2014025481;1;1;1;1;5;340;09/10/2014
2014025482;1;1;1;1;5;340;27/10/2014
2014025483;5;2;1;1;2;340;06/11/2014
2014025484;1;2;1;1;3;340;30/11/2014
2014025485;5;2;1;1;2;340;10/12/2014
2014025486;1;2;1;1;6;340;20/12/2014
2014025487;1;2;1;1;6;350;03/01/2014
2014025488;5;2;6;8;3;350;02/12/2014
2014025489;3;1;1;8;3;350;17/01/2014
2014025490;5;2;1;1;3;350;16/01/2014
2014025491;1;2;1;8;6;350;24/01/2014
2014025492;2;2;2;1;6;350;28/01/2014
2014025493;1;2;6;1;6;350;01/02/2014
2014025494;1;2;1;1;3;350;21/03/2014
2014025495;1;2;1;1;3;350;31/03/2014
2014025496;1;2;1;1;2;350;31/05/2014
2014025497;1;1;1;1;1;350;19/06/2014
2014025498;1;1;1;1;6;350;11/07/2014
2014025499;1;2;1;1;7;350;07/08/2014
2014025500;5;2;1;1;6;350;01/09/2014
2014025501;1;1;1;1;3;350;08/09/2014
2014025502;1;2;1;1;6;350;28/07/2014
2014025503;1;2;3;1;3;350;10/09/2014
2014025504;2;2;2;1;3;350;10/10/2014
2014025505;5;2;7;1;6;350;10/10/2014
2014025506;5;2;1;1;3;350;21/11/2014
2014025507;1;2;2;3;3;350;08/12/2014
2014025508;5;2;6;1;6;350;13/06/2014
2014025509;5;2;1;2;6;350;16/12/2014
2014025510;1;2;1;7;7;350;27/12/2014
2014025511;5;2;1;1;7;350;02/01/2014
2014025512;3;2;5;2;6;350;03/01/2014
2014025513;1;2;1;2;7;350;05/01/2014
2014025514;1;1;9;8;7;350;06/01/2014
2014025515;1;2;3;8;3;350;06/01/2014
2014025516;1;2;1;7;6;350;07/01/2014
2014025517;5;2;2;2;3;350;08/01/2014
2014025518;1;2;5;8;2;350;08/01/2014
2014025519;1;2;5;8;6;350;08/01/2014
2014025520;5;2;3;1;3;350;08/01/2014
2014025521;3;2;1;1;2;350;09/01/2014
2014025522;1;2;3;1;3;350;09/01/2014
2014025523;1;2;3;1;3;350;09/01/2014
2014025524;1;2;6;1;6;350;09/01/2014
2014025525;1;2;5;1;6;350;10/01/2014
2014025526;5;2;2;2;6;350;10/01/2014
2014025527;1;2;1;1;6;350;11/01/2014
2014025528;1;2;1;8;6;350;13/01/2014
2014025529;5;2;3;1;6;350;14/01/2014
2014025530;1;2;5;1;7;350;14/01/2014
2014025531;1;2;3;1;4;350;14/01/2014
2014025532;1;2;1;1;3;350;14/01/2014
2014025533;1;2;3;8;6;350;16/01/2014
2014025534;1;2;6;1;3;350;16/01/2014
2014025535;5;2;3;1;6;350;17/01/2014
2014025536;1;2;5;1;4;350;18/01/2014
2014025537;1;2;2;2;6;350;18/01/2014
2014025538;3;2;1;2;2;350;18/01/2014
2014025539;5;2;2;2;3;350;18/01/2014
2014025540;5;2;3;2;3;350;18/01/2014
2014025541;3;2;1;5;4;350;20/01/2014
2014025542;1;2;2;8;3;350;20/01/2014
2014025543;1;2;1;1;7;350;20/01/2014
2014025544;5;2;2;1;2;350;20/01/2014
2014025545;5;2;6;1;7;350;21/01/2014
2014025546;1;2;2;1;3;350;21/01/2014
2014025547;2;2;1;9;7;350;21/01/2014
2014025548;1;2;5;2;4;350;22/01/2014
2014025549;1;2;3;2;6;350;23/01/2014
2014025550;5;2;1;2;3;350;24/01/2014
2014025551;1;2;3;2;6;350;24/01/2014
2014025552;1;2;2;1;2;350;25/01/2014
2014025553;1;2;1;1;2;350;25/01/2014
2014025554;1;2;5;1;2;350;29/01/2014
2014025555;1;2;5;2;6;350;29/01/2014
2014025556;1;2;1;1;6;350;30/01/2014
2014025557;1;2;1;5;3;350;31/01/2014
2014025558;1;2;6;2;3;350;31/01/2014
2014025559;5;2;1;2;6;350;31/01/2014
2014025560;5;2;1;2;3;350;31/01/2014
2014025561;5;2;5;2;6;350;01/02/2014
2014025562;1;2;1;1;7;350;01/02/2014
2014025563;1;2;1;1;6;350;01/02/2014
2014025564;5;2;3;2;6;350;04/02/2014
2014025565;1;1;1;2;2;350;04/02/2014
2014025566;5;2;1;3;2;350;04/02/2014
2014025567;1;2;3;1;2;350;05/02/2014
2014025568;1;2;2;8;6;350;05/02/2014
2014025569;1;1;1;8;7;350;06/02/2014
2014025570;1;2;1;7;6;350;07/02/2014
2014025571;5;2;3;2;3;350;09/02/2014
2014025572;5;2;2;2;3;350;09/02/2014
2014025573;1;2;2;1;4;350;10/02/2014
2014025574;1;2;1;1;6;350;11/02/2014
2014025575;1;2;2;2;2;350;11/02/2014
2014025576;1;1;1;2;2;350;12/02/2014
2014025577;1;2;2;8;3;350;12/02/2014
2014025578;1;2;1;1;4;350;13/02/2014
2014025579;5;2;1;1;6;350;13/02/2014
2014025580;1;2;1;3;6;350;14/02/2014
2014025581;5;2;2;2;6;350;14/02/2014
2014025582;1;2;5;1;3;350;15/02/2014
2014025583;1;2;2;7;6;350;15/02/2014
2014025584;1;2;3;1;3;350;18/02/2014
2014025585;1;2;3;1;3;350;19/02/2014
2014025586;1;2;1;1;6;350;21/02/2014
2014025587;1;2;1;1;4;350;21/02/2014
2014025588;1;2;1;1;6;350;23/02/2014
2014025589;5;2;3;1;1;350;24/02/2014
2014025590;1;2;1;1;7;350;26/02/2014
2014025591;1;2;1;1;4;350;26/02/2014
2014025592;1;2;5;2;2;350;27/02/2014
2014025593;3;2;9;1;7;350;27/02/2014
2014025594;5;2;2;2;6;350;28/02/2014
2014025595;1;2;1;1;3;350;28/02/2014
2014025596;1;2;1;2;1;350;28/02/2014
2014025597;4;2;5;1;6;350;02/03/2014
2014025598;5;2;3;3;6;350;02/03/2014
2014025599;1;1;1;1;7;350;03/03/2014
2014025600;5;2;2;3;1;350;03/03/2014
2014025601;1;2;2;1;3;350;04/03/2014
2014025602;3;1;1;2;2;350;04/03/2014
2014025603;1;2;3;1;2;350;05/03/2014
2014025604;5;2;3;1;3;350;08/03/2014
2014025605;5;2;2;1;3;350;09/03/2014
2014025606;5;2;1;1;6;350;07/03/2014
2014025607;1;2;2;1;3;350;11/03/2014
2014025608;1;2;2;1;3;350;11/03/2014
2014025609;1;2;2;1;6;350;11/03/2014
2014025610;1;2;1;1;6;350;13/03/2014
2014025611;1;2;1;1;6;350;14/03/2014
2014025612;5;2;1;1;6;350;15/03/2014
2014025613;1;2;5;1;7;350;16/03/2014
2014025614;1;2;3;1;6;350;18/03/2014
2014025615;1;2;2;1;6;350;18/03/2014
2014025616;4;2;1;1;7;350;19/03/2014
2014025617;5;2;1;1;6;350;20/03/2014
2014025618;5;2;3;1;6;350;20/03/2014
2014025619;1;2;5;1;4;350;21/03/2014