num_acc;lum;agg;inter;atm;col;dep;date
2014026780;1;2;1;1;6;380;11/04/2014
2014026781;5;2;1;1;6;380;12/04/2014
2014026782;5;2;1;1;6;380;13/04/2014
2014026783;1;2;1;1;6;380;14/04/2014
2014026784;1;2;1;1;3;380;15/04/2014
2014026785;1;2;1;1;6;380;16/04/2014
2014026786;1;2;1;1;6;380;18/04/2014
2014026787;2;2;2;1;3;380;22/04/2014
2014026788;1;2;2;1;3;380;25/04/2014
2014026789;1;1;4;1;4;380;26/04/2014
2014026790;1;2;1;1;6;380;27/04/2014
2014026791;1;2;1;1;6;380;28/04/2014
2014026792;1;2;1;1;7;380;01/05/2014
2014026793;1;2;1;2;6;380;02/05/2014
2014026794;3;1;1;3;3;380;03/05/2014
2014026795;4;2;1;1;3;380;03/05/2014
2014026796;5;2;1;2;6;380;04/05/2014
2014026797;1;2;1;1;6;380;04/05/2014
2014026798;1;1;1;1;3;380;08/05/2014
2014026799;1;2;1;1;6;380;10/05/2014
2014026800;1;2;9;1;2;380;12/05/2014
2014026801;1;2;9;3;6;380;13/05/2014
2014026802;1;2;1;1;6;380;15/05/2014
2014026803;2;1;1;1;6;380;18/05/2014
2014026804;1;2;1;1;3;380;19/05/2014
2014026805;1;2;1;1;6;380;23/05/2014
2014026806;1;2;1;1;6;380;23/05/2014
2014026807;1;1;1;1;3;380;25/05/2014
2014026808;1;2;1;1;3;380;26/05/2014
2014026809;1;2;3;1;3;380;28/05/2014
2014026810;1;2;1;1;1;380;03/06/2014
2014026811;1;2;1;1;6;380;05/06/2014
2014026812;1;2;1;1;6;380;05/06/2014
2014026813;1;2;1;1;3;380;06/06/2014
2014026814;1;2;1;1;6;380;11/06/2014
2014026815;1;2;3;1;3;380;12/06/2014
2014026816;1;2;1;1;6;380;12/06/2014
2014026817;1;2;1;1;6;380;12/06/2014
2014026818;1;2;2;1;3;380;19/06/2014
2014026819;1;2;4;1;6;380;20/06/2014
2014026820;1;2;2;1;3;380;24/06/2014
2014026821;1;2;1;1;4;380;28/06/2014
2014026822;1;1;1;1;2;380;28/06/2014
2014026823;1;2;1;1;6;380;28/06/2014
2014026824;1;2;1;1;6;380;02/07/2014
2014026825;1;2;1;1;3;380;05/07/2014
2014026826;1;2;1;1;6;380;05/07/2014
2014026827;5;1;1;2;3;380;08/07/2014
2014026828;1;1;1;3;2;380;08/07/2014
2014026829;5;2;1;2;6;380;11/07/2014
2014026830;1;2;1;2;3;380;12/07/2014
2014026831;1;2;5;1;3;380;13/07/2014
2014026832;1;2;2;1;3;380;14/07/2014
2014026833;1;2;2;1;3;380;14/07/2014
2014026834;1;2;2;1;1;380;17/07/2014
2014026835;1;2;1;1;1;380;17/07/2014
2014026836;1;2;1;1;6;380;18/07/2014
2014026837;1;2;1;2;6;380;21/07/2014
2014026838;1;2;1;2;3;380;29/07/2014
2014026839;1;2;2;1;5;380;30/07/2014
2014026840;1;2;1;2;6;380;30/07/2014
2014026841;1;2;6;1;3;380;30/07/2014
2014026842;1;2;1;1;7;380;31/07/2014
2014026843;1;2;1;1;3;380;05/08/2014
2014026844;1;2;1;1;7;380;06/08/2014
2014026845;1;2;1;1;3;380;06/08/2014
2014026846;1;2;1;1;7;380;12/08/2014
2014026847;1;2;1;1;6;380;18/08/2014
2014026848;1;2;2;1;3;380;22/08/2014
2014026849;1;2;2;1;5;380;22/08/2014
2014026850;1;2;1;2;6;380;26/08/2014
2014026851;1;2;1;1;6;380;31/08/2014
2014026852;5;2;2;1;3;380;01/09/2014
2014026853;1;2;1;1;6;380;02/09/2014
2014026854;1;2;1;1;3;380;05/09/2014
2014026855;1;2;1;1;6;380;11/09/2014
2014026856;1;2;3;1;3;380;16/09/2014
2014026857;1;2;1;1;6;380;20/09/2014
2014026858;2;2;1;1;6;380;23/09/2014
2014026859;1;1;1;1;4;380;25/09/2014
2014026860;1;2;3;1;3;380;25/09/2014
2014026861;2;2;2;1;3;380;26/09/2014
2014026862;1;2;1;3;2;380;30/09/2014
2014026863;1;2;4;1;3;380;03/10/2014
2014026864;1;2;1;1;3;380;05/10/2014
2014026865;1;2;1;1;6;380;06/10/2014
2014026866;1;2;1;1;6;380;07/10/2014
2014026867;1;2;1;1;6;380;09/10/2014
2014026868;1;1;1;1;6;380;09/10/2014
2014026869;5;2;1;1;6;380;12/10/2014
2014026870;1;2;1;1;6;380;13/10/2014
2014026871;5;2;1;1;6;380;14/10/2014
2014026872;3;1;1;1;2;380;16/10/2014
2014026873;1;2;1;1;6;380;16/10/2014
2014026874;1;2;1;1;1;380;19/10/2014
2014026875;5;2;1;1;6;380;19/10/2014
2014026876;1;2;1;1;6;380;24/10/2014
2014026877;1;2;1;1;4;380;31/10/2014
2014026878;5;2;1;2;6;380;04/11/2014
2014026879;2;2;1;3;6;380;04/11/2014
2014026880;1;2;1;2;2;380;09/11/2014
2014026881;1;2;1;1;6;380;12/11/2014
2014026882;1;2;1;1;6;380;13/11/2014
2014026883;1;2;1;1;3;380;13/11/2014
2014026884;1;2;1;1;6;380;14/11/2014
2014026885;1;2;9;8;6;380;16/11/2014
2014026886;1;2;3;3;3;380;17/11/2014
2014026887;1;2;2;8;3;380;25/11/2014
2014026888;5;2;2;1;3;380;26/11/2014
2014026889;1;2;1;1;6;380;27/11/2014
2014026890;1;2;1;1;6;380;29/11/2014
2014026891;5;2;1;1;6;380;03/12/2014
2014026892;5;2;1;1;3;380;13/12/2014
2014026893;1;1;5;1;6;380;16/12/2014
2014026894;5;2;1;2;6;380;17/12/2014
2014026895;1;2;1;1;6;380;19/12/2014
2014026896;1;2;2;1;3;380;23/12/2014
2014026897;1;2;1;1;1;380;24/12/2014
2014026898;1;2;1;1;3;380;24/12/2014
2014026899;5;2;2;1;3;380;27/12/2014
2014026900;1;2;1;1;6;380;16/03/2014
2014026901;1;1;1;3;1;380;08/02/2014
2014026902;5;2;3;1;3;380;30/04/2014
2014026903;1;2;9;7;3;380;27/09/2014
2014026904;1;2;1;1;7;380;19/04/2014
2014026905;1;2;3;1;7;380;03/06/2014
2014026906;1;2;1;1;7;380;31/07/2014
2014026907;1;2;1;1;3;380;15/08/2014
2014026908;1;2;1;1;5;380;02/09/2014
2014026909;1;2;1;1;6;380;22/08/2014
2014026910;1;2;2;1;3;380;04/10/2014
2014026911;5;2;1;3;7;380;21/10/2014
2014026912;1;2;1;2;1;380;16/10/2014
2014026913;5;2;1;1;3;380;21/11/2014
2014026914;5;2;1;2;7;380;16/02/2014
2014026915;1;2;1;1;6;380;23/03/2014
2014026916;1;2;1;1;1;380;26/05/2014
2014026917;5;2;1;1;1;380;23/06/2014
2014026918;2;2;1;1;7;380;27/07/2014
2014026919;1;2;1;2;6;380;30/07/2014
2014026920;1;1;1;1;6;380;02/12/2014
2014026921;1;2;1;1;6;380;09/12/2014
2014026922;3;2;1;9;1;380;11/12/2014
2014026923;1;2;1;1;6;380;29/12/2014
2014026924;5;2;1;1;6;380;26/12/2014
2014026925;5;2;1;1;6;390;12/01/2014
2014026926;3;2;3;4;6;390;28/01/2014
2014026927;1;1;1;2;5;390;28/06/2014
2014026928;2;2;1;1;6;390;09/09/2014
2014026929;1;2;1;1;3;390;18/10/2014
2014026930;1;2;1;1;6;390;06/01/2014
2014026931;1;2;1;1;3;390;09/03/2014
2014026932;1;2;1;1;6;390;17/04/2014
2014026933;1;2;1;1;6;390;10/06/2014
2014026934;1;2;1;1;6;390;21/08/2014
2014026935;1;2;1;1;6;390;15/10/2014
2014026936;1;2;9;1;6;390;24/10/2014
2014026937;1;2;1;2;1;390;01/12/2014
2014026938;5;2;1;1;6;390;03/12/2014
2014026939;2;2;3;1;1;400;09/01/2014
2014026940;5;1;6;1;6;400;10/01/2014
2014026941;1;2;1;1;6;400;13/01/2014
2014026942;5;2;1;3;6;400;29/01/2014
2014026943;2;2;1;1;6;400;03/02/2014
2014026944;5;2;3;1;3;400;05/02/2014
2014026945;3;1;1;1;3;400;16/03/2014
2014026946;1;2;3;1;6;400;10/05/2014
2014026947;1;2;1;1;6;400;03/06/2014
2014026948;1;2;1;1;6;400;10/06/2014
2014026949;1;1;1;1;6;400;03/07/2014
2014026950;1;2;6;2;1;400;06/07/2014
2014026951;1;2;1;1;6;400;08/07/2014
2014026952;1;1;1;1;1;400;31/08/2014
2014026953;1;1;1;1;4;400;04/09/2014
2014026954;1;1;2;1;3;400;04/10/2014
2014026955;1;2;2;1;3;400;13/10/2014
2014026956;1;2;1;1;2;400;28/10/2014
2014026957;5;2;1;1;2;400;22/11/2014
2014026958;1;2;1;2;5;400;25/01/2014
2014026959;5;2;1;3;6;400;28/01/2014
2014026960;1;2;3;2;5;400;05/03/2014
2014026961;1;2;1;1;2;400;05/03/2014
2014026962;1;2;1;1;6;400;20/03/2014
2014026963;1;2;3;2;3;400;24/03/2014
2014026964;1;2;1;1;6;400;09/04/2014
2014026965;1;1;1;1;5;400;11/04/2014
2014026966;1;2;1;7;2;400;16/05/2014
2014026967;1;2;1;1;6;400;12/06/2014
2014026968;1;2;6;1;3;400;17/06/2014
2014026969;1;2;1;1;6;400;22/07/2014
2014026970;2;2;1;1;6;400;03/08/2014
2014026971;1;2;3;1;6;400;16/09/2014
2014026972;1;1;1;1;3;400;23/09/2014
2014026973;1;2;1;1;4;400;23/10/2014
2014026974;1;2;1;1;3;400;03/11/2014
2014026975;5;2;2;3;3;400;12/11/2014
2014026976;1;2;3;1;3;400;20/11/2014
2014026977;1;2;1;1;2;400;27/11/2014
2014026978;1;2;2;1;3;400;27/11/2014
2014026979;5;2;2;2;3;400;29/11/2014
2014026980;2;2;3;2;3;400;03/12/2014
2014026981;2;2;3;1;3;400;08/12/2014
2014026982;1;2;1;2;2;400;05/12/2014
2014026983;2;2;2;1;3;400;09/12/2014
2014026984;1;2;1;1;2;400;09/12/2014
2014026985;5;2;2;3;3;400;16/12/2014
2014026986;1;2;3;1;3;400;23/12/2014
2014026987;1;2;1;2;3;410;22/01/2014
2014026988;1;2;1;1;2;410;08/02/2014
2014026989;5;1;1;1;2;410;13/02/2014
2014026990;1;2;1;1;1;410;19/02/2014
2014026991;1;2;1;1;6;410;01/03/2014
2014026992;1;1;1;1;2;410;13/03/2014
2014026993;1;2;3;7;2;410;14/03/2014
2014026994;1;2;3;1;3;410;17/03/2014
2014026995;1;1;1;1;7;410;24/03/2014
2014026996;1;2;1;1;4;410;28/03/2014
2014026997;1;2;1;2;2;410;04/04/2014
2014026998;1;2;1;1;2;410;14/04/2014
2014026999;1;2;1;1;6;410;16/04/2014
2014027000;1;2;1;1;6;410;30/04/2014
2014027001;1;2;1;1;7;410;04/05/2014
2014027002;1;2;3;1;4;410;06/05/2014
2014027003;1;2;1;2;7;410;08/05/2014
2014027004;1;2;1;2;2;410;10/05/2014
2014027005;1;2;1;1;3;410;06/06/2014
2014027006;1;2;1;1;6;410;19/06/2014
2014027007;1;2;1;1;6;410;21/06/2014
2014027008;1;2;1;1;6;410;25/06/2014
2014027009;1;2;3;1;5;410;01/07/2014
2014027010;1;2;1;1;2;410;17/07/2014
2014027011;1;2;1;2;6;410;10/08/2014
2014027012;1;2;1;1;6;410;18/08/2014
2014027013;1;2;1;1;6;410;29/08/2014
2014027014;1;2;1;1;3;410;02/09/2014
2014027015;1;2;1;1;2;410;03/09/2014
2014027016;1;2;1;1;6;410;05/09/2014
2014027017;5;2;2;1;3;410;23/10/2014
2014027018;5;2;2;5;1;410;27/10/2014
2014027019;1;2;1;1;3;410;28/10/2014
2014027020;1;2;1;7;2;410;07/11/2014
2014027021;5;2;1;1;3;410;07/11/2014
2014027022;1;2;1;1;2;410;15/11/2014
2014027023;1;2;1;2;7;410;15/12/2014
2014027024;1;2;1;1;6;410;19/01/2014
2014027025;5;2;1;1;6;410;16/02/2014
2014027026;1;2;1;1;7;410;11/03/2014
2014027027;1;2;1;1;7;410;16/04/2014
2014027028;1;2;1;1;3;410;20/04/2014
2014027029;3;2;1;2;7;410;11/05/2014
2014027030;1;2;1;1;3;410;06/05/2014
2014027031;1;1;1;3;5;410;20/05/2014
2014027032;1;2;1;1;6;410;28/05/2014
2014027033;3;2;1;1;7;410;03/06/2014
2014027034;1;2;1;1;6;410;02/06/2014
2014027035;1;2;2;2;3;410;22/05/2014
2014027036;5;2;1;1;6;410;21/06/2014
2014027037;3;1;1;1;7;410;22/06/2014
2014027038;5;2;1;1;6;410;28/07/2014
2014027039;5;2;1;1;3;410;22/06/2014
2014027040;1;2;2;1;3;410;07/08/2014
2014027041;1;2;1;1;6;410;26/08/2014
2014027042;1;2;1;1;2;410;22/08/2014
2014027043;5;1;1;1;1;410;20/09/2014
2014027044;1;1;6;1;3;410;23/09/2014
2014027045;1;1;1;1;7;410;10/10/2014
2014027046;3;1;1;1;6;410;11/10/2014
2014027047;1;2;1;1;2;410;10/10/2014
2014027048;1;1;1;1;3;410;26/09/2014
2014027049;1;2;1;1;6;410;09/10/2014
2014027050;1;2;1;1;7;410;08/11/2014
2014027051;1;1;1;1;6;410;22/11/2014
2014027052;1;2;1;1;3;410;27/11/2014
2014027053;5;2;1;1;3;410;23/11/2014
2014027054;1;2;1;2;6;410;17/12/2014
2014027055;5;2;1;1;7;410;20/12/2014
2014027056;5;2;1;2;6;410;24/12/2014
2014027057;1;2;2;1;2;410;07/01/2014
2014027058;2;2;3;1;6;410;04/02/2014
2014027059;1;1;1;1;3;410;07/02/2014
2014027060;1;1;1;1;1;410;23/02/2014
2014027061;1;2;2;1;3;410;25/03/2014
2014027062;1;2;2;1;2;410;01/04/2014
2014027063;1;2;3;2;3;410;10/06/2014
2014027064;1;2;6;1;3;410;12/06/2014
2014027065;5;2;6;1;3;410;15/07/2014
2014027066;1;2;2;1;6;410;24/07/2014
2014027067;3;2;1;1;7;410;02/11/2014
2014027068;5;2;1;2;3;410;03/11/2014
2014027069;5;2;3;1;3;410;12/11/2014
2014027070;1;2;3;2;3;410;18/12/2014
2014027071;1;2;1;1;6;420;29/12/2014
2014027072;1;2;1;1;3;420;31/01/2014
2014027073;1;2;1;1;6;420;20/02/2014
2014027074;1;2;1;1;6;420;12/03/2014
2014027075;5;2;1;2;1;420;02/05/2014
2014027076;1;2;1;1;1;420;02/05/2014
2014027077;5;2;1;2;6;420;13/05/2014
2014027078;1;2;1;2;7;420;07/05/2014
2014027079;1;2;1;1;3;420;16/05/2014
2014027080;1;2;1;1;6;420;20/05/2014
2014027081;1;1;1;1;7;420;23/05/2014
2014027082;1;2;1;1;7;420;23/05/2014
2014027083;5;1;1;1;6;420;30/05/2014
2014027084;1;1;1;1;6;420;19/06/2014
2014027085;1;2;1;1;6;420;20/06/2014
2014027086;1;2;1;1;3;420;27/06/2014
2014027087;1;2;1;1;3;420;28/06/2014
2014027088;5;2;1;3;1;420;28/06/2014
2014027089;1;2;1;1;6;420;05/07/2014
2014027090;1;2;1;1;3;420;14/07/2014
2014027091;5;2;1;1;3;420;30/07/2014
2014027092;1;1;1;1;1;420;21/08/2014
2014027093;1;1;3;1;3;420;02/09/2014
2014027094;5;2;1;1;6;420;01/10/2014
2014027095;1;2;6;1;3;420;19/10/2014
2014027096;1;2;1;1;2;420;20/10/2014
2014027097;1;2;1;1;6;420;21/10/2014
2014027098;1;2;1;1;3;420;30/10/2014
2014027099;1;2;1;1;2;420;02/11/2014
2014027100;1;2;1;1;2;420;01/11/2014
2014027101;1;2;1;2;1;420;18/11/2014
2014027102;3;1;1;1;1;420;22/11/2014
2014027103;1;2;1;1;6;420;13/12/2014
2014027104;5;2;1;9;6;420;30/01/2014
2014027105;2;2;1;1;4;420;05/02/2014
2014027106;1;2;3;1;1;420;28/02/2014
2014027107;5;2;1;2;7;420;15/02/2014
2014027108;1;2;3;1;3;420;11/04/2014
2014027109;1;2;3;1;3;420;12/05/2014
2014027110;1;1;1;1;1;420;08/05/2014
2014027111;1;2;1;1;1;420;24/05/2014
2014027112;1;2;1;7;6;420;16/05/2014
2014027113;1;2;1;1;6;420;10/06/2014
2014027114;1;1;1;1;7;420;03/07/2014
2014027115;1;2;1;2;1;420;06/07/2014
2014027116;1;2;3;1;3;420;03/07/2014
2014027117;1;2;1;8;6;420;12/07/2014
2014027118;5;2;6;9;2;420;02/08/2014
2014027119;1;2;1;1;2;420;22/08/2014
2014027120;5;2;1;1;6;420;30/08/2014
2014027121;1;2;1;1;4;420;17/09/2014
2014027122;1;2;1;1;1;420;31/08/2014
2014027123;1;2;1;1;6;420;06/10/2014
2014027124;1;2;1;2;6;420;07/11/2014
2014027125;1;2;1;7;6;420;29/10/2014
2014027126;1;2;1;1;2;420;13/11/2014
2014027127;1;2;1;1;6;420;19/11/2014
2014027128;1;2;1;1;1;420;15/12/2014
2014027129;1;1;1;1;1;420;21/11/2014
2014027130;5;2;3;1;3;420;09/01/2014
2014027131;2;2;3;1;3;420;10/01/2014
2014027132;1;2;1;1;7;420;10/01/2014
2014027133;2;2;3;2;3;420;17/01/2014
2014027134;5;2;1;2;6;420;23/01/2014
2014027135;2;1;1;2;4;420;25/01/2014
2014027136;1;2;1;2;7;420;24/01/2014
2014027137;3;1;3;1;3;420;29/01/2014
2014027138;2;2;1;2;2;420;30/01/2014
2014027139;5;2;3;1;2;420;02/02/2014
2014027140;4;2;1;1;2;420;04/02/2014
2014027141;5;2;1;1;7;420;06/02/2014
2014027142;5;2;1;1;7;420;10/02/2014
2014027143;5;2;1;1;2;420;10/02/2014
2014027144;5;2;1;1;7;420;15/02/2014
2014027145;1;2;1;1;4;420;18/02/2014
2014027146;1;2;1;1;3;420;20/02/2014
2014027147;1;2;1;1;3;420;21/02/2014
2014027148;5;2;1;1;7;420;22/02/2014
2014027149;5;2;3;1;1;420;26/02/2014
2014027150;1;2;1;2;2;420;28/02/2014
2014027151;5;2;2;1;3;420;08/03/2014
2014027152;3;1;1;1;7;420;20/03/2014
2014027153;1;2;1;1;7;420;20/03/2014
2014027154;1;2;1;1;6;420;20/03/2014
2014027155;1;2;1;2;2;420;21/03/2014
2014027156;5;2;3;1;3;420;21/03/2014
2014027157;1;2;1;1;6;420;29/03/2014
2014027158;1;2;1;1;7;420;29/03/2014
2014027159;1;2;1;1;6;420;29/03/2014
2014027160;1;2;3;1;3;420;30/03/2014
2014027161;1;2;3;1;1;420;01/04/2014
2014027162;1;2;1;1;6;420;02/04/2014
2014027163;1;2;1;1;6;420;06/04/2014
2014027164;5;2;1;1;7;420;08/04/2014
2014027165;1;2;1;1;2;420;09/04/2014
2014027166;1;2;1;1;6;420;10/04/2014
2014027167;1;2;2;1;3;420;12/04/2014
2014027168;1;2;6;1;3;420;12/04/2014
2014027169;1;2;1;1;7;420;16/04/2014
2014027170;1;2;1;1;7;420;16/04/2014
2014027171;1;2;3;1;3;420;16/04/2014
2014027172;1;2;1;1;6;420;17/04/2014
2014027173;1;2;1;1;1;420;21/04/2014
2014027174;5;2;1;1;6;420;23/04/2014
2014027175;1;2;1;1;7;420;30/04/2014
2014027176;1;2;3;2;3;420;02/05/2014
2014027177;1;2;1;1;6;420;02/05/2014
2014027178;1;2;1;1;7;420;08/05/2014
2014027179;5;2;1;1;7;420;09/05/2014
2014027180;1;2;1;1;6;420;16/05/2014
2014027181;1;2;3;1;3;420;18/05/2014
2014027182;1;2;1;1;6;420;19/05/2014
2014027183;1;2;2;1;3;420;23/05/2014
2014027184;1;2;3;1;6;420;24/05/2014
2014027185;1;2;1;1;7;420;27/05/2014
2014027186;5;2;3;1;3;420;24/05/2014
2014027187;1;2;3;1;3;420;29/05/2014
2014027188;1;2;6;1;7;420;02/06/2014
2014027189;1;2;1;1;6;420;09/06/2014
2014027190;1;2;1;1;1;420;11/06/2014
2014027191;1;2;1;1;7;420;11/06/2014
2014027192;1;2;1;3;7;420;12/06/2014
2014027193;1;1;2;1;3;420;16/06/2014
2014027194;1;2;6;1;3;420;16/06/2014
2014027195;1;2;1;1;4;420;17/06/2014
2014027196;1;2;2;1;7;420;20/06/2014
2014027197;1;2;1;1;1;420;21/06/2014
2014027198;1;2;1;1;6;420;22/06/2014
2014027199;5;2;1;1;7;420;18/06/2014
2014027200;1;2;3;1;3;420;24/06/2014
2014027201;1;2;3;1;3;420;27/06/2014
2014027202;1;2;1;1;4;420;25/06/2014
2014027203;1;2;1;1;2;420;30/06/2014
2014027204;1;2;1;1;7;420;02/07/2014
2014027205;1;1;1;1;3;420;02/07/2014
2014027206;1;2;2;7;3;420;02/07/2014
2014027207;1;2;2;1;3;420;04/07/2014
2014027208;1;2;1;1;1;420;04/07/2014
2014027209;1;2;2;2;3;420;07/07/2014
2014027210;1;2;1;2;6;420;09/07/2014
2014027211;1;2;1;1;2;420;15/07/2014
2014027212;1;2;1;1;7;420;16/07/2014
2014027213;5;2;1;1;6;420;27/07/2014
2014027214;5;2;1;1;6;420;01/08/2014
2014027215;1;2;2;1;7;420;04/08/2014
2014027216;1;2;2;1;3;420;05/08/2014
2014027217;1;2;1;1;2;420;07/08/2014
2014027218;1;1;1;1;1;420;12/08/2014
2014027219;1;2;1;1;6;420;12/08/2014
2014027220;5;2;1;1;7;420;16/08/2014
2014027221;1;2;3;1;3;420;21/08/2014
2014027222;1;2;3;1;3;420;22/08/2014
2014027223;1;1;1;1;1;420;26/08/2014
2014027224;1;2;3;1;3;420;28/08/2014
2014027225;1;2;1;1;6;420;31/08/2014
2014027226;1;2;2;1;3;420;02/09/2014
2014027227;5;2;1;1;6;420;05/09/2014
2014027228;1;2;2;1;3;420;07/09/2014
2014027229;1;2;1;1;2;420;10/09/2014
2014027230;1;2;2;1;3;420;15/09/2014
2014027231;1;2;1;1;6;420;16/09/2014
2014027232;2;2;6;2;7;420;25/09/2014
2014027233;1;2;1;1;2;420;25/09/2014
2014027234;1;2;1;1;6;420;26/09/2014
2014027235;1;2;1;1;7;420;27/09/2014
2014027236;5;2;2;2;3;420;06/10/2014
2014027237;2;2;1;1;7;420;09/10/2014
2014027238;5;2;1;1;7;420;11/10/2014
2014027239;1;2;1;3;7;420;12/10/2014
2014027240;1;2;2;1;3;420;17/10/2014
2014027241;1;2;1;1;4;420;18/10/2014
2014027242;5;2;2;1;3;420;18/10/2014
2014027243;1;2;4;1;6;420;18/10/2014
2014027244;1;2;2;1;3;420;20/10/2014
2014027245;1;2;2;1;3;420;21/10/2014
2014027246;1;2;1;1;2;420;27/10/2014
2014027247;1;2;1;1;7;420;27/10/2014
2014027248;5;2;6;1;3;420;28/10/2014
2014027249;1;2;6;1;7;420;29/10/2014
2014027250;5;2;2;1;3;420;29/10/2014
2014027251;1;2;2;1;7;420;03/11/2014
2014027252;5;1;1;3;7;420;04/11/2014
2014027253;1;2;2;1;3;420;08/11/2014
2014027254;5;2;2;2;3;420;09/11/2014
2014027255;1;2;1;2;7;420;16/11/2014
2014027256;1;2;2;1;3;420;20/11/2014
2014027257;1;2;1;1;7;420;21/11/2014
2014027258;1;2;1;1;6;420;21/11/2014
2014027259;1;2;2;1;3;420;22/11/2014
2014027260;1;2;1;1;7;420;28/11/2014
2014027261;5;2;1;3;6;420;30/11/2014
2014027262;1;2;2;6;6;420;01/12/2014
2014027263;1;2;1;2;3;420;03/12/2014
2014027264;5;2;1;2;6;420;06/12/2014
2014027265;1;2;1;1;3;420;09/12/2014
2014027266;1;2;1;1;4;420;09/12/2014
2014027267;2;2;1;1;7;420;12/12/2014
2014027268;1;2;1;2;6;420;11/12/2014
2014027269;1;2;1;1;2;420;12/12/2014
2014027270;1;2;1;1;7;420;15/12/2014
2014027271;5;2;2;3;3;420;18/12/2014
2014027272;1;2;1;1;2;420;18/12/2014
2014027273;1;1;1;1;6;420;22/12/2014
2014027274;5;2;2;1;3;420;25/12/2014
2014027275;1;2;2;1;3;420;26/12/2014
2014027276;1;2;1;2;5;420;16/01/2014
2014027277;1;2;1;1;3;420;10/01/2014
2014027278;5;2;1;2;3;420;13/01/2014
2014027279;1;2;1;7;3;420;04/02/2014
2014027280;1;2;1;1;6;420;11/02/2014
2014027281;1;2;1;1;6;420;13/02/2014
2014027282;1;2;1;1;6;420;14/02/2014
2014027283;1;2;1;8;6;420;21/01/2014
2014027284;1;2;1;1;3;420;19/05/2014
2014027285;1;2;1;1;1;420;16/06/2014
2014027286;1;2;1;1;5;420;13/06/2014
2014027287;1;2;3;3;3;420;18/06/2014
2014027288;1;2;1;1;6;420;26/06/2014
2014027289;1;2;1;1;2;420;19/07/2014
2014027290;1;2;1;1;2;420;15/08/2014
2014027291;1;2;1;1;3;420;03/09/2014
2014027292;5;2;2;1;3;420;02/10/2014
2014027293;1;1;1;1;1;420;08/10/2014
2014027294;2;2;3;1;3;420;28/11/2014
2014027295;5;2;1;2;6;420;17/12/2014
2014027296;3;1;1;2;6;420;03/01/2014
2014027297;5;2;1;1;4;420;08/12/2014
2014027298;1;2;1;1;6;420;07/01/2014
2014027299;5;2;2;1;1;420;07/01/2014
2014027300;1;2;1;1;6;420;09/01/2014
2014027301;5;2;3;1;6;420;16/12/2014
2014027302;1;2;3;1;6;420;11/01/2014
2014027303;5;2;2;1;6;420;14/01/2014
2014027304;5;2;1;2;6;420;14/01/2014
2014027305;1;2;1;1;6;420;16/01/2014
2014027306;5;2;3;2;6;420;22/01/2014
2014027307;3;2;3;1;3;420;23/01/2014
2014027308;1;2;2;1;3;420;23/01/2014
2014027309;1;2;3;1;6;420;26/01/2014
2014027310;5;2;1;3;6;420;30/01/2014
2014027311;2;2;3;8;6;420;31/01/2014
2014027312;1;2;1;1;6;420;01/02/2014
2014027313;1;2;2;1;3;420;02/02/2014
2014027314;5;2;6;1;6;420;06/02/2014
2014027315;1;1;3;1;3;420;06/02/2014
2014027316;1;2;1;1;6;420;11/02/2014
2014027317;1;2;3;1;6;420;10/02/2014
2014027318;1;2;2;8;3;420;20/02/2014
2014027319;1;2;1;8;5;420;20/02/2014
2014027320;1;2;1;1;6;420;21/02/2014
2014027321;2;2;1;1;6;420;23/02/2014
2014027322;1;1;1;1;6;420;23/02/2014
2014027323;1;2;3;1;3;420;23/02/2014
2014027324;1;2;2;1;3;420;24/02/2014
2014027325;1;1;1;1;1;420;20/02/2014
2014027326;1;2;1;1;6;420;25/02/2014
2014027327;1;2;9;3;6;420;27/02/2014
2014027328;1;2;1;1;6;420;01/03/2014
2014027329;5;2;2;1;2;420;01/03/2014
2014027330;1;2;2;1;3;420;07/03/2014
2014027331;3;1;1;1;6;420;09/03/2014
2014027332;1;2;3;1;6;420;24/03/2014
2014027333;1;2;1;1;6;420;24/03/2014
2014027334;1;2;2;8;3;420;03/04/2014
2014027335;1;2;3;1;3;420;04/04/2014
2014027336;1;2;2;1;3;420;08/04/2014
2014027337;1;2;1;1;6;420;14/04/2014
2014027338;1;2;1;1;6;420;14/04/2014
2014027339;1;2;1;1;6;420;15/04/2014
2014027340;1;2;3;1;1;420;15/04/2014
2014027341;1;2;1;1;6;420;16/04/2014
2014027342;1;2;1;1;6;420;16/04/2014
2014027343;1;2;1;1;2;420;16/04/2014
2014027344;1;2;1;1;6;420;16/04/2014
2014027345;1;2;1;1;6;420;25/04/2014
2014027346;1;2;2;1;6;420;28/04/2014
2014027347;1;2;1;1;6;420;29/04/2014
2014027348;5;2;1;1;6;420;12/05/2014
2014027349;1;2;1;1;6;420;29/04/2014
2014027350;1;2;2;1;1;420;30/04/2014
2014027351;1;1;1;1;6;420;01/05/2014
2014027352;1;1;1;1;3;420;05/05/2014
2014027353;1;2;1;1;6;420;13/05/2014
2014027354;1;2;1;1;2;420;18/05/2014
2014027355;1;2;1;1;2;420;19/05/2014
2014027356;1;2;1;1;6;420;19/05/2014
2014027357;1;2;1;1;3;420;24/05/2014
2014027358;1;2;1;2;6;420;27/05/2014
2014027359;1;2;1;1;6;420;27/05/2014