num_acc;lum;agg;inter;atm;col;dep;date
2014027360;1;2;1;1;6;420;27/05/2014
2014027361;1;2;1;1;6;420;27/05/2014
2014027362;1;2;3;1;6;420;30/05/2014
2014027363;5;2;1;1;6;420;01/06/2014
2014027364;1;2;1;1;6;420;04/06/2014
2014027365;1;2;3;1;3;420;07/06/2014
2014027366;1;2;1;1;6;420;06/06/2014
2014027367;1;2;6;1;3;420;09/06/2014
2014027368;1;2;6;1;3;420;06/06/2014
2014027369;1;2;1;1;6;420;11/06/2014
2014027370;1;1;1;1;6;420;12/06/2014
2014027371;1;2;2;1;3;420;15/06/2014
2014027372;1;2;1;1;6;420;16/06/2014
2014027373;1;2;1;1;6;420;19/06/2014
2014027374;1;2;2;1;6;420;19/06/2014
2014027375;1;2;3;1;2;420;21/06/2014
2014027376;5;2;1;1;6;420;21/06/2014
2014027377;1;2;1;1;6;420;23/06/2014
2014027378;1;2;4;1;6;420;23/06/2014
2014027379;1;2;3;1;3;420;25/06/2014
2014027380;1;2;1;1;3;420;27/06/2014
2014027381;1;2;1;1;1;420;26/06/2014
2014027382;1;2;1;1;6;420;27/06/2014
2014027383;5;2;1;1;7;420;01/07/2014
2014027384;1;1;1;3;1;420;04/07/2014
2014027385;1;2;1;8;6;420;15/07/2014
2014027386;1;2;1;1;4;420;16/07/2014
2014027387;1;2;1;1;2;420;17/07/2014
2014027388;1;2;1;3;6;420;21/07/2014
2014027389;5;2;1;1;6;420;22/07/2014
2014027390;1;2;1;3;6;420;25/07/2014
2014027391;3;2;1;3;3;420;01/08/2014
2014027392;1;2;1;1;7;420;15/08/2014
2014027393;5;2;2;1;3;420;23/08/2014
2014027394;1;2;2;1;3;420;23/08/2014
2014027395;1;2;2;1;3;420;23/08/2014
2014027396;2;2;1;1;7;420;28/08/2014
2014027397;1;2;1;1;6;420;06/09/2014
2014027398;5;2;1;1;6;420;08/09/2014
2014027399;1;2;1;3;6;420;08/09/2014
2014027400;1;2;1;1;3;420;11/09/2014
2014027401;4;2;6;1;2;420;14/09/2014
2014027402;1;2;1;3;2;420;15/09/2014
2014027403;1;1;1;1;5;420;15/09/2014
2014027404;5;2;1;1;3;420;16/09/2014
2014027405;1;2;1;1;6;420;18/09/2014
2014027406;5;2;2;1;3;420;19/09/2014
2014027407;1;2;1;1;6;420;16/09/2014
2014027408;5;2;3;1;6;420;23/09/2014
2014027409;5;2;1;1;6;420;23/09/2014
2014027410;1;1;1;1;6;420;26/09/2014
2014027411;1;2;1;1;6;420;26/09/2014
2014027412;1;2;1;3;2;420;29/09/2014
2014027413;1;2;2;1;3;420;29/09/2014
2014027414;5;2;2;1;3;420;02/10/2014
2014027415;1;2;1;1;3;420;26/09/2014
2014027416;1;2;1;1;6;420;03/10/2014
2014027417;1;2;3;1;3;420;04/10/2014
2014027418;1;2;1;1;3;420;03/10/2014
2014027419;1;2;1;1;6;420;03/10/2014
2014027420;1;2;2;1;3;420;07/10/2014
2014027421;2;2;1;1;6;420;07/10/2014
2014027422;1;2;2;2;6;420;13/10/2014
2014027423;1;2;8;1;6;420;11/10/2014
2014027424;1;2;2;1;3;420;13/10/2014
2014027425;5;2;1;1;7;420;24/10/2014
2014027426;1;2;3;1;3;420;24/10/2014
2014027427;2;2;1;1;3;420;25/10/2014
2014027428;1;1;1;1;6;420;25/10/2014
2014027429;5;2;1;1;6;420;26/10/2014
2014027430;5;2;3;1;3;420;26/10/2014
2014027431;5;2;1;1;3;420;27/10/2014
2014027432;1;2;1;1;3;420;30/10/2014
2014027433;1;2;1;1;4;420;31/10/2014
2014027434;1;2;2;1;3;420;31/10/2014
2014027435;1;2;1;1;6;420;07/11/2014
2014027436;2;1;1;1;4;420;07/11/2014
2014027437;5;2;1;1;6;420;11/11/2014
2014027438;5;2;1;1;6;420;13/11/2014
2014027439;1;2;8;1;6;420;13/11/2014
2014027440;4;2;1;1;6;420;15/11/2014
2014027441;3;1;1;1;2;420;26/11/2014
2014027442;1;2;1;1;3;420;27/11/2014
2014027443;1;2;2;1;3;420;27/11/2014
2014027444;5;2;1;1;6;420;03/12/2014
2014027445;5;2;1;2;4;420;03/12/2014
2014027446;1;2;2;2;3;420;08/12/2014
2014027447;2;2;1;2;6;420;08/12/2014
2014027448;5;2;1;1;6;420;12/12/2014
2014027449;1;2;1;1;1;420;14/12/2014
2014027450;5;2;1;1;6;420;12/12/2014
2014027451;2;2;2;1;1;420;11/12/2014
2014027452;1;2;1;1;5;420;17/12/2014
2014027453;1;1;1;1;6;420;27/12/2014
2014027454;5;2;2;4;6;420;28/12/2014
2014027455;5;2;1;2;6;430;13/01/2014
2014027456;1;2;1;2;6;430;16/01/2014
2014027457;5;2;2;1;3;430;27/01/2014
2014027458;1;2;1;1;4;430;07/02/2014
2014027459;1;2;3;1;2;430;03/02/2014
2014027460;5;2;6;1;3;430;07/02/2014
2014027461;1;1;1;1;1;430;19/03/2014
2014027462;1;2;1;1;6;430;14/04/2014
2014027463;1;2;1;1;6;430;11/04/2014
2014027464;1;1;3;2;3;430;13/05/2014
2014027465;1;2;3;1;3;430;21/05/2014
2014027466;1;2;1;1;6;430;03/06/2014
2014027467;1;2;1;1;6;430;05/06/2014
2014027468;1;1;3;1;3;430;10/06/2014
2014027469;1;2;1;1;6;430;10/06/2014
2014027470;1;2;2;1;3;430;08/06/2014
2014027471;1;2;1;1;6;430;11/06/2014
2014027472;1;2;6;1;3;430;12/06/2014
2014027473;1;2;2;1;3;430;20/06/2014
2014027474;1;1;1;1;6;430;26/06/2014
2014027475;1;2;1;1;6;430;13/07/2014
2014027476;5;2;1;1;6;430;17/07/2014
2014027477;1;1;3;1;3;430;06/08/2014
2014027478;1;1;1;1;1;430;16/08/2014
2014027479;1;1;1;1;6;430;29/08/2014
2014027480;2;2;1;1;3;430;02/09/2014
2014027481;1;2;1;1;6;430;13/09/2014
2014027482;1;2;1;1;6;430;17/09/2014
2014027483;2;2;1;1;6;430;16/09/2014
2014027484;5;2;1;1;1;430;21/09/2014
2014027485;1;2;3;1;3;430;07/09/2014
2014027486;1;2;1;1;6;430;30/09/2014
2014027487;2;2;1;1;3;430;07/10/2014
2014027488;5;2;1;3;1;430;09/10/2014
2014027489;1;2;1;1;3;430;11/10/2014
2014027490;1;2;9;1;6;430;20/10/2014
2014027491;1;2;1;1;6;430;31/10/2014
2014027492;1;2;1;1;6;430;30/10/2014
2014027493;1;2;1;1;6;430;07/11/2014
2014027494;2;2;1;1;6;430;21/11/2014
2014027495;5;2;1;1;6;430;21/12/2014
2014027496;1;2;2;1;3;430;15/04/2014
2014027497;1;2;1;1;7;440;12/02/2014
2014027498;1;2;2;1;3;440;21/02/2014
2014027499;1;2;1;1;7;440;22/02/2014
2014027500;5;2;6;1;7;440;23/02/2014
2014027501;1;1;1;1;7;440;07/03/2014
2014027502;1;2;3;1;6;440;12/03/2014
2014027503;5;2;3;1;3;440;17/03/2014
2014027504;1;2;3;1;3;440;26/03/2014
2014027505;1;2;1;1;6;440;30/03/2014
2014027506;1;2;1;7;6;440;04/04/2014
2014027507;1;2;6;1;3;440;08/04/2014
2014027508;1;2;1;1;1;440;09/04/2014
2014027509;1;1;1;1;2;440;12/04/2014
2014027510;1;2;3;1;3;440;15/04/2014
2014027511;1;2;1;1;3;440;16/04/2014
2014027512;5;2;1;1;7;440;17/04/2014
2014027513;1;2;1;1;4;440;18/04/2014
2014027514;1;1;1;1;7;440;20/04/2014
2014027515;5;2;1;1;6;440;20/04/2014
2014027516;1;2;1;2;7;440;23/04/2014
2014027517;1;2;6;1;3;440;30/04/2014
2014027518;1;2;2;1;3;440;30/04/2014
2014027519;1;2;2;1;1;440;04/05/2014
2014027520;5;2;1;1;6;440;06/05/2014
2014027521;1;2;3;2;3;440;08/05/2014
2014027522;1;1;1;1;1;440;27/05/2014
2014027523;1;2;1;1;2;440;28/05/2014
2014027524;1;2;1;1;2;440;30/05/2014
2014027525;5;2;1;1;6;440;31/05/2014
2014027526;5;2;1;1;7;440;01/06/2014
2014027527;1;2;6;1;6;440;23/06/2014
2014027528;1;2;1;1;6;440;27/06/2014
2014027529;5;2;2;1;3;440;29/06/2014
2014027530;1;1;1;1;7;440;04/07/2014
2014027531;1;2;6;1;3;440;10/07/2014
2014027532;1;2;9;1;2;440;11/07/2014
2014027533;1;2;1;2;2;440;13/07/2014
2014027534;1;2;1;1;2;440;13/07/2014
2014027535;1;2;1;1;2;440;14/07/2014
2014027536;1;2;2;1;3;440;19/07/2014
2014027537;3;1;1;1;6;440;20/07/2014
2014027538;3;1;1;1;6;440;25/07/2014
2014027539;1;2;6;1;3;440;26/07/2014
2014027540;5;2;6;1;6;440;27/07/2014
2014027541;1;2;1;1;2;440;29/07/2014
2014027542;1;2;1;1;3;440;03/08/2014
2014027543;5;2;6;1;7;440;19/08/2014
2014027544;1;2;1;1;7;440;04/09/2014
2014027545;1;2;1;1;2;440;07/09/2014
2014027546;1;2;2;1;3;440;15/09/2014
2014027547;1;2;2;1;3;440;18/09/2014
2014027548;1;2;2;1;1;440;19/09/2014
2014027549;1;2;1;1;6;440;19/09/2014
2014027550;5;2;1;1;3;440;19/09/2014
2014027551;1;2;1;1;7;440;28/09/2014
2014027552;3;1;1;1;7;440;06/10/2014
2014027553;1;2;1;1;3;440;21/10/2014
2014027554;5;2;1;1;6;440;23/10/2014
2014027555;5;2;1;1;7;440;26/10/2014
2014027556;5;1;1;1;6;440;30/10/2014
2014027557;1;2;3;1;3;440;30/10/2014
2014027558;5;2;3;1;6;440;30/10/2014
2014027559;1;1;3;1;3;440;01/11/2014
2014027560;1;2;1;1;3;440;01/11/2014
2014027561;1;2;9;8;6;440;02/11/2014
2014027562;1;2;2;1;3;440;05/11/2014
2014027563;5;2;3;1;3;440;04/12/2014
2014027564;4;2;1;1;6;440;21/12/2014
2014027565;5;2;9;1;3;440;21/12/2014
2014027566;1;2;1;1;7;440;02/02/2014
2014027567;1;2;1;1;7;440;17/02/2014
2014027568;3;1;1;4;7;440;04/02/2014
2014027569;1;2;6;7;6;440;18/02/2014
2014027570;3;1;1;3;6;440;05/02/2014
2014027571;1;2;6;1;6;440;01/03/2014
2014027572;5;2;1;1;6;440;06/01/2014
2014027573;5;2;1;1;6;440;06/01/2014
2014027574;1;2;1;1;3;440;07/01/2014
2014027575;1;2;2;1;6;440;06/02/2014
2014027576;1;2;1;1;3;440;09/01/2014
2014027577;5;2;1;1;7;440;09/01/2014
2014027578;5;2;6;3;3;440;06/01/2014
2014027579;1;2;1;1;6;440;09/01/2014
2014027580;5;2;1;1;7;440;11/01/2014
2014027581;5;2;1;9;3;440;08/01/2014
2014027582;2;2;1;9;6;440;13/01/2014
2014027583;5;2;2;5;6;440;19/01/2014
2014027584;5;2;1;1;6;440;20/01/2014
2014027585;2;2;1;1;2;440;21/01/2014
2014027586;2;2;1;1;6;440;23/01/2014
2014027587;1;2;6;1;6;440;13/01/2014
2014027588;1;1;2;1;3;440;14/01/2014
2014027589;1;2;1;1;6;440;01/02/2014
2014027590;1;2;1;1;2;440;01/02/2014
2014027591;1;2;1;1;6;440;08/02/2014
2014027592;5;2;1;1;2;440;09/02/2014
2014027593;5;2;1;1;3;440;08/02/2014
2014027594;1;2;1;1;2;440;10/02/2014
2014027595;1;2;1;1;6;440;09/02/2014
2014027596;1;1;1;8;3;440;09/02/2014
2014027597;5;2;1;3;3;440;31/01/2014
2014027598;3;1;1;1;6;440;09/02/2014
2014027599;1;2;1;1;6;440;15/02/2014
2014027600;1;2;1;1;6;440;14/02/2014
2014027601;2;2;1;1;6;440;17/02/2014
2014027602;1;2;1;9;6;440;17/02/2014
2014027603;5;2;1;1;6;440;14/02/2014
2014027604;1;2;1;1;6;440;18/02/2014
2014027605;1;1;1;1;5;440;21/02/2014
2014027606;1;2;1;1;6;440;21/02/2014
2014027607;5;2;1;2;6;440;22/02/2014
2014027608;3;2;1;1;3;440;23/02/2014
2014027609;1;2;1;1;7;440;23/02/2014
2014027610;1;1;1;9;2;440;21/02/2014
2014027611;5;2;4;1;6;440;25/02/2014
2014027612;2;2;1;5;6;440;26/02/2014
2014027613;2;2;1;5;6;440;16/02/2014
2014027614;1;1;1;1;4;440;26/02/2014
2014027615;1;1;1;1;4;440;16/02/2014
2014027616;2;2;1;9;6;440;22/02/2014
2014027617;5;2;1;1;6;440;26/02/2014
2014027618;1;2;3;1;3;440;18/04/2014
2014027619;1;2;1;1;6;440;26/02/2014
2014027620;1;2;1;1;6;440;01/03/2014
2014027621;3;2;6;3;2;440;02/03/2014
2014027622;1;2;1;8;3;440;03/03/2014
2014027623;1;2;1;1;6;440;05/03/2014
2014027624;1;2;1;1;4;440;05/03/2014
2014027625;1;2;1;1;6;440;07/03/2014
2014027626;5;2;1;1;6;440;08/03/2014
2014027627;5;2;1;1;7;440;11/03/2014
2014027628;5;1;2;1;6;440;14/03/2014
2014027629;1;2;6;1;6;440;14/03/2014
2014027630;1;2;1;9;6;440;14/03/2014
2014027631;1;2;1;1;5;440;17/03/2014
2014027632;1;2;1;1;6;440;18/03/2014
2014027633;5;2;6;3;3;440;21/03/2014
2014027634;1;2;1;1;6;440;21/03/2014
2014027635;5;2;1;1;3;440;22/03/2014
2014027636;1;2;1;2;6;440;23/03/2014
2014027637;1;2;1;1;6;440;24/03/2014
2014027638;1;2;6;2;3;440;24/03/2014
2014027639;5;2;6;1;6;440;24/03/2014
2014027640;1;2;1;1;6;440;26/03/2014
2014027641;1;2;1;1;7;440;28/03/2014
2014027642;2;2;1;1;6;440;29/03/2014
2014027643;1;2;1;1;6;440;29/03/2014
2014027644;1;2;1;1;6;440;31/03/2014
2014027645;1;2;1;1;6;440;31/03/2014
2014027646;2;2;1;1;6;440;07/04/2014
2014027647;1;2;6;1;3;440;07/04/2014
2014027648;1;2;1;1;6;440;08/04/2014
2014027649;1;2;3;1;3;440;10/04/2014
2014027650;1;2;3;1;5;440;10/04/2014
2014027651;5;2;1;1;7;440;10/04/2014
2014027652;1;2;1;1;6;440;12/04/2014
2014027653;1;2;1;1;6;440;12/04/2014
2014027654;1;2;1;1;6;440;13/04/2014
2014027655;1;2;1;1;3;440;15/04/2014
2014027656;1;2;1;1;6;440;16/04/2014
2014027657;1;2;1;1;6;440;18/04/2014
2014027658;1;2;1;1;6;440;19/04/2014
2014027659;5;2;1;1;6;440;19/04/2014
2014027660;2;2;1;1;6;440;19/04/2014
2014027661;1;2;1;1;6;440;21/04/2014
2014027662;1;2;1;1;3;440;24/04/2014
2014027663;2;2;1;9;3;440;24/04/2014
2014027664;2;2;1;1;6;440;25/04/2014
2014027665;2;2;1;9;4;440;26/04/2014
2014027666;5;2;1;3;6;440;26/04/2014
2014027667;2;2;6;2;6;440;27/04/2014
2014027668;1;2;1;2;6;440;27/04/2014
2014027669;1;2;1;1;1;440;27/04/2014
2014027670;1;2;1;1;6;440;28/04/2014
2014027671;1;2;1;2;2;440;28/04/2014
2014027672;1;2;1;1;6;440;28/04/2014
2014027673;1;1;1;1;4;440;29/04/2014
2014027674;1;2;1;1;6;440;30/04/2014
2014027675;5;2;6;1;2;440;02/05/2014
2014027676;1;2;8;1;2;440;05/05/2014
2014027677;1;2;1;8;3;440;06/05/2014
2014027678;1;2;1;1;3;440;09/05/2014
2014027679;2;2;1;1;6;440;09/05/2014
2014027680;1;2;1;1;3;440;15/05/2014
2014027681;2;2;1;1;6;440;15/05/2014
2014027682;1;2;1;1;6;440;16/05/2014
2014027683;1;2;1;1;6;440;18/05/2014
2014027684;1;2;1;2;6;440;21/05/2014
2014027685;1;2;1;2;3;440;21/05/2014
2014027686;1;2;1;8;2;440;22/05/2014
2014027687;1;2;1;1;3;440;03/07/2014
2014027688;1;1;1;1;6;440;28/05/2014
2014027689;1;2;1;1;6;440;24/05/2014
2014027690;1;2;2;2;1;440;28/05/2014
2014027691;5;2;6;1;3;440;29/05/2014
2014027692;5;2;1;9;6;440;03/06/2014
2014027693;1;2;1;1;3;440;04/06/2014
2014027694;1;2;1;1;6;440;05/06/2014
2014027695;1;2;1;9;6;440;05/06/2014
2014027696;1;2;1;1;6;440;06/06/2014
2014027697;1;2;1;1;3;440;06/06/2014
2014027698;2;2;1;2;6;440;09/06/2014
2014027699;2;2;1;1;6;440;09/06/2014
2014027700;1;2;1;1;6;440;10/06/2014
2014027701;1;2;1;1;6;440;12/06/2014
2014027702;1;2;1;1;6;440;12/06/2014
2014027703;1;2;1;1;7;440;13/06/2014
2014027704;1;2;1;1;1;440;14/06/2014
2014027705;1;2;1;1;6;440;15/06/2014
2014027706;1;2;1;1;6;440;17/06/2014
2014027707;5;2;1;1;3;440;15/06/2014
2014027708;1;2;1;1;6;440;18/06/2014
2014027709;1;2;1;9;2;440;18/06/2014
2014027710;1;2;1;1;3;440;18/06/2014
2014027711;1;2;1;1;4;440;19/06/2014
2014027712;1;2;1;1;3;440;19/06/2014
2014027713;1;2;1;1;6;440;19/06/2014
2014027714;5;2;3;1;3;440;19/06/2014
2014027715;1;2;1;1;6;440;20/06/2014
2014027716;1;2;1;1;3;440;20/06/2014
2014027717;3;2;1;1;6;440;22/06/2014
2014027718;5;2;1;1;6;440;22/06/2014
2014027719;1;2;1;1;6;440;23/06/2014
2014027720;5;2;1;1;6;440;27/06/2014
2014027721;3;2;1;3;6;440;29/06/2014
2014027722;1;2;1;1;6;440;02/07/2014
2014027723;3;2;1;1;2;440;03/07/2014
2014027724;1;2;1;1;6;440;03/07/2014
2014027725;1;2;1;7;6;440;03/07/2014
2014027726;1;2;1;1;2;440;04/07/2014
2014027727;1;2;1;2;6;440;04/07/2014
2014027728;1;2;1;1;7;440;04/07/2014
2014027729;1;1;1;1;6;440;08/07/2014
2014027730;1;2;1;1;6;440;08/07/2014
2014027731;1;2;1;1;6;440;09/07/2014
2014027732;1;2;3;1;3;440;09/07/2014
2014027733;1;2;1;1;6;440;11/07/2014
2014027734;1;1;1;1;3;440;12/07/2014
2014027735;1;2;2;1;3;440;12/07/2014
2014027736;1;2;1;1;6;440;12/07/2014
2014027737;5;2;1;9;1;440;15/07/2014
2014027738;1;2;2;1;3;440;16/07/2014
2014027739;1;2;6;1;3;440;16/07/2014
2014027740;1;2;1;1;6;440;18/07/2014
2014027741;1;2;3;1;3;440;19/07/2014
2014027742;1;2;1;1;1;440;21/07/2014
2014027743;1;1;1;9;2;440;21/07/2014
2014027744;1;2;6;1;6;440;22/07/2014
2014027745;1;2;1;1;6;440;22/07/2014
2014027746;1;2;6;9;3;440;26/07/2014
2014027747;1;2;3;1;6;440;30/07/2014
2014027748;1;2;3;1;6;440;30/07/2014
2014027749;1;2;1;1;6;440;01/08/2014
2014027750;1;2;1;1;2;440;25/07/2014
2014027751;1;1;1;1;5;440;04/08/2014
2014027752;1;2;1;1;6;440;05/08/2014
2014027753;1;2;1;1;6;440;09/08/2014
2014027754;3;2;1;1;6;440;10/08/2014
2014027755;1;2;6;1;3;440;11/08/2014
2014027756;5;2;1;1;6;440;14/08/2014
2014027757;2;2;1;1;6;440;16/08/2014
2014027758;2;2;1;1;7;440;17/08/2014
2014027759;5;2;1;1;3;440;15/08/2014
2014027760;5;2;1;1;6;440;24/08/2014
2014027761;3;2;1;1;6;440;24/08/2014
2014027762;1;2;1;1;1;440;26/08/2014
2014027763;3;2;1;1;6;440;26/08/2014
2014027764;5;2;1;2;7;440;28/08/2014
2014027765;5;2;1;1;6;440;31/08/2014
2014027766;1;2;6;1;3;440;01/09/2014
2014027767;1;2;1;1;3;440;04/09/2014
2014027768;1;2;1;1;6;440;05/09/2014
2014027769;5;2;1;1;6;440;05/09/2014
2014027770;5;2;6;1;7;440;06/09/2014
2014027771;1;2;1;1;3;440;09/09/2014
2014027772;1;2;1;1;6;440;07/09/2014
2014027773;1;2;1;1;2;440;06/09/2014
2014027774;1;2;1;1;6;440;09/09/2014
2014027775;1;2;1;1;6;440;11/09/2014
2014027776;1;2;7;9;6;440;11/09/2014
2014027777;1;2;1;1;6;440;11/09/2014
2014027778;1;2;3;9;6;440;12/09/2014
2014027779;1;2;1;1;7;440;16/09/2014
2014027780;5;2;1;2;2;440;16/09/2014
2014027781;1;2;6;1;3;440;16/09/2014
2014027782;1;2;1;1;6;440;17/09/2014
2014027783;1;2;3;1;3;440;17/09/2014
2014027784;1;2;1;9;3;440;17/09/2014
2014027785;5;2;1;1;6;440;18/09/2014
2014027786;1;2;1;1;3;440;18/09/2014
2014027787;1;2;1;9;3;440;19/08/2014
2014027788;1;1;1;1;3;440;22/09/2014
2014027789;1;2;3;1;3;440;20/09/2014
2014027790;2;2;1;1;2;440;25/09/2014
2014027791;5;2;1;1;6;440;26/09/2014
2014027792;1;2;1;1;6;440;29/09/2014
2014027793;1;2;1;1;2;440;29/09/2014
2014027794;2;2;1;1;6;440;29/09/2014
2014027795;1;2;1;1;6;440;28/09/2014
2014027796;1;2;1;1;2;440;30/09/2014
2014027797;5;2;1;9;3;440;03/10/2014
2014027798;2;2;1;9;6;440;28/09/2014
2014027799;5;2;1;1;1;440;05/10/2014
2014027800;1;1;1;1;6;440;05/10/2014
2014027801;4;2;1;1;6;440;07/10/2014
2014027802;5;2;1;2;7;440;08/10/2014
2014027803;4;2;1;1;6;440;09/10/2014
2014027804;1;2;1;1;6;440;08/10/2014
2014027805;5;2;1;1;6;440;09/10/2014
2014027806;5;2;1;1;6;440;11/10/2014
2014027807;5;2;1;1;2;440;12/10/2014
2014027808;1;2;1;1;3;440;14/10/2014
2014027809;2;2;1;1;6;440;16/10/2014
2014027810;2;1;1;1;2;440;17/10/2014
2014027811;2;2;1;1;3;440;20/10/2014
2014027812;1;2;1;1;6;440;20/10/2014
2014027813;1;2;1;1;3;440;21/10/2014
2014027814;5;2;1;1;7;440;21/10/2014
2014027815;1;1;1;1;5;440;20/10/2014
2014027816;1;2;2;1;3;440;23/10/2014
2014027817;5;2;1;1;3;440;23/10/2014
2014027818;5;2;1;9;6;440;25/10/2014
2014027819;5;2;1;1;6;440;25/10/2014
2014027820;1;2;1;1;7;440;26/10/2014
2014027821;1;2;1;1;7;440;27/10/2014
2014027822;1;2;1;1;6;440;27/10/2014
2014027823;1;2;1;9;6;440;28/10/2014
2014027824;5;2;1;1;6;440;28/10/2014
2014027825;3;1;1;1;3;440;28/10/2014
2014027826;3;2;6;9;3;440;28/10/2014
2014027827;5;2;1;1;2;440;29/10/2014
2014027828;1;2;1;1;3;440;30/10/2014
2014027829;5;2;1;1;3;440;30/10/2014
2014027830;1;2;1;7;6;440;30/10/2014
2014027831;1;2;1;1;3;440;31/10/2014
2014027832;1;2;1;1;3;440;30/10/2014
2014027833;5;2;1;2;6;440;03/11/2014
2014027834;1;2;3;4;3;440;06/11/2014
2014027835;1;2;1;1;2;440;11/11/2014
2014027836;1;2;1;1;7;440;11/11/2014
2014027837;1;2;1;1;6;440;12/11/2014
2014027838;5;2;1;9;6;440;12/11/2014
2014027839;2;2;1;1;6;440;13/11/2014
2014027840;3;1;1;9;6;440;15/11/2014
2014027841;5;2;1;1;6;440;16/11/2014
2014027842;5;2;1;9;7;440;14/11/2014
2014027843;1;2;1;1;6;440;18/11/2014
2014027844;1;2;1;8;3;440;20/11/2014
2014027845;1;2;1;1;3;440;20/11/2014
2014027846;1;2;1;1;6;440;21/11/2014
2014027847;5;2;1;1;6;440;22/11/2014
2014027848;1;2;1;1;3;440;22/11/2014
2014027849;5;2;1;1;6;440;22/11/2014
2014027850;5;2;1;1;6;440;23/11/2014
2014027851;5;2;1;9;2;440;21/11/2014
2014027852;1;2;1;1;3;440;21/11/2014
2014027853;2;2;1;9;7;440;24/11/2014
2014027854;5;2;1;9;7;440;23/11/2014
2014027855;1;2;1;1;5;440;26/11/2014
2014027856;2;2;1;1;6;440;27/11/2014
2014027857;5;2;1;1;6;440;27/11/2014
2014027858;3;2;1;1;1;440;28/11/2014
2014027859;5;2;1;1;1;440;29/11/2014
2014027860;5;2;6;1;3;440;29/11/2014
2014027861;5;2;1;1;6;440;28/11/2014
2014027862;1;2;1;8;3;440;01/12/2014
2014027863;2;1;1;1;7;440;03/12/2014
2014027864;1;2;6;1;3;440;06/12/2014
2014027865;1;2;1;1;6;440;08/12/2014
2014027866;5;2;1;1;2;440;05/12/2014
2014027867;2;2;1;1;3;440;09/12/2014
2014027868;1;2;3;1;6;440;11/12/2014
2014027869;1;2;9;1;3;440;06/12/2014
2014027870;1;2;3;1;1;440;15/12/2014
2014027871;2;2;1;2;6;440;16/12/2014
2014027872;2;2;1;2;6;440;16/12/2014
2014027873;5;2;1;1;6;440;29/11/2014
2014027874;5;2;1;2;6;440;23/12/2014
2014027875;5;2;1;1;6;440;17/12/2014
2014027876;2;2;1;2;6;440;18/12/2014
2014027877;1;2;1;1;6;440;18/12/2014
2014027878;1;2;1;1;5;440;08/12/2014
2014027879;2;2;1;1;6;440;04/11/2014
2014027880;2;2;1;1;6;440;17/12/2014
2014027881;1;2;1;1;6;440;21/12/2014
2014027882;5;2;1;2;5;440;24/12/2014
2014027883;2;2;3;1;1;440;26/12/2014
2014027884;1;2;1;1;7;440;31/12/2014
2014027885;1;2;2;2;3;440;02/01/2014
2014027886;5;2;8;1;3;440;02/01/2014
2014027887;1;2;1;1;7;440;07/01/2014
2014027888;1;2;9;1;3;440;14/01/2014
2014027889;1;2;2;1;3;440;17/01/2014
2014027890;1;2;2;1;7;440;30/01/2014
2014027891;1;2;1;1;3;440;31/01/2014
2014027892;2;2;2;1;3;440;02/02/2014
2014027893;1;2;2;2;3;440;07/02/2014
2014027894;1;2;1;1;3;440;07/02/2014
2014027895;2;2;1;2;7;440;09/02/2014
2014027896;5;2;2;3;3;440;07/02/2014
2014027897;1;2;1;1;1;440;13/02/2014
2014027898;1;2;1;1;3;440;18/02/2014
2014027899;5;2;3;1;6;440;22/02/2014
2014027900;1;2;1;2;6;440;25/02/2014
2014027901;1;2;6;1;2;440;27/02/2014
2014027902;1;2;1;1;7;440;27/02/2014
2014027903;1;2;1;1;2;440;16/03/2014
2014027904;1;2;1;1;4;440;08/03/2014
2014027905;1;2;1;1;2;440;13/03/2014
2014027906;2;2;1;1;3;440;20/03/2014
2014027907;1;2;1;1;7;440;30/03/2014
2014027908;1;2;2;1;3;440;31/03/2014
2014027909;1;2;2;1;3;440;03/04/2014
2014027910;1;2;6;1;3;440;17/04/2014
2014027911;1;2;1;1;3;440;23/04/2014
2014027912;1;2;1;2;6;440;27/04/2014
2014027913;1;2;1;1;1;440;03/05/2014
2014027914;1;2;5;1;3;440;12/05/2014
2014027915;1;2;2;1;3;440;13/05/2014
2014027916;2;2;2;1;3;440;14/05/2014
2014027917;1;2;1;1;3;440;15/05/2014
2014027918;1;2;1;2;7;440;21/05/2014
2014027919;1;2;2;1;3;440;23/05/2014
2014027920;1;2;1;1;7;440;26/05/2014
2014027921;1;1;1;1;3;440;29/05/2014
2014027922;2;2;3;2;3;440;03/06/2014
2014027923;1;2;2;1;3;440;05/06/2014
2014027924;1;2;1;1;6;440;06/06/2014
2014027925;1;2;1;1;5;440;11/06/2014
2014027926;1;2;2;1;3;440;15/06/2014
2014027927;1;2;1;1;6;440;17/06/2014
2014027928;1;2;1;1;7;440;14/06/2014
2014027929;1;2;1;1;7;440;18/06/2014
2014027930;2;2;3;1;3;440;26/06/2014
2014027931;1;2;2;1;3;440;30/06/2014
2014027932;1;2;3;1;3;440;01/07/2014
2014027933;1;2;1;1;7;440;04/07/2014
2014027934;1;2;1;1;3;440;04/07/2014
2014027935;1;2;6;1;3;440;04/07/2014
2014027936;2;1;2;8;6;440;05/07/2014
2014027937;2;2;1;2;6;440;06/07/2014
2014027938;1;2;2;1;3;440;09/07/2014
2014027939;2;2;6;1;3;440;13/07/2014
2014027940;1;2;2;1;3;440;15/07/2014