num_acc;lum;agg;inter;atm;col;dep;date
2014028521;1;2;2;1;6;490;16/10/2014
2014028522;2;2;1;1;7;490;17/10/2014
2014028523;5;2;2;1;3;490;19/10/2014
2014028524;1;2;1;1;2;490;17/10/2014
2014028525;5;2;1;1;7;490;19/10/2014
2014028526;1;2;6;1;3;490;18/10/2014
2014028527;1;2;1;1;2;490;21/10/2014
2014028528;2;1;1;1;7;490;22/10/2014
2014028529;1;2;6;1;3;490;22/10/2014
2014028530;1;2;6;1;3;490;23/10/2014
2014028531;1;2;3;1;3;490;23/10/2014
2014028532;3;1;1;1;3;490;24/10/2014
2014028533;1;2;1;1;2;490;24/10/2014
2014028534;1;2;1;1;3;490;27/10/2014
2014028535;1;2;1;1;6;490;28/10/2014
2014028536;1;2;3;1;2;490;28/10/2014
2014028537;1;2;6;1;2;490;29/10/2014
2014028538;5;2;6;1;7;490;29/10/2014
2014028539;1;2;2;1;3;490;29/10/2014
2014028540;1;2;1;1;2;490;30/10/2014
2014028541;3;2;4;1;3;490;30/10/2014
2014028542;2;2;1;1;5;490;02/10/2014
2014028543;1;2;2;1;3;490;01/11/2014
2014028544;2;2;1;1;7;490;04/11/2014
2014028545;1;2;1;1;2;490;04/11/2014
2014028546;1;2;1;1;6;490;31/10/2014
2014028547;5;2;2;9;3;490;05/11/2014
2014028548;5;2;1;1;6;490;05/11/2014
2014028549;1;2;3;1;7;490;07/11/2014
2014028550;3;1;1;2;5;490;07/11/2014
2014028551;5;2;6;1;2;490;08/11/2014
2014028552;5;2;1;2;3;490;10/11/2014
2014028553;2;2;6;1;7;490;10/11/2014
2014028554;4;2;1;2;7;490;11/11/2014
2014028555;1;2;6;1;3;490;13/11/2014
2014028556;2;2;1;3;7;490;03/11/2014
2014028557;1;2;6;1;3;490;06/11/2014
2014028558;5;2;3;1;6;490;21/11/2014
2014028559;3;2;1;1;7;490;20/11/2014
2014028560;5;2;1;1;6;490;20/11/2014
2014028561;4;2;9;1;7;490;21/11/2014
2014028562;5;2;1;1;7;490;21/11/2014
2014028563;2;2;1;1;7;490;21/11/2014
2014028564;2;1;2;1;3;490;21/11/2014
2014028565;1;2;1;8;6;490;22/11/2014
2014028566;1;2;1;1;3;490;22/11/2014
2014028567;1;2;6;8;6;490;22/11/2014
2014028568;1;2;1;9;3;490;25/11/2014
2014028569;5;2;1;5;6;490;25/11/2014
2014028570;2;2;1;1;6;490;27/11/2014
2014028571;2;1;1;1;7;490;01/12/2014
2014028572;1;2;1;1;6;490;30/11/2014
2014028573;1;2;2;1;6;490;01/12/2014
2014028574;2;2;1;2;6;490;02/12/2014
2014028575;1;1;1;1;6;490;02/12/2014
2014028576;2;2;1;2;2;490;02/12/2014
2014028577;1;2;1;1;2;490;03/12/2014
2014028578;5;2;1;2;2;490;04/12/2014
2014028579;5;2;2;3;3;490;04/12/2014
2014028580;5;2;1;2;2;490;04/12/2014
2014028581;3;2;1;1;4;490;05/12/2014
2014028582;1;2;2;1;3;490;06/12/2014
2014028583;5;2;2;1;2;490;07/12/2014
2014028584;2;2;2;1;7;490;10/12/2014
2014028585;5;2;6;1;2;490;10/12/2014
2014028586;5;1;1;1;3;490;09/12/2014
2014028587;1;2;4;1;7;490;12/12/2014
2014028588;5;2;1;1;4;490;12/12/2014
2014028589;1;2;1;1;6;490;09/12/2014
2014028590;1;1;1;1;7;490;15/12/2014
2014028591;5;2;1;1;6;490;12/12/2014
2014028592;5;2;3;1;7;490;15/12/2014
2014028593;1;2;1;1;6;490;15/12/2014
2014028594;1;2;1;1;2;490;31/10/2014
2014028595;4;2;1;1;7;490;17/12/2014
2014028596;5;2;3;1;2;490;18/12/2014
2014028597;5;2;6;1;6;490;18/12/2014
2014028598;5;2;2;1;6;490;18/12/2014
2014028599;5;2;3;2;3;490;19/12/2014
2014028600;4;2;2;1;3;490;24/12/2014
2014028601;5;2;2;1;3;490;26/12/2014
2014028602;1;2;2;1;1;490;29/12/2014
2014028603;1;1;1;1;6;490;30/12/2014
2014028604;5;2;2;2;3;490;03/01/2014
2014028605;3;2;1;1;2;490;10/01/2014
2014028606;1;2;3;1;6;490;03/01/2014
2014028607;1;2;3;1;3;490;17/01/2014
2014028608;3;2;2;5;3;490;20/01/2014
2014028609;5;2;2;3;3;490;24/01/2014
2014028610;1;2;2;8;3;490;23/01/2014
2014028611;5;2;1;2;6;490;25/01/2014
2014028612;5;2;2;1;3;490;30/01/2014
2014028613;3;2;6;2;6;490;02/02/2014
2014028614;2;2;1;8;2;490;03/02/2014
2014028615;5;2;1;1;4;490;08/02/2014
2014028616;2;2;1;1;3;490;26/02/2014
2014028617;1;2;1;1;6;490;18/03/2014
2014028618;5;2;6;1;2;490;18/03/2014
2014028619;1;2;1;1;1;490;25/03/2014
2014028620;1;2;1;1;5;490;28/03/2014
2014028621;1;2;1;1;7;490;29/03/2014
2014028622;1;2;6;1;3;490;01/04/2014
2014028623;1;2;1;1;3;490;08/04/2014
2014028624;1;2;1;1;4;490;09/04/2014
2014028625;1;2;6;1;3;490;10/04/2014
2014028626;5;2;1;1;6;490;12/04/2014
2014028627;1;1;1;1;6;490;13/04/2014
2014028628;1;2;3;1;6;490;14/04/2014
2014028629;1;2;1;1;2;490;17/04/2014
2014028630;1;2;3;1;3;490;06/05/2014
2014028631;1;2;1;8;2;490;12/05/2014
2014028632;1;2;1;1;6;490;12/05/2014
2014028633;1;2;6;1;3;490;13/05/2014
2014028634;1;1;1;1;6;490;11/06/2014
2014028635;1;2;1;1;1;490;12/06/2014
2014028636;1;2;3;1;3;490;19/06/2014
2014028637;1;2;6;1;3;490;24/06/2014
2014028638;1;2;1;8;2;490;28/06/2014
2014028639;1;2;6;1;2;490;30/06/2014
2014028640;1;2;1;1;3;490;11/07/2014
2014028641;1;2;1;1;6;490;12/07/2014
2014028642;5;2;2;1;3;490;12/07/2014
2014028643;1;2;1;1;3;490;17/07/2014
2014028644;1;2;1;1;4;490;17/07/2014
2014028645;1;2;2;1;2;490;18/07/2014
2014028646;1;2;1;8;6;490;20/07/2014
2014028647;1;2;9;1;6;490;21/07/2014
2014028648;1;2;2;1;4;490;25/07/2014
2014028649;1;2;2;1;3;490;25/07/2014
2014028650;1;2;2;2;5;490;04/08/2014
2014028651;2;2;1;1;6;490;09/08/2014
2014028652;2;2;1;1;2;490;15/08/2014
2014028653;3;1;1;1;6;490;23/08/2014
2014028654;1;2;1;1;3;490;30/08/2014
2014028655;1;2;3;1;3;490;30/08/2014
2014028656;1;2;1;1;6;490;30/09/2014
2014028657;1;2;1;1;3;490;01/10/2014
2014028658;1;1;1;1;2;490;14/10/2014
2014028659;5;2;3;1;3;490;18/10/2014
2014028660;2;2;3;8;3;490;04/11/2014
2014028661;5;2;3;1;3;490;10/11/2014
2014028662;3;2;3;8;6;490;11/12/2014
2014028663;5;2;1;8;2;490;12/12/2014
2014028664;5;2;1;1;6;490;13/12/2014
2014028665;2;1;1;1;5;490;14/12/2014
2014028666;5;2;1;2;6;490;15/12/2014
2014028667;5;2;3;2;3;490;17/12/2014
2014028668;5;2;3;2;3;490;18/12/2014
2014028669;3;1;1;2;6;490;24/12/2014
2014028670;5;2;1;2;3;490;24/01/2014
2014028671;1;2;6;1;3;490;25/01/2014
2014028672;1;2;6;1;7;490;29/01/2014
2014028673;1;1;1;2;7;490;05/02/2014
2014028674;1;2;1;1;4;490;10/02/2014
2014028675;1;2;3;1;4;490;17/02/2014
2014028676;1;2;1;1;7;490;25/02/2014
2014028677;1;2;1;1;6;490;26/02/2014
2014028678;2;2;6;1;3;490;26/02/2014
2014028679;1;1;1;1;2;490;28/02/2014
2014028680;1;2;3;1;3;490;11/03/2014
2014028681;1;2;6;8;6;490;18/03/2014
2014028682;1;2;1;8;7;490;24/03/2014
2014028683;1;2;2;1;3;490;24/03/2014
2014028684;1;2;3;1;6;490;25/03/2014
2014028685;1;2;1;1;6;490;25/03/2014
2014028686;1;2;6;1;6;490;27/03/2014
2014028687;1;2;6;1;6;490;28/03/2014
2014028688;1;2;1;1;6;490;28/03/2014
2014028689;1;2;6;1;3;490;01/04/2014
2014028690;1;2;4;1;3;490;04/04/2014
2014028691;5;2;6;1;3;490;04/04/2014
2014028692;1;2;6;1;3;490;15/04/2014
2014028693;1;2;1;1;7;490;19/04/2014
2014028694;5;2;6;1;3;490;21/04/2014
2014028695;1;2;1;1;7;490;24/04/2014
2014028696;2;1;1;1;7;490;05/05/2014
2014028697;5;2;1;1;7;490;07/05/2014
2014028698;1;2;1;1;6;490;15/05/2014
2014028699;1;1;1;1;7;490;15/05/2014
2014028700;1;2;1;1;7;490;17/05/2014
2014028701;1;2;6;1;3;490;19/05/2014
2014028702;1;2;2;1;3;490;27/05/2014
2014028703;1;2;1;1;3;490;02/06/2014
2014028704;1;1;1;1;7;490;04/06/2014
2014028705;1;2;1;1;6;490;06/06/2014
2014028706;1;2;2;1;3;490;18/06/2014
2014028707;1;2;1;1;6;490;22/06/2014
2014028708;1;2;1;1;6;490;25/06/2014
2014028709;4;2;6;1;6;490;28/06/2014
2014028710;1;2;1;3;7;490;28/06/2014
2014028711;1;2;1;1;1;490;04/07/2014
2014028712;1;2;1;2;6;490;06/07/2014
2014028713;1;2;3;1;7;490;22/07/2014
2014028714;2;2;1;1;1;490;23/07/2014
2014028715;2;2;1;1;7;490;23/07/2014
2014028716;1;2;1;1;7;490;01/08/2014
2014028717;1;2;1;1;6;490;06/08/2014
2014028718;1;2;6;1;3;490;06/08/2014
2014028719;1;2;1;1;2;490;10/08/2014
2014028720;1;2;1;6;7;490;10/08/2014
2014028721;4;2;6;1;7;490;11/08/2014
2014028722;1;2;1;1;3;490;14/08/2014
2014028723;5;2;1;1;7;490;17/08/2014
2014028724;1;2;1;1;4;490;28/08/2014
2014028725;1;1;4;1;7;490;10/09/2014
2014028726;1;1;1;1;7;490;11/09/2014
2014028727;1;2;1;1;3;490;12/09/2014
2014028728;3;1;1;1;2;490;15/09/2014
2014028729;1;1;1;1;4;490;17/09/2014
2014028730;1;2;1;1;2;490;22/09/2014
2014028731;2;2;1;1;2;490;29/09/2014
2014028732;1;1;1;1;2;490;14/10/2014
2014028733;5;2;2;1;3;490;17/10/2014
2014028734;1;2;1;1;6;490;17/10/2014
2014028735;1;2;1;1;2;490;21/10/2014
2014028736;1;2;2;1;3;490;24/10/2014
2014028737;1;1;1;1;2;490;28/10/2014
2014028738;1;2;2;1;3;490;30/10/2014
2014028739;1;2;3;1;3;490;05/11/2014
2014028740;1;2;1;1;7;490;12/11/2014
2014028741;5;2;1;1;7;490;14/11/2014
2014028742;1;2;1;1;3;490;15/11/2014
2014028743;1;2;6;2;3;490;16/12/2014
2014028744;2;2;1;1;6;490;16/12/2014
2014028745;1;2;1;1;6;490;30/12/2014
2014028746;5;2;6;6;6;500;02/01/2014
2014028747;1;2;6;2;2;500;03/01/2014
2014028748;1;2;6;1;6;500;06/01/2014
2014028749;1;2;3;1;5;500;11/01/2014
2014028750;3;1;1;1;7;500;11/01/2014
2014028751;2;2;3;1;3;500;11/01/2014
2014028752;5;2;2;1;6;500;10/01/2014
2014028753;1;2;1;1;3;500;14/01/2014
2014028754;2;2;1;2;6;500;15/01/2014
2014028755;1;2;1;1;2;500;14/01/2014
2014028756;1;2;2;1;6;500;14/01/2014
2014028757;5;2;1;1;3;500;15/01/2014
2014028758;1;2;2;2;1;500;15/01/2014
2014028759;1;2;4;1;3;500;18/01/2014
2014028760;1;2;1;2;7;500;17/01/2014
2014028761;5;2;1;2;6;500;21/01/2014
2014028762;1;1;1;2;6;500;22/01/2014
2014028763;3;1;1;4;6;500;27/01/2014
2014028764;1;1;1;1;1;500;25/01/2014
2014028765;1;2;3;3;3;500;28/01/2014
2014028766;1;2;3;1;7;500;30/01/2014
2014028767;3;2;1;1;6;500;30/01/2014
2014028768;5;2;1;3;6;500;31/01/2014
2014028769;1;2;1;1;7;500;01/02/2014
2014028770;1;2;1;1;6;500;04/02/2014
2014028771;1;2;2;2;3;500;05/02/2014
2014028772;5;2;1;1;7;500;08/02/2014
2014028773;5;2;1;1;2;500;10/02/2014
2014028774;2;2;4;6;7;500;11/02/2014
2014028775;1;2;1;2;6;500;11/02/2014
2014028776;1;1;1;6;6;500;11/02/2014
2014028777;1;2;6;1;3;500;11/02/2014
2014028778;5;2;2;1;3;500;12/02/2014
2014028779;1;2;2;6;4;500;14/02/2014
2014028780;5;2;2;1;1;500;15/02/2014
2014028781;5;2;2;1;2;500;19/02/2014
2014028782;1;2;3;1;7;500;21/02/2014
2014028783;5;2;2;1;1;500;22/02/2014
2014028784;1;2;1;1;6;500;24/02/2014
2014028785;1;1;1;1;7;500;08/03/2014
2014028786;1;2;1;1;7;500;10/03/2014
2014028787;1;2;4;1;6;500;10/03/2014
2014028788;1;2;2;5;3;500;13/03/2014
2014028789;1;2;3;1;3;500;19/03/2014
2014028790;3;2;1;1;6;500;22/03/2014
2014028791;1;2;3;1;3;500;25/03/2014
2014028792;1;2;1;1;6;500;29/03/2014
2014028793;5;2;1;1;2;500;06/04/2014
2014028794;1;2;3;1;3;500;06/04/2014
2014028795;1;2;1;1;2;500;10/04/2014
2014028796;1;2;1;1;6;500;14/04/2014
2014028797;1;2;1;1;7;500;16/04/2014
2014028798;1;2;1;1;2;500;18/04/2014
2014028799;1;2;3;1;3;500;18/04/2014
2014028800;1;2;3;1;6;500;18/04/2014
2014028801;1;2;1;1;7;500;22/04/2014
2014028802;1;2;6;2;6;500;23/04/2014
2014028803;1;2;2;2;3;500;25/04/2014
2014028804;1;2;1;1;1;500;27/04/2014
2014028805;1;2;1;1;7;500;03/05/2014
2014028806;5;2;1;6;6;500;10/05/2014
2014028807;1;2;1;1;7;500;13/05/2014
2014028808;1;2;1;1;5;500;19/05/2014
2014028809;1;2;1;2;2;500;23/05/2014
2014028810;1;2;1;1;6;500;24/05/2014
2014028811;1;2;1;1;7;500;27/05/2014
2014028812;1;2;1;1;2;500;28/05/2014
2014028813;1;2;1;1;4;500;03/06/2014
2014028814;1;2;1;1;6;500;03/06/2014
2014028815;5;2;1;1;6;500;05/06/2014
2014028816;1;2;1;1;6;500;04/06/2014
2014028817;1;2;1;2;6;500;04/06/2014
2014028818;1;2;3;1;2;500;06/06/2014
2014028819;1;2;1;1;2;500;06/06/2014
2014028820;1;2;3;1;3;500;06/06/2014
2014028821;1;2;2;1;3;500;10/06/2014
2014028822;1;2;6;1;2;500;12/06/2014
2014028823;1;2;2;1;7;500;13/06/2014
2014028824;1;2;1;1;1;500;22/06/2014
2014028825;1;1;1;1;7;500;23/06/2014
2014028826;1;2;1;1;7;500;23/06/2014
2014028827;1;2;1;1;2;500;24/06/2014
2014028828;1;2;4;1;1;500;25/06/2014
2014028829;1;2;6;1;7;500;26/06/2014
2014028830;5;2;1;1;6;500;27/06/2014
2014028831;1;2;1;1;7;500;28/06/2014
2014028832;1;2;1;1;1;500;02/07/2014
2014028833;1;2;1;2;6;500;05/07/2014
2014028834;1;2;1;2;6;500;05/07/2014
2014028835;1;2;3;1;6;500;07/07/2014
2014028836;1;2;2;1;3;500;07/07/2014
2014028837;1;2;1;1;6;500;09/07/2014
2014028838;1;2;1;1;6;500;13/07/2014
2014028839;1;2;1;1;6;500;13/07/2014
2014028840;1;2;1;1;2;500;17/07/2014
2014028841;1;2;1;1;2;500;18/07/2014
2014028842;1;2;1;1;2;500;21/07/2014
2014028843;1;2;2;1;3;500;22/07/2014
2014028844;1;2;3;1;3;500;26/07/2014
2014028845;1;2;2;1;3;500;28/07/2014
2014028846;1;2;1;1;7;500;30/07/2014
2014028847;3;1;1;1;7;500;31/07/2014
2014028848;5;2;3;1;1;500;04/08/2014
2014028849;1;2;3;2;3;500;10/08/2014
2014028850;1;2;1;1;2;500;09/08/2014
2014028851;1;2;2;1;3;500;15/08/2014
2014028852;1;2;1;1;6;500;17/08/2014
2014028853;1;2;2;1;7;500;14/08/2014
2014028854;1;2;1;1;7;500;18/08/2014
2014028855;1;2;1;1;6;500;21/08/2014
2014028856;5;2;1;3;6;500;26/08/2014
2014028857;1;2;6;2;6;500;25/08/2014
2014028858;1;2;3;1;1;500;25/08/2014
2014028859;1;2;3;1;7;500;02/09/2014
2014028860;1;2;2;1;3;500;04/09/2014
2014028861;5;2;2;1;1;500;05/09/2014
2014028862;2;2;1;1;7;500;07/09/2014
2014028863;1;2;2;1;2;500;09/09/2014
2014028864;1;2;1;1;6;500;09/09/2014
2014028865;5;2;1;1;7;500;13/09/2014
2014028866;1;2;1;1;7;500;16/09/2014
2014028867;1;2;3;1;2;500;17/09/2014
2014028868;1;2;1;1;3;500;17/09/2014
2014028869;1;2;1;1;2;500;18/09/2014
2014028870;2;2;1;1;7;500;25/09/2014
2014028871;1;2;2;1;3;500;25/09/2014
2014028872;1;2;1;1;2;500;25/09/2014
2014028873;1;2;1;8;3;500;26/09/2014
2014028874;1;2;1;1;7;500;30/09/2014
2014028875;1;2;1;2;7;500;01/10/2014
2014028876;1;2;1;1;2;500;03/10/2014
2014028877;1;2;3;3;3;500;06/10/2014
2014028878;1;2;2;1;7;500;06/10/2014
2014028879;1;2;1;1;4;500;07/10/2014
2014028880;5;2;1;2;7;500;08/10/2014
2014028881;1;2;2;2;3;500;08/10/2014
2014028882;5;2;1;3;6;500;08/10/2014
2014028883;1;1;4;1;3;500;10/10/2014
2014028884;1;2;7;1;2;500;11/10/2014
2014028885;1;1;2;1;7;500;14/10/2014
2014028886;1;2;2;1;1;500;14/10/2014
2014028887;1;2;2;2;7;500;15/10/2014
2014028888;5;2;1;3;2;500;15/10/2014
2014028889;1;2;1;1;2;500;17/10/2014
2014028890;5;2;2;1;7;500;19/10/2014
2014028891;5;2;3;1;1;500;22/10/2014
2014028892;5;2;2;1;3;500;22/10/2014
2014028893;1;2;1;2;2;500;24/10/2014
2014028894;1;2;2;1;7;500;28/10/2014
2014028895;1;2;1;1;2;500;30/10/2014
2014028896;1;2;1;1;3;500;30/10/2014
2014028897;2;2;1;3;7;500;24/10/2014
2014028898;1;2;3;1;1;500;31/10/2014
2014028899;1;2;1;1;7;500;04/11/2014
2014028900;1;2;1;1;7;500;28/10/2014
2014028901;1;1;1;1;7;500;08/11/2014
2014028902;1;2;9;1;3;500;10/11/2014
2014028903;1;2;1;1;2;500;12/11/2014
2014028904;1;2;1;1;7;500;12/11/2014
2014028905;5;2;2;1;1;500;16/11/2014
2014028906;2;1;1;1;7;500;15/11/2014
2014028907;1;2;3;3;2;500;17/11/2014
2014028908;3;2;1;1;7;500;21/11/2014
2014028909;5;2;1;1;4;500;21/11/2014
2014028910;5;2;1;2;1;500;22/11/2014
2014028911;1;2;3;1;7;500;27/11/2014
2014028912;5;2;1;1;7;500;29/11/2014
2014028913;5;2;6;2;2;500;04/12/2014
2014028914;1;2;1;1;2;500;03/12/2014
2014028915;5;2;2;1;3;500;11/12/2014
2014028916;1;2;2;2;3;500;11/12/2014
2014028917;5;2;1;2;7;500;11/12/2014
2014028918;5;2;3;1;7;500;14/12/2014
2014028919;5;2;6;1;5;500;13/12/2014
2014028920;2;2;4;2;2;500;15/12/2014
2014028921;5;2;3;2;4;500;18/12/2014
2014028922;1;2;2;2;3;500;22/12/2014
2014028923;1;2;2;2;2;500;23/12/2014
2014028924;3;2;1;3;1;500;26/12/2014
2014028925;1;2;1;1;7;500;29/12/2014
2014028926;5;2;2;1;3;500;29/12/2014
2014028927;2;2;1;1;1;500;30/12/2014
2014028928;1;2;1;7;6;500;08/02/2014
2014028929;2;2;3;1;3;500;18/02/2014
2014028930;1;2;2;2;2;500;20/02/2014
2014028931;5;2;1;3;6;500;02/03/2014
2014028932;1;1;1;1;3;500;08/03/2014
2014028933;1;2;3;1;3;500;30/04/2014
2014028934;3;1;6;1;7;500;23/07/2014
2014028935;1;2;1;1;6;500;11/08/2014
2014028936;1;1;3;7;3;500;04/09/2014
2014028937;1;2;1;1;6;500;17/09/2014
2014028938;1;2;1;1;6;500;15/11/2014
2014028939;1;1;3;1;3;500;21/11/2014
2014028940;5;2;1;2;7;500;26/11/2014
2014028941;3;1;6;2;2;500;15/12/2014
2014028942;1;2;1;1;3;500;16/01/2014
2014028943;1;2;1;1;3;500;21/01/2014
2014028944;2;2;1;1;6;500;21/01/2014
2014028945;2;1;1;2;4;500;24/01/2014
2014028946;5;2;1;8;6;500;26/01/2014
2014028947;3;1;1;1;1;500;02/02/2014
2014028948;1;2;1;2;3;500;12/02/2014
2014028949;1;2;3;1;6;500;24/02/2014
2014028950;2;2;1;1;6;500;21/02/2014
2014028951;1;2;1;1;6;500;08/03/2014
2014028952;1;2;1;1;6;500;21/03/2014
2014028953;3;2;1;1;6;500;30/03/2014
2014028954;1;2;1;1;2;500;04/04/2014
2014028955;1;2;1;1;6;500;17/04/2014
2014028956;1;1;1;1;4;500;29/04/2014
2014028957;1;2;2;1;3;500;05/05/2014
2014028958;1;2;1;1;7;500;10/05/2014
2014028959;1;2;1;1;7;500;13/05/2014
2014028960;1;2;1;1;3;500;30/05/2014
2014028961;1;1;1;1;3;500;04/06/2014
2014028962;1;1;1;1;3;500;05/06/2014
2014028963;1;1;1;1;1;500;08/06/2014
2014028964;1;2;1;1;1;500;25/06/2014
2014028965;1;2;1;2;7;500;27/06/2014
2014028966;1;2;6;1;3;500;29/06/2014
2014028967;1;2;3;1;1;500;02/07/2014
2014028968;1;1;1;1;2;500;02/07/2014
2014028969;1;1;1;7;7;500;07/07/2014
2014028970;1;1;1;1;3;500;07/07/2014
2014028971;1;1;1;1;4;500;13/07/2014
2014028972;1;2;1;1;2;500;16/07/2014
2014028973;1;2;1;1;4;500;28/07/2014
2014028974;1;2;1;1;2;500;31/07/2014
2014028975;1;2;1;2;2;500;14/08/2014
2014028976;1;2;2;1;3;500;23/08/2014
2014028977;5;2;1;1;6;500;10/09/2014
2014028978;1;1;1;1;7;500;11/09/2014
2014028979;1;2;6;1;7;500;21/09/2014
2014028980;1;2;1;1;6;500;25/09/2014
2014028981;1;2;1;1;6;500;28/09/2014
2014028982;1;2;6;1;3;500;29/09/2014
2014028983;1;2;1;1;7;500;26/09/2014
2014028984;1;1;6;8;3;500;01/10/2014
2014028985;1;2;1;2;7;500;01/10/2014
2014028986;1;2;1;1;7;500;02/10/2014
2014028987;1;2;3;1;3;500;11/10/2014
2014028988;1;2;1;2;7;500;24/10/2014
2014028989;1;2;1;1;7;500;23/10/2014
2014028990;5;2;1;1;6;500;29/11/2014
2014028991;5;2;2;2;6;500;30/11/2014
2014028992;5;2;1;1;6;500;29/11/2014
2014028993;5;2;1;2;6;500;02/12/2014
2014028994;1;2;1;1;6;500;05/12/2014
2014028995;3;1;3;8;3;500;11/12/2014
2014028996;5;2;1;1;6;500;13/12/2014
2014028997;1;2;1;1;6;500;30/12/2014
2014028998;5;2;1;2;7;500;04/01/2014
2014028999;5;2;1;1;5;500;09/01/2014
2014029000;5;2;3;1;3;500;13/01/2014
2014029001;1;2;2;1;2;500;04/02/2014
2014029002;1;2;1;1;2;500;03/03/2014
2014029003;3;1;1;1;7;500;04/03/2014
2014029004;1;2;6;1;3;500;16/03/2014
2014029005;1;2;1;1;4;500;26/03/2014
2014029006;5;2;1;2;7;500;20/04/2014
2014029007;5;1;2;1;1;500;22/04/2014
2014029008;1;2;1;1;6;500;17/05/2014
2014029009;1;2;1;1;4;500;21/05/2014
2014029010;1;2;2;8;3;500;27/05/2014
2014029011;1;2;1;1;3;500;11/06/2014
2014029012;1;1;1;1;3;500;12/06/2014
2014029013;2;2;1;1;6;500;15/06/2014
2014029014;1;2;1;7;6;500;07/07/2014
2014029015;1;2;1;1;6;500;10/07/2014
2014029016;1;1;1;1;7;500;18/07/2014
2014029017;1;2;2;1;3;500;02/08/2014
2014029018;1;2;1;1;3;500;05/08/2014
2014029019;1;2;1;1;7;500;18/08/2014
2014029020;1;1;1;1;1;500;23/08/2014
2014029021;1;1;3;1;3;500;31/08/2014
2014029022;1;2;3;1;1;500;27/10/2014
2014029023;1;2;1;8;6;500;07/11/2014
2014029024;1;1;1;8;7;500;24/11/2014
2014029025;5;2;6;8;3;500;28/11/2014
2014029026;5;2;1;2;6;500;02/12/2014
2014029027;5;2;1;8;6;500;28/11/2014
2014029028;3;1;1;1;6;500;07/12/2014
2014029029;1;2;3;1;6;510;17/01/2014
2014029030;3;1;1;8;2;510;13/02/2014
2014029031;1;2;3;1;6;510;20/02/2014
2014029032;5;2;4;1;3;510;22/02/2014
2014029033;4;2;1;1;6;510;31/03/2014
2014029034;2;2;1;1;1;510;06/04/2014
2014029035;1;2;2;1;3;510;11/04/2014
2014029036;1;2;2;1;1;510;23/04/2014
2014029037;1;1;1;8;3;510;26/05/2014
2014029038;1;2;2;1;3;510;07/06/2014
2014029039;1;1;1;1;3;510;16/06/2014
2014029040;1;2;1;1;6;510;23/06/2014
2014029041;1;2;3;1;3;510;06/09/2014
2014029042;1;2;2;1;3;510;10/09/2014
2014029043;1;2;1;1;6;510;15/09/2014
2014029044;1;1;1;1;1;510;04/10/2014
2014029045;1;2;2;2;1;510;07/10/2014
2014029046;1;1;1;1;5;510;20/10/2014
2014029047;1;2;3;1;3;510;30/10/2014
2014029048;1;2;1;1;6;510;02/11/2014
2014029049;5;2;2;2;3;510;04/11/2014
2014029050;1;2;2;9;3;510;10/11/2014
2014029051;3;1;1;2;5;510;12/12/2014
2014029052;5;2;1;1;6;510;31/12/2014
2014029053;1;2;1;7;6;510;14/03/2014
2014029054;1;2;1;1;6;510;06/06/2014
2014029055;1;2;1;1;6;510;08/07/2014
2014029056;1;2;2;1;6;510;04/08/2014
2014029057;1;2;6;2;6;510;16/12/2014
2014029058;2;2;1;2;6;510;07/01/2014
2014029059;5;2;1;1;6;510;10/01/2014
2014029060;1;2;2;2;5;510;14/01/2014
2014029061;5;2;1;2;6;510;15/01/2014
2014029062;5;2;2;1;3;510;19/01/2014
2014029063;1;2;1;8;4;510;28/01/2014
2014029064;1;2;1;1;6;510;04/02/2014
2014029065;5;2;1;1;2;510;04/02/2014
2014029066;5;2;1;1;6;510;10/02/2014
2014029067;5;2;1;1;5;510;17/02/2014
2014029068;5;2;1;2;6;510;27/02/2014
2014029069;5;2;2;1;3;510;04/03/2014
2014029070;5;2;2;1;3;510;08/03/2014
2014029071;1;2;2;1;3;510;16/03/2014
2014029072;1;2;1;1;2;510;20/03/2014
2014029073;1;2;1;1;5;510;21/03/2014
2014029074;1;2;1;1;3;510;06/04/2014
2014029075;1;2;2;1;3;510;14/04/2014
2014029076;1;2;1;1;6;510;24/04/2014
2014029077;1;2;1;1;6;510;30/04/2014
2014029078;5;2;1;1;6;510;20/05/2014
2014029079;1;2;6;1;6;510;18/05/2014
2014029080;1;2;1;1;3;510;31/05/2014
2014029081;1;2;1;1;4;510;16/05/2014
2014029082;1;2;1;1;6;510;10/06/2014
2014029083;1;2;1;1;6;510;19/06/2014
2014029084;1;2;1;1;6;510;22/06/2014
2014029085;1;2;2;1;2;510;24/06/2014
2014029086;1;2;1;1;3;510;25/06/2014
2014029087;1;2;2;1;3;510;03/07/2014
2014029088;1;2;1;1;2;510;13/07/2014
2014029089;1;2;2;1;3;510;18/07/2014
2014029090;1;2;3;1;3;510;19/07/2014
2014029091;1;2;3;1;3;510;31/07/2014
2014029092;1;2;1;1;1;510;07/08/2014
2014029093;1;2;1;8;6;510;10/08/2014
2014029094;1;2;2;1;1;510;18/08/2014
2014029095;1;2;2;1;3;510;22/08/2014
2014029096;1;2;1;1;6;510;27/08/2014
2014029097;1;2;1;1;7;510;29/08/2014
2014029098;5;2;1;1;5;510;03/09/2014
2014029099;3;1;1;5;1;510;16/09/2014
2014029100;1;2;1;1;3;510;18/09/2014