num_acc;lum;agg;inter;atm;col;dep;date
2014029681;1;1;1;1;1;550;01/09/2014
2014029682;1;2;1;1;7;550;14/01/2014
2014029683;1;2;1;1;7;550;17/04/2014
2014029684;1;2;1;1;1;550;02/06/2014
2014029685;1;2;1;1;7;550;04/06/2014
2014029686;1;1;1;1;1;550;11/07/2014
2014029687;1;2;1;1;3;550;24/09/2014
2014029688;1;2;1;1;7;550;26/09/2014
2014029689;1;2;1;1;4;550;04/10/2014
2014029690;5;2;2;1;3;550;20/11/2014
2014029691;5;2;1;2;2;550;19/12/2014
2014029692;2;2;1;1;3;560;06/01/2014
2014029693;5;2;2;8;3;560;08/01/2014
2014029694;4;2;1;1;7;560;09/01/2014
2014029695;2;2;1;1;7;560;16/01/2014
2014029696;5;2;1;1;7;560;16/01/2014
2014029697;1;2;3;1;7;560;17/01/2014
2014029698;1;2;1;2;3;560;18/01/2014
2014029699;1;2;1;3;5;560;18/01/2014
2014029700;3;1;1;1;5;560;20/01/2014
2014029701;5;2;2;1;3;560;21/01/2014
2014029702;2;2;1;1;7;560;17/01/2014
2014029703;1;2;1;2;7;560;24/01/2014
2014029704;5;2;1;2;5;560;24/01/2014
2014029705;5;2;1;1;3;560;24/01/2014
2014029706;1;2;1;1;3;560;30/01/2014
2014029707;5;2;1;2;3;560;01/02/2014
2014029708;5;2;1;3;7;560;04/02/2014
2014029709;5;2;1;2;7;560;06/02/2014
2014029710;1;2;1;9;7;560;08/02/2014
2014029711;1;2;3;1;3;560;13/02/2014
2014029712;2;2;1;1;3;560;17/02/2014
2014029713;1;2;3;1;5;560;18/02/2014
2014029714;1;2;1;1;3;560;20/02/2014
2014029715;2;1;1;1;5;560;21/02/2014
2014029716;1;2;1;1;3;560;22/02/2014
2014029717;1;2;1;1;3;560;26/02/2014
2014029718;3;2;1;3;2;560;03/03/2014
2014029719;1;2;1;1;2;560;04/03/2014
2014029720;1;2;1;2;3;560;04/03/2014
2014029721;5;2;1;1;7;560;05/03/2014
2014029722;4;2;1;1;7;560;06/03/2014
2014029723;1;2;3;1;5;560;08/03/2014
2014029724;1;2;1;1;3;560;09/03/2014
2014029725;1;1;1;1;2;560;11/03/2014
2014029726;3;1;1;1;7;560;15/03/2014
2014029727;1;2;1;1;7;560;17/03/2014
2014029728;5;2;2;2;3;560;22/03/2014
2014029729;1;2;1;2;6;560;25/03/2014
2014029730;3;1;1;1;7;560;28/03/2014
2014029731;5;2;1;1;7;560;05/04/2014
2014029732;1;2;2;1;3;560;06/04/2014
2014029733;1;2;3;1;3;560;06/04/2014
2014029734;5;2;1;1;7;560;06/04/2014
2014029735;2;2;1;1;7;560;09/04/2014
2014029736;1;1;1;1;3;560;11/04/2014
2014029737;1;2;1;1;7;560;10/04/2014
2014029738;5;2;1;1;7;560;14/04/2014
2014029739;1;2;9;1;7;560;15/04/2014
2014029740;1;2;1;1;7;560;15/04/2014
2014029741;1;2;1;1;7;560;15/04/2014
2014029742;1;2;1;1;3;560;16/04/2014
2014029743;1;2;1;1;1;560;17/04/2014
2014029744;1;2;1;1;2;560;17/04/2014
2014029745;1;1;1;1;7;560;17/04/2014
2014029746;1;1;1;1;5;560;18/04/2014
2014029747;1;2;1;1;7;560;19/04/2014
2014029748;1;1;1;1;5;560;22/04/2014
2014029749;1;2;3;3;3;560;23/04/2014
2014029750;1;2;3;1;3;560;26/04/2014
2014029751;1;1;1;1;5;560;09/05/2014
2014029752;1;2;1;1;2;560;11/05/2014
2014029753;1;2;2;1;3;560;16/05/2014
2014029754;1;1;1;1;7;560;17/05/2014
2014029755;1;2;1;1;7;560;19/05/2014
2014029756;1;2;1;1;7;560;20/05/2014
2014029757;1;2;1;1;7;560;20/05/2014
2014029758;1;2;1;1;2;560;23/05/2014
2014029759;2;1;1;1;7;560;25/05/2014
2014029760;1;2;1;1;7;560;26/05/2014
2014029761;1;2;1;1;7;560;27/05/2014
2014029762;1;1;1;1;3;560;28/05/2014
2014029763;3;1;1;1;2;560;31/05/2014
2014029764;1;1;1;1;7;560;04/06/2014
2014029765;1;2;1;1;7;560;06/06/2014
2014029766;1;2;1;1;3;560;06/06/2014
2014029767;3;2;1;1;7;560;06/06/2014
2014029768;1;2;1;1;7;560;08/06/2014
2014029769;1;2;1;1;7;560;10/06/2014
2014029770;1;2;3;1;3;560;11/06/2014
2014029771;1;2;1;1;3;560;11/06/2014
2014029772;1;2;1;1;7;560;14/06/2014
2014029773;1;2;1;7;3;560;17/06/2014
2014029774;3;1;1;1;7;560;18/06/2014
2014029775;1;2;1;1;3;560;19/06/2014
2014029776;1;2;1;1;7;560;23/06/2014
2014029777;1;2;1;1;1;560;23/06/2014
2014029778;1;2;1;1;3;560;25/06/2014
2014029779;1;2;1;1;5;560;26/06/2014
2014029780;1;2;1;1;7;560;30/06/2014
2014029781;1;1;1;1;7;560;01/07/2014
2014029782;1;2;3;1;3;560;03/07/2014
2014029783;1;2;6;1;3;560;04/07/2014
2014029784;1;2;1;1;7;560;04/07/2014
2014029785;2;1;1;1;7;560;05/07/2014
2014029786;1;2;1;1;7;560;06/07/2014
2014029787;1;2;1;1;7;560;09/07/2014
2014029788;1;2;2;1;3;560;09/07/2014
2014029789;1;2;1;1;7;560;10/07/2014
2014029790;1;1;1;1;7;560;14/07/2014
2014029791;1;2;1;1;1;560;18/07/2014
2014029792;1;2;1;1;7;560;21/07/2014
2014029793;1;2;1;1;3;560;21/07/2014
2014029794;1;2;1;1;1;560;23/07/2014
2014029795;1;2;1;1;3;560;29/07/2014
2014029796;1;1;1;1;5;560;30/07/2014
2014029797;1;2;1;1;7;560;01/08/2014
2014029798;5;2;1;1;7;560;03/08/2014
2014029799;1;2;1;1;3;560;04/08/2014
2014029800;5;2;1;1;7;560;06/08/2014
2014029801;1;2;2;8;7;560;08/08/2014
2014029802;5;2;1;1;2;560;09/08/2014
2014029803;1;2;1;1;7;560;10/08/2014
2014029804;1;2;1;2;7;560;10/08/2014
2014029805;1;2;1;1;7;560;10/08/2014
2014029806;1;1;1;1;3;560;11/08/2014
2014029807;1;2;1;1;3;560;12/08/2014
2014029808;1;2;1;1;3;560;12/08/2014
2014029809;1;2;1;1;7;560;04/08/2014
2014029810;1;1;1;1;7;560;15/08/2014
2014029811;1;1;1;1;5;560;18/08/2014
2014029812;1;2;1;1;3;560;18/08/2014
2014029813;1;1;6;1;3;560;23/08/2014
2014029814;5;2;1;1;7;560;23/08/2014
2014029815;1;2;1;3;7;560;25/08/2014
2014029816;1;1;1;3;7;560;25/08/2014
2014029817;5;2;1;1;7;560;31/08/2014
2014029818;1;2;1;1;2;560;02/09/2014
2014029819;5;1;1;1;3;560;04/09/2014
2014029820;1;2;1;1;6;560;05/09/2014
2014029821;1;2;1;1;7;560;05/09/2014
2014029822;1;2;1;1;3;560;06/09/2014
2014029823;1;2;2;1;2;560;07/09/2014
2014029824;1;2;2;1;3;560;09/09/2014
2014029825;1;2;1;1;7;560;09/09/2014
2014029826;1;2;1;2;6;560;11/09/2014
2014029827;1;2;1;1;3;560;11/09/2014
2014029828;5;2;1;1;7;560;12/09/2014
2014029829;1;2;1;1;7;560;14/09/2014
2014029830;1;2;1;1;7;560;17/09/2014
2014029831;1;1;1;1;6;560;17/09/2014
2014029832;1;2;6;7;7;560;19/09/2014
2014029833;1;2;1;1;3;560;20/09/2014
2014029834;1;2;1;1;5;560;22/09/2014
2014029835;1;1;1;1;7;560;22/09/2014
2014029836;1;2;1;1;7;560;22/09/2014
2014029837;1;2;1;1;7;560;25/09/2014
2014029838;2;2;1;1;7;560;27/09/2014
2014029839;5;2;2;1;3;560;27/09/2014
2014029840;1;2;6;2;3;560;29/09/2014
2014029841;1;2;1;1;7;560;30/09/2014
2014029842;1;2;1;1;3;560;01/10/2014
2014029843;1;2;2;1;3;560;02/10/2014
2014029844;1;2;1;1;3;560;03/10/2014
2014029845;1;1;1;1;2;560;03/10/2014
2014029846;1;2;1;1;7;560;05/10/2014
2014029847;1;2;1;1;2;560;06/10/2014
2014029848;5;2;2;3;3;560;06/10/2014
2014029849;1;2;1;1;7;560;07/10/2014
2014029850;1;2;1;1;7;560;08/10/2014
2014029851;1;2;1;1;7;560;09/10/2014
2014029852;1;2;1;1;3;560;11/10/2014
2014029853;1;2;1;1;7;560;12/10/2014
2014029854;1;2;1;1;5;560;12/10/2014
2014029855;1;2;1;1;3;560;13/10/2014
2014029856;1;1;2;7;5;560;13/10/2014
2014029857;2;2;3;1;7;560;14/10/2014
2014029858;1;2;3;8;7;560;16/10/2014
2014029859;1;2;2;1;3;560;17/10/2014
2014029860;1;2;1;8;5;560;20/10/2014
2014029861;1;2;1;1;7;560;20/10/2014
2014029862;1;2;1;1;3;560;25/10/2014
2014029863;1;2;1;1;7;560;25/10/2014
2014029864;5;2;2;1;3;560;25/10/2014
2014029865;1;2;1;1;7;560;26/10/2014
2014029866;1;2;1;1;7;560;29/10/2014
2014029867;1;2;1;1;2;560;30/10/2014
2014029868;1;2;2;1;3;560;31/10/2014
2014029869;1;2;1;1;3;560;01/11/2014
2014029870;1;2;1;1;3;560;01/11/2014
2014029871;3;1;1;1;7;560;01/11/2014
2014029872;2;2;1;1;2;560;02/11/2014
2014029873;1;2;1;1;7;560;09/11/2014
2014029874;4;1;1;2;5;560;10/11/2014
2014029875;1;2;1;1;7;560;12/11/2014
2014029876;1;2;1;2;7;560;12/11/2014
2014029877;1;2;1;3;2;560;12/11/2014
2014029878;5;2;1;1;7;560;14/11/2014
2014029879;2;2;1;2;3;560;14/11/2014
2014029880;5;2;1;1;7;560;15/11/2014
2014029881;1;2;2;1;3;560;16/11/2014
2014029882;1;2;3;1;3;560;17/11/2014
2014029883;1;2;2;1;3;560;18/11/2014
2014029884;1;2;1;1;5;560;18/11/2014
2014029885;1;2;1;1;7;560;18/11/2014
2014029886;1;1;1;3;7;560;19/11/2014
2014029887;1;2;1;8;7;560;19/11/2014
2014029888;2;2;2;1;3;560;19/11/2014
2014029889;5;1;1;1;7;560;21/11/2014
2014029890;1;2;1;1;7;560;28/11/2014
2014029891;1;2;2;1;3;560;30/11/2014
2014029892;5;2;1;1;7;560;02/12/2014
2014029893;5;2;1;1;7;560;03/12/2014
2014029894;5;2;1;2;7;560;05/12/2014
2014029895;3;1;1;1;7;560;05/12/2014
2014029896;5;1;1;2;3;560;08/12/2014
2014029897;5;2;1;2;7;560;09/12/2014
2014029898;3;2;1;2;7;560;10/12/2014
2014029899;1;2;1;1;2;560;10/12/2014
2014029900;1;1;1;1;5;560;12/12/2014
2014029901;3;1;1;2;2;560;12/12/2014
2014029902;3;2;1;1;7;560;12/12/2014
2014029903;5;2;1;1;3;560;12/12/2014
2014029904;5;2;1;2;7;560;15/12/2014
2014029905;1;2;1;1;7;560;12/12/2014
2014029906;1;2;1;8;7;560;16/12/2014
2014029907;1;2;1;2;3;560;17/12/2014
2014029908;5;2;3;2;3;560;18/12/2014
2014029909;1;2;1;1;3;560;18/12/2014
2014029910;1;2;1;1;1;560;21/12/2014
2014029911;2;2;1;1;7;560;22/12/2014
2014029912;1;2;1;1;7;560;23/12/2014
2014029913;1;2;1;2;7;560;24/12/2014
2014029914;1;2;1;7;7;560;29/12/2014
2014029915;1;1;1;1;7;560;29/12/2014
2014029916;1;1;1;1;2;560;29/12/2014
2014029917;1;2;1;1;3;560;29/12/2014
2014029918;2;2;1;1;3;560;30/12/2014
2014029919;1;2;1;1;3;560;31/12/2014
2014029920;1;2;1;;6;560;23/01/2014
2014029921;1;1;1;1;5;340;05/08/2014
2014029922;1;1;1;1;3;340;07/09/2014
2014029923;1;1;1;2;3;340;09/10/2014
2014029924;3;1;1;1;6;340;18/10/2014
2014029925;1;1;1;1;6;340;23/10/2014
2014029926;3;1;1;2;3;340;14/12/2014
2014029927;5;2;1;2;7;560;16/01/2014
2014029928;1;2;6;8;6;560;02/01/2014
2014029929;5;2;1;1;6;560;17/01/2014
2014029930;1;2;1;1;6;560;29/01/2014
2014029931;1;2;1;2;6;560;06/02/2014
2014029932;1;2;1;1;6;560;13/02/2014
2014029933;1;2;6;2;6;560;20/02/2014
2014029934;1;2;1;1;6;560;21/02/2014
2014029935;5;2;2;1;3;560;21/02/2014
2014029936;1;2;1;1;5;560;25/02/2014
2014029937;1;2;6;1;6;560;24/02/2014
2014029938;1;2;9;1;3;560;08/03/2014
2014029939;1;2;1;1;2;560;06/04/2014
2014029940;1;2;1;1;3;560;10/04/2014
2014029941;5;2;1;2;1;560;25/04/2014
2014029942;1;2;2;1;6;560;30/04/2014
2014029943;1;2;2;1;6;560;27/05/2014
2014029944;1;2;1;1;6;560;30/05/2014
2014029945;1;2;1;1;2;560;03/06/2014
2014029946;1;2;3;8;3;560;14/03/2014
2014029947;1;2;1;8;6;560;29/04/2014
2014029948;1;2;3;1;6;560;09/05/2014
2014029949;1;2;6;1;3;560;17/05/2014
2014029950;1;2;3;1;6;560;11/06/2014
2014029951;5;2;1;1;1;560;21/06/2014
2014029952;1;2;1;1;4;560;24/06/2014
2014029953;1;2;9;1;3;560;05/07/2014
2014029954;5;2;2;1;3;560;22/08/2014
2014029955;5;2;1;1;6;560;07/09/2014
2014029956;1;2;2;1;3;560;05/09/2014
2014029957;1;2;9;1;6;560;23/09/2014
2014029958;5;2;9;1;2;560;17/12/2014
2014029959;5;2;1;8;6;560;03/01/2014
2014029960;1;2;1;1;3;560;22/01/2014
2014029961;1;2;1;1;6;560;23/01/2014
2014029962;5;2;2;1;3;560;20/02/2014
2014029963;1;2;1;1;2;560;16/04/2014
2014029964;1;2;1;1;3;560;18/07/2014
2014029965;1;2;2;1;3;560;13/08/2014
2014029966;1;2;1;1;6;560;21/10/2014
2014029967;1;2;9;1;6;560;10/11/2014
2014029968;1;2;1;8;3;560;22/11/2014
2014029969;1;1;1;2;2;560;19/12/2014
2014029970;5;2;3;1;6;560;14/12/2014
2014029971;1;2;1;7;6;560;29/12/2014
2014029972;3;1;1;2;1;490;01/01/2014
2014029973;2;1;1;3;1;490;27/02/2014
2014029974;1;1;1;1;1;330;14/05/2014
2014029975;1;2;1;1;1;330;15/03/2014
2014029976;2;2;1;1;6;330;14/07/2014
2014029977;1;1;1;1;1;330;29/07/2014
2014029978;3;1;1;1;5;330;21/12/2014
2014029979;5;2;3;1;3;570;18/01/2014
2014029980;5;2;1;1;6;570;04/04/2014
2014029981;1;2;1;1;3;570;20/03/2014
2014029982;1;2;2;1;3;570;12/05/2014
2014029983;1;2;1;1;6;570;06/06/2014
2014029984;1;2;6;1;2;570;10/07/2014
2014029985;5;2;2;1;2;570;25/09/2014
2014029986;1;2;1;1;6;570;22/09/2014
2014029987;1;2;1;1;6;570;31/10/2014
2014029988;1;2;2;1;3;570;30/11/2014
2014029989;5;2;2;2;3;570;18/12/2014
2014029990;5;2;1;1;6;570;01/01/2014
2014029991;2;1;1;2;6;570;20/01/2014
2014029992;1;2;1;1;6;570;25/02/2014
2014029993;1;2;4;1;2;570;02/03/2014
2014029994;1;2;3;1;6;570;01/04/2014
2014029995;1;2;1;1;6;570;17/04/2014
2014029996;1;2;1;1;6;570;12/05/2014
2014029997;2;1;3;2;7;570;18/09/2014
2014029998;1;2;2;1;3;570;17/08/2014
2014029999;1;2;1;1;6;570;14/11/2014
2014030000;1;2;1;1;3;570;24/01/2014
2014030001;1;2;1;2;3;570;28/01/2014
2014030002;5;2;1;1;6;570;04/02/2014
2014030003;3;1;1;8;7;570;03/08/2014
2014030004;1;2;1;1;3;570;23/09/2014
2014030005;5;2;1;1;6;570;02/03/2014
2014030006;1;1;2;6;3;570;08/04/2014
2014030007;1;1;1;1;3;570;03/04/2014
2014030008;1;2;1;1;6;570;25/04/2014
2014030009;1;2;2;1;3;570;16/05/2014
2014030010;3;1;1;1;6;570;24/10/2014
2014030011;1;2;6;1;3;570;07/01/2014
2014030012;5;2;2;5;6;570;12/01/2014
2014030013;1;2;3;1;1;570;14/01/2014
2014030014;1;2;3;2;3;570;27/01/2014
2014030015;1;2;1;2;6;570;28/01/2014
2014030016;5;2;3;1;6;570;30/01/2014
2014030017;1;2;1;7;6;570;31/01/2014
2014030018;1;2;1;1;3;570;02/02/2014
2014030019;1;2;1;1;6;570;03/02/2014
2014030020;1;2;1;1;6;570;07/02/2014
2014030021;1;2;3;2;3;570;07/02/2014
2014030022;5;2;1;2;1;570;09/02/2014
2014030023;1;2;1;1;4;570;12/02/2014
2014030024;5;2;3;1;6;570;12/02/2014
2014030025;1;2;1;1;6;570;15/02/2014
2014030026;1;2;1;1;6;570;17/02/2014
2014030027;1;2;2;1;6;570;18/02/2014
2014030028;1;2;1;1;3;570;20/02/2014
2014030029;5;2;3;1;3;570;01/03/2014
2014030030;1;2;3;8;3;570;03/03/2014
2014030031;1;2;1;1;6;570;03/03/2014
2014030032;5;2;3;1;2;570;03/03/2014
2014030033;1;2;1;7;2;570;13/03/2014
2014030034;1;2;3;1;3;570;15/03/2014
2014030035;1;2;1;2;6;570;15/03/2014
2014030036;1;2;1;1;5;570;17/03/2014
2014030037;1;2;3;1;3;570;20/03/2014
2014030038;1;2;1;1;3;570;29/03/2014
2014030039;1;2;1;1;3;570;28/03/2014
2014030040;1;2;1;1;6;570;29/03/2014
2014030041;1;2;2;1;3;570;30/03/2014
2014030042;5;2;9;1;6;570;01/04/2014
2014030043;1;2;3;1;6;570;01/04/2014
2014030044;1;2;1;1;6;570;03/04/2014
2014030045;1;2;1;1;2;570;11/04/2014
2014030046;5;2;3;1;6;570;17/04/2014
2014030047;1;2;1;1;1;570;19/04/2014
2014030048;1;2;3;1;6;570;21/04/2014
2014030049;1;2;1;1;6;570;24/04/2014
2014030050;1;2;1;1;6;570;24/04/2014
2014030051;1;2;3;1;3;570;25/04/2014
2014030052;1;2;1;1;3;570;29/04/2014
2014030053;1;2;3;1;6;570;02/05/2014
2014030054;5;2;3;1;6;570;03/05/2014
2014030055;1;2;1;1;6;570;05/05/2014
2014030056;1;2;4;1;3;570;07/05/2014
2014030057;1;2;1;1;3;570;16/05/2014
2014030058;4;2;3;1;3;570;18/05/2014
2014030059;1;2;3;1;2;570;20/05/2014
2014030060;1;2;1;1;6;570;21/05/2014
2014030061;1;2;3;1;3;570;21/05/2014
2014030062;1;2;3;1;6;570;22/05/2014
2014030063;1;2;1;2;6;570;23/05/2014
2014030064;1;2;1;1;6;570;25/05/2014
2014030065;1;2;2;1;3;570;30/05/2014
2014030066;1;2;3;1;3;570;02/06/2014
2014030067;1;2;2;1;6;570;03/06/2014
2014030068;1;2;3;1;3;570;08/06/2014
2014030069;1;2;1;1;5;570;12/06/2014
2014030070;1;2;1;1;3;570;18/06/2014
2014030071;1;2;3;1;3;570;19/06/2014
2014030072;1;2;2;1;3;570;27/06/2014
2014030073;1;2;3;1;3;570;11/07/2014
2014030074;1;2;1;1;6;570;14/07/2014
2014030075;5;2;1;1;3;570;16/07/2014
2014030076;1;2;1;1;3;570;18/07/2014
2014030077;1;2;1;1;6;570;18/07/2014
2014030078;5;2;1;1;6;570;19/07/2014
2014030079;1;2;1;1;2;570;24/07/2014
2014030080;1;2;3;1;3;570;12/08/2014
2014030081;1;2;9;1;3;570;13/08/2014
2014030082;1;2;6;1;3;570;18/08/2014
2014030083;3;2;1;1;6;570;23/08/2014
2014030084;1;2;3;2;5;570;26/08/2014
2014030085;1;2;3;1;1;570;29/08/2014
2014030086;1;2;3;1;6;570;30/08/2014
2014030087;1;2;1;1;4;570;04/09/2014
2014030088;1;2;1;1;6;570;12/09/2014
2014030089;1;2;1;1;3;570;13/09/2014
2014030090;1;2;1;1;5;570;15/09/2014
2014030091;1;2;1;1;6;570;26/09/2014
2014030092;1;2;1;1;6;570;24/09/2014
2014030093;1;2;1;1;2;570;27/09/2014
2014030094;5;2;3;1;6;570;28/09/2014
2014030095;1;2;1;1;6;570;30/09/2014
2014030096;2;2;1;5;3;570;01/10/2014
2014030097;1;2;2;1;3;570;02/10/2014
2014030098;1;2;6;1;6;570;03/10/2014
2014030099;1;2;1;1;2;570;09/10/2014
2014030100;1;2;1;1;2;570;07/10/2014
2014030101;5;2;3;1;3;570;10/10/2014
2014030102;1;2;3;1;3;570;12/10/2014
2014030103;5;2;1;3;2;570;15/10/2014
2014030104;1;2;2;1;3;570;16/10/2014
2014030105;1;2;1;1;6;570;18/10/2014
2014030106;5;2;3;1;3;570;23/10/2014
2014030107;1;2;2;1;3;570;31/10/2014
2014030108;1;2;1;1;6;570;01/11/2014
2014030109;1;2;1;1;3;570;01/11/2014
2014030110;1;2;1;8;6;570;03/11/2014
2014030111;1;2;2;1;3;570;06/11/2014
2014030112;5;2;3;1;3;570;08/11/2014
2014030113;5;2;3;1;3;570;15/11/2014
2014030114;1;2;3;1;6;570;17/11/2014
2014030115;1;2;4;1;7;570;17/11/2014
2014030116;5;2;1;1;6;570;22/11/2014
2014030117;1;2;3;1;6;570;28/11/2014
2014030118;5;2;1;2;6;570;03/12/2014
2014030119;5;2;1;1;2;570;05/12/2014
2014030120;1;2;1;1;5;570;07/12/2014
2014030121;1;2;2;2;6;570;11/12/2014
2014030122;1;2;1;3;7;570;11/12/2014
2014030123;1;2;6;2;1;570;12/12/2014
2014030124;1;2;9;2;6;570;15/12/2014
2014030125;5;2;1;2;6;570;16/12/2014
2014030126;5;2;1;2;6;570;17/12/2014
2014030127;5;2;3;2;6;570;17/12/2014
2014030128;1;2;2;1;3;570;24/12/2014
2014030129;5;2;6;4;6;570;27/12/2014
2014030130;5;2;1;2;7;570;23/01/2014
2014030131;1;1;1;1;7;570;17/02/2014
2014030132;1;1;6;1;2;570;18/03/2014
2014030133;1;1;1;1;1;570;13/04/2014
2014030134;1;2;1;1;2;570;15/04/2014
2014030135;1;1;1;1;7;570;14/06/2014
2014030136;5;2;1;1;7;570;22/06/2014
2014030137;5;1;1;2;7;570;07/07/2014
2014030138;1;2;1;8;7;570;11/07/2014
2014030139;5;2;1;1;6;570;06/01/2014
2014030140;5;1;2;1;3;570;18/01/2014
2014030141;5;2;1;1;6;570;16/02/2014
2014030142;1;2;1;1;2;570;30/03/2014
2014030143;1;2;1;1;6;570;03/04/2014
2014030144;1;2;1;1;6;570;23/04/2014
2014030145;1;2;1;1;6;570;24/04/2014
2014030146;1;2;1;1;6;570;15/05/2014
2014030147;1;2;2;1;3;570;09/06/2014
2014030148;1;1;1;1;7;570;19/07/2014
2014030149;1;2;1;1;7;570;24/07/2014
2014030150;1;2;6;1;3;570;01/08/2014
2014030151;1;2;1;2;3;570;27/08/2014
2014030152;1;2;1;1;3;570;02/10/2014
2014030153;1;1;1;1;6;570;08/10/2014
2014030154;1;2;1;1;6;570;02/09/2014
2014030155;5;2;1;1;3;570;24/01/2014
2014030156;5;2;1;1;3;570;04/03/2014
2014030157;1;1;1;7;3;570;02/07/2014
2014030158;1;2;1;1;6;570;09/08/2014
2014030159;1;2;1;1;2;570;18/10/2014
2014030160;5;2;1;2;1;570;05/11/2014
2014030161;1;2;1;1;6;570;06/11/2014
2014030162;1;2;1;1;1;570;03/01/2014
2014030163;1;2;1;1;3;570;06/01/2014
2014030164;1;2;1;1;6;570;07/01/2014
2014030165;4;1;1;1;2;570;10/01/2014
2014030166;5;2;1;1;6;570;18/01/2014
2014030167;1;2;1;1;6;570;28/01/2014
2014030168;1;2;1;1;1;570;29/01/2014
2014030169;1;2;1;1;6;570;01/02/2014
2014030170;5;2;1;1;6;570;10/02/2014
2014030171;5;2;1;2;6;570;15/02/2014
2014030172;1;1;1;1;6;570;18/02/2014
2014030173;1;2;1;1;6;570;28/02/2014
2014030174;2;2;1;1;3;570;09/03/2014
2014030175;1;2;3;1;3;570;11/03/2014
2014030176;1;2;1;1;5;570;20/03/2014
2014030177;1;1;1;1;6;570;07/04/2014
2014030178;1;2;1;1;3;570;05/04/2014
2014030179;1;2;2;1;3;570;08/04/2014
2014030180;1;2;1;2;7;570;22/04/2014
2014030181;1;2;1;1;6;570;23/04/2014
2014030182;1;2;1;1;6;570;25/04/2014
2014030183;5;2;1;1;6;570;26/04/2014
2014030184;1;2;1;1;3;570;13/05/2014
2014030185;1;2;1;1;3;570;16/05/2014
2014030186;1;2;1;1;6;570;16/05/2014
2014030187;1;2;1;1;3;570;22/05/2014
2014030188;1;2;1;1;3;570;31/05/2014
2014030189;1;2;1;1;3;570;03/06/2014
2014030190;1;2;1;1;1;570;05/06/2014
2014030191;1;2;1;1;6;570;10/06/2014
2014030192;1;2;1;1;3;570;12/06/2014
2014030193;1;2;1;1;6;570;21/06/2014
2014030194;4;2;1;1;6;570;23/06/2014
2014030195;1;2;1;1;3;570;06/07/2014
2014030196;5;2;1;1;3;570;08/07/2014
2014030197;1;2;1;1;6;570;15/07/2014
2014030198;3;2;1;1;6;570;19/07/2014
2014030199;1;2;1;1;3;570;23/07/2014
2014030200;1;2;1;1;6;570;27/07/2014
2014030201;4;2;1;1;6;570;03/08/2014
2014030202;1;2;1;1;6;570;18/08/2014
2014030203;1;2;1;2;3;570;29/08/2014
2014030204;1;2;1;1;6;570;07/09/2014
2014030205;1;2;1;1;6;570;09/09/2014
2014030206;1;2;1;1;6;570;09/09/2014
2014030207;1;1;1;1;3;570;12/09/2014
2014030208;2;2;1;1;3;570;14/09/2014
2014030209;1;2;1;1;3;570;20/09/2014
2014030210;1;2;1;1;6;570;23/09/2014
2014030211;1;2;2;1;3;570;06/10/2014
2014030212;5;2;2;2;3;570;15/10/2014
2014030213;1;2;1;1;6;570;16/10/2014
2014030214;1;2;1;1;3;570;23/10/2014
2014030215;1;2;1;2;3;570;04/11/2014
2014030216;5;2;1;2;6;570;04/11/2014
2014030217;1;2;1;1;6;570;08/11/2014
2014030218;5;2;1;1;6;570;09/11/2014
2014030219;5;2;1;1;6;570;19/11/2014
2014030220;5;2;1;1;6;570;21/11/2014
2014030221;5;2;1;1;3;570;02/12/2014
2014030222;1;1;1;2;6;570;08/12/2014
2014030223;2;2;1;2;6;570;10/12/2014
2014030224;5;2;1;2;6;570;10/12/2014
2014030225;5;2;1;2;6;570;11/12/2014
2014030226;2;2;1;2;6;570;16/12/2014
2014030227;1;2;1;2;6;570;16/12/2014
2014030228;5;2;1;2;6;570;19/12/2014
2014030229;5;2;1;2;6;570;20/12/2014
2014030230;5;2;1;3;6;330;27/01/2014
2014030231;1;1;1;1;1;330;17/06/2014
2014030232;1;2;1;1;1;330;05/08/2014
2014030233;1;1;1;8;6;110;11/07/2014
2014030234;1;1;1;8;2;110;16/09/2014
2014030235;1;1;1;1;3;110;17/09/2014
2014030236;3;1;1;1;5;110;19/09/2014
2014030237;1;1;1;1;5;110;10/11/2014
2014030238;1;1;1;1;1;570;23/07/2014
2014030239;3;1;2;3;4;860;06/01/2014
2014030240;1;2;1;2;7;580;01/05/2014
2014030241;1;2;1;1;7;580;06/05/2014
2014030242;1;2;1;1;7;580;28/05/2014
2014030243;1;2;1;1;7;580;18/06/2014
2014030244;1;2;1;2;7;580;29/06/2014
2014030245;1;2;1;1;7;580;26/07/2014
2014030246;1;2;1;2;7;580;28/07/2014
2014030247;1;2;1;1;7;580;06/08/2014
2014030248;1;2;1;1;7;580;17/08/2014
2014030249;5;2;1;1;7;580;20/08/2014
2014030250;1;2;1;1;7;580;12/09/2014
2014030251;1;2;1;2;7;580;17/09/2014
2014030252;1;2;1;1;7;580;19/09/2014
2014030253;1;2;1;1;7;580;30/09/2014
2014030254;5;2;1;1;7;580;26/10/2014
2014030255;1;2;1;1;7;580;28/10/2014
2014030256;1;2;1;2;7;580;05/11/2014
2014030257;2;2;1;1;7;580;21/11/2014
2014030258;2;2;1;1;7;580;24/11/2014
2014030259;1;2;1;1;7;580;26/11/2014
2014030260;5;2;1;1;7;580;09/12/2014
2014030261;1;2;1;1;3;580;10/01/2014