num_acc;lum;agg;inter;atm;col;dep;date
2014033163;2;2;1;1;3;670;10/01/2014
2014033164;5;2;3;1;3;670;10/01/2014
2014033165;5;2;1;1;6;670;10/01/2014
2014033166;5;2;2;2;6;670;13/01/2014
2014033167;5;2;1;1;3;670;14/01/2014
2014033168;1;2;1;7;6;670;15/01/2014
2014033169;5;2;2;1;3;670;19/01/2014
2014033170;5;2;1;2;1;670;20/01/2014
2014033171;5;2;1;1;2;670;21/01/2014
2014033172;1;2;1;1;6;670;22/01/2014
2014033173;2;2;1;1;6;670;22/01/2014
2014033174;1;2;3;1;6;670;24/01/2014
2014033175;5;2;3;2;3;670;26/01/2014
2014033176;5;2;3;3;3;670;26/01/2014
2014033177;2;2;3;2;1;670;27/01/2014
2014033178;1;2;2;1;6;670;28/01/2014
2014033179;5;2;4;1;6;670;30/01/2014
2014033180;1;2;2;1;3;670;30/01/2014
2014033181;5;2;2;1;5;670;30/01/2014
2014033182;1;2;4;7;5;670;31/01/2014
2014033183;5;2;2;1;6;670;31/01/2014
2014033184;1;2;1;8;3;670;01/02/2014
2014033185;5;2;1;2;7;670;02/02/2014
2014033186;1;2;2;1;3;670;02/02/2014
2014033187;1;2;3;1;3;670;03/02/2014
2014033188;1;2;1;1;6;670;06/02/2014
2014033189;5;2;2;1;3;670;06/02/2014
2014033190;5;2;1;1;6;670;08/02/2014
2014033191;1;2;3;1;6;670;12/02/2014
2014033192;1;2;3;2;6;670;13/02/2014
2014033193;5;2;1;2;3;670;13/02/2014
2014033194;1;2;2;1;3;670;17/02/2014
2014033195;1;2;3;1;3;670;18/02/2014
2014033196;1;2;1;1;4;670;19/02/2014
2014033197;1;2;3;1;3;670;20/02/2014
2014033198;1;2;1;1;6;670;21/02/2014
2014033199;1;2;4;1;3;670;21/02/2014
2014033200;1;2;2;1;3;670;22/02/2014
2014033201;1;2;2;1;3;670;23/02/2014
2014033202;1;2;1;1;3;670;24/02/2014
2014033203;1;2;1;1;6;670;24/02/2014
2014033204;1;2;3;2;3;670;26/02/2014
2014033205;5;2;1;9;2;670;28/02/2014
2014033206;1;2;1;1;6;670;01/03/2014
2014033207;5;2;2;1;3;670;04/03/2014
2014033208;5;2;1;1;6;670;04/03/2014
2014033209;1;2;2;1;2;670;06/03/2014
2014033210;1;2;1;1;6;670;06/03/2014
2014033211;2;2;1;1;6;670;06/03/2014
2014033212;3;1;1;1;6;670;06/03/2014
2014033213;1;2;2;1;3;670;07/03/2014
2014033214;1;2;2;1;3;670;07/03/2014
2014033215;5;2;1;1;7;670;07/03/2014
2014033216;5;2;1;1;2;670;08/03/2014
2014033217;5;2;1;1;6;670;09/03/2014
2014033218;3;2;1;1;2;670;09/03/2014
2014033219;1;2;1;1;2;670;10/03/2014
2014033220;5;2;3;1;6;670;10/03/2014
2014033221;1;2;1;1;3;670;11/03/2014
2014033222;1;2;2;1;5;670;11/03/2014
2014033223;1;2;2;1;3;670;11/03/2014
2014033224;5;2;3;1;5;670;11/03/2014
2014033225;1;2;1;1;6;670;12/03/2014
2014033226;1;2;1;1;6;670;12/03/2014
2014033227;1;2;1;1;6;670;13/03/2014
2014033228;1;2;1;1;2;670;13/03/2014
2014033229;2;2;1;1;6;670;13/03/2014
2014033230;1;2;2;1;3;670;13/03/2014
2014033231;5;2;6;1;3;670;13/03/2014
2014033232;5;2;1;1;6;670;14/03/2014
2014033233;5;2;2;1;3;670;15/03/2014
2014033234;1;2;3;1;2;670;15/03/2014
2014033235;1;2;1;1;6;670;15/03/2014
2014033236;5;2;1;1;3;670;16/03/2014
2014033237;1;2;2;1;3;670;17/03/2014
2014033238;1;2;1;1;6;670;17/03/2014
2014033239;5;2;2;1;3;670;17/03/2014
2014033240;1;2;1;1;6;670;20/03/2014
2014033241;1;2;2;2;6;670;22/03/2014
2014033242;1;2;1;8;6;670;24/03/2014
2014033243;5;2;2;1;3;670;25/03/2014
2014033244;1;2;1;1;6;670;25/03/2014
2014033245;1;2;1;1;3;670;26/03/2014
2014033246;1;2;1;1;6;670;26/03/2014
2014033247;1;2;3;1;3;670;28/03/2014
2014033248;1;2;1;1;6;670;28/03/2014
2014033249;1;2;1;1;6;670;28/03/2014
2014033250;5;2;1;1;6;670;28/03/2014
2014033251;5;2;3;1;3;670;29/03/2014
2014033252;1;2;2;1;6;670;30/03/2014
2014033253;1;2;1;1;4;670;30/03/2014
2014033254;5;2;1;1;6;670;04/04/2014
2014033255;1;2;1;1;6;670;05/04/2014
2014033256;5;2;2;1;3;670;06/04/2014
2014033257;1;2;3;1;3;670;07/04/2014
2014033258;1;2;2;1;3;670;07/04/2014
2014033259;5;2;1;1;3;670;07/04/2014
2014033260;5;2;3;1;2;670;07/04/2014
2014033261;1;2;3;1;3;670;08/04/2014
2014033262;5;2;2;1;3;670;08/04/2014
2014033263;1;2;1;1;6;670;09/04/2014
2014033264;5;2;2;1;2;670;09/04/2014
2014033265;1;2;3;1;3;670;10/04/2014
2014033266;1;2;1;1;3;670;10/04/2014
2014033267;5;2;1;1;6;670;10/04/2014
2014033268;1;2;2;1;3;670;11/04/2014
2014033269;1;2;1;1;3;670;11/04/2014
2014033270;1;2;4;1;3;670;12/04/2014
2014033271;1;2;1;1;6;670;13/04/2014
2014033272;1;1;3;1;3;670;14/04/2014
2014033273;1;2;2;1;3;670;15/04/2014
2014033274;1;2;1;1;3;670;15/04/2014
2014033275;1;1;1;1;6;670;16/04/2014
2014033276;1;2;1;1;3;670;16/04/2014
2014033277;1;2;1;1;5;670;17/04/2014
2014033278;1;2;1;1;5;670;17/04/2014
2014033279;1;2;1;1;4;670;19/04/2014
2014033280;1;2;1;1;3;670;20/04/2014
2014033281;1;2;1;1;6;670;22/04/2014
2014033282;1;2;2;1;3;670;22/04/2014
2014033283;1;2;1;1;5;670;24/04/2014
2014033284;1;2;1;1;3;670;29/04/2014
2014033285;1;2;1;1;6;670;29/04/2014
2014033286;2;2;2;1;3;670;29/04/2014
2014033287;1;2;1;1;6;670;30/04/2014
2014033288;1;2;1;1;3;670;03/05/2014
2014033289;1;2;1;1;3;670;06/05/2014
2014033290;1;2;2;1;6;670;06/05/2014
2014033291;1;2;1;1;3;670;06/05/2014
2014033292;5;2;1;2;6;670;11/05/2014
2014033293;1;2;3;1;1;670;13/05/2014
2014033294;1;2;3;1;3;670;14/05/2014
2014033295;1;2;1;1;6;670;14/05/2014
2014033296;1;2;1;1;1;670;15/05/2014
2014033297;1;2;1;1;3;670;15/05/2014
2014033298;1;2;2;1;3;670;16/05/2014
2014033299;1;2;2;1;6;670;17/05/2014
2014033300;1;2;1;1;3;670;17/05/2014
2014033301;1;2;1;1;6;670;17/05/2014
2014033302;1;2;3;1;3;670;19/05/2014
2014033303;1;2;3;1;3;670;19/05/2014
2014033304;1;2;3;1;3;670;19/05/2014
2014033305;1;2;1;1;3;670;21/05/2014
2014033306;2;2;1;1;6;670;21/05/2014
2014033307;1;2;1;1;1;670;21/05/2014
2014033308;1;2;1;1;4;670;22/05/2014
2014033309;1;2;1;1;6;670;23/05/2014
2014033310;1;2;1;1;3;670;23/05/2014
2014033311;1;2;7;1;3;670;23/05/2014
2014033312;2;2;1;1;6;670;24/05/2014
2014033313;1;2;1;1;6;670;26/05/2014
2014033314;5;2;1;1;6;670;28/05/2014
2014033315;1;2;3;1;3;670;25/05/2014
2014033316;1;2;2;1;3;670;30/05/2014
2014033317;5;2;1;1;6;670;31/05/2014
2014033318;1;2;1;1;7;670;03/06/2014
2014033319;1;2;2;1;6;670;05/06/2014
2014033320;1;2;1;1;3;670;06/06/2014
2014033321;1;2;3;1;6;670;09/06/2014
2014033322;1;2;1;1;6;670;09/06/2014
2014033323;5;2;1;1;6;670;09/06/2014
2014033324;1;2;2;1;3;670;10/06/2014
2014033325;1;2;1;1;3;670;10/06/2014
2014033326;1;2;2;1;3;670;10/06/2014
2014033327;1;2;2;1;3;670;11/06/2014
2014033328;1;2;1;1;3;670;12/06/2014
2014033329;1;2;2;1;6;670;12/06/2014
2014033330;1;2;1;1;6;670;13/06/2014
2014033331;1;2;2;1;3;670;13/06/2014
2014033332;1;2;1;1;5;670;15/06/2014
2014033333;5;2;2;1;3;670;16/06/2014
2014033334;5;2;1;1;6;670;17/06/2014
2014033335;1;2;1;1;3;670;18/06/2014
2014033336;1;2;2;1;3;670;18/06/2014
2014033337;1;2;1;1;6;670;19/06/2014
2014033338;1;2;1;1;6;670;20/06/2014
2014033339;1;2;1;1;6;670;20/06/2014
2014033340;5;2;1;1;3;670;20/06/2014
2014033341;1;2;3;1;3;670;20/06/2014
2014033342;5;2;2;1;3;670;21/06/2014
2014033343;5;2;1;1;3;670;22/06/2014
2014033344;5;2;2;1;7;670;22/06/2014
2014033345;1;2;3;1;3;670;22/06/2014
2014033346;1;2;2;1;6;670;23/06/2014
2014033347;1;1;1;1;5;670;23/06/2014
2014033348;1;2;6;1;3;670;24/06/2014
2014033349;1;2;1;1;6;670;25/06/2014
2014033350;1;2;2;1;3;670;26/06/2014
2014033351;5;2;1;1;3;670;28/06/2014
2014033352;2;2;1;1;6;670;28/06/2014
2014033353;1;2;1;2;6;670;28/06/2014
2014033354;1;2;3;1;4;670;30/06/2014
2014033355;1;2;1;1;3;670;01/07/2014
2014033356;1;2;1;1;6;670;03/07/2014
2014033357;1;2;3;1;6;670;03/07/2014
2014033358;1;2;3;1;3;670;04/07/2014
2014033359;1;2;1;1;3;670;07/07/2014
2014033360;1;2;1;1;6;670;09/07/2014
2014033361;1;2;1;1;3;670;10/07/2014
2014033362;1;2;2;1;3;670;12/07/2014
2014033363;5;2;1;3;6;670;14/07/2014
2014033364;1;2;3;1;3;670;17/07/2014
2014033365;1;2;1;1;2;670;17/07/2014
2014033366;1;2;2;1;6;670;18/07/2014
2014033367;1;2;1;1;5;670;18/07/2014
2014033368;1;2;3;1;3;670;19/07/2014
2014033369;1;2;2;1;3;670;19/07/2014
2014033370;1;2;1;1;6;670;19/07/2014
2014033371;1;2;6;1;3;670;20/07/2014
2014033372;1;2;1;1;4;670;21/07/2014
2014033373;3;2;1;1;6;670;22/07/2014
2014033374;1;2;1;1;6;670;22/07/2014
2014033375;1;2;1;1;3;670;22/07/2014
2014033376;5;2;1;1;3;670;22/07/2014
2014033377;1;2;1;1;3;670;24/07/2014
2014033378;1;2;1;1;6;670;24/07/2014
2014033379;1;2;1;1;6;670;27/07/2014
2014033380;1;2;1;1;3;670;28/07/2014
2014033381;1;2;1;3;3;670;29/07/2014
2014033382;1;2;3;1;3;670;31/07/2014
2014033383;1;2;1;1;4;670;01/08/2014
2014033384;1;2;2;1;3;670;01/08/2014
2014033385;1;2;2;1;3;670;01/08/2014
2014033386;5;2;1;1;3;670;01/08/2014
2014033387;5;2;3;1;7;670;02/08/2014
2014033388;2;2;2;1;3;670;03/08/2014
2014033389;1;2;1;1;3;670;04/08/2014
2014033390;1;2;2;1;3;670;04/08/2014
2014033391;1;2;1;1;6;670;05/08/2014
2014033392;5;2;2;1;3;670;07/08/2014
2014033393;5;2;2;1;3;670;10/08/2014
2014033394;1;2;1;1;2;670;11/08/2014
2014033395;1;2;1;1;4;670;13/08/2014
2014033396;1;2;1;1;6;670;14/08/2014
2014033397;2;2;1;1;6;670;16/08/2014
2014033398;1;2;2;1;6;670;16/08/2014
2014033399;1;2;3;1;3;670;19/08/2014
2014033400;1;2;1;1;6;670;19/08/2014
2014033401;1;2;1;1;3;670;21/08/2014
2014033402;1;2;2;1;3;670;21/08/2014
2014033403;1;1;1;1;6;670;22/08/2014
2014033404;1;2;1;1;3;670;25/08/2014
2014033405;1;2;1;1;6;670;25/08/2014
2014033406;1;2;1;2;2;670;27/08/2014
2014033407;1;2;1;1;2;670;29/08/2014
2014033408;5;2;1;2;2;670;30/08/2014
2014033409;1;2;1;1;2;670;02/09/2014
2014033410;1;2;1;1;3;670;04/09/2014
2014033411;5;2;2;1;1;670;06/09/2014
2014033412;5;2;3;1;3;670;08/09/2014
2014033413;1;2;1;7;3;670;08/09/2014
2014033414;1;2;2;1;3;670;08/09/2014
2014033415;1;2;1;1;1;670;09/09/2014
2014033416;1;2;3;1;3;670;11/09/2014
2014033417;1;2;2;2;3;670;12/09/2014
2014033418;1;2;1;2;2;670;12/09/2014
2014033419;1;2;1;1;2;670;18/09/2014
2014033420;5;2;1;1;3;670;18/09/2014
2014033421;1;2;1;1;3;670;19/09/2014
2014033422;1;2;2;1;3;670;19/09/2014
2014033423;1;2;2;1;3;670;19/09/2014
2014033424;1;2;1;1;6;670;19/09/2014
2014033425;1;2;2;1;6;670;19/09/2014
2014033426;1;2;3;3;6;670;21/09/2014
2014033427;5;2;3;1;6;670;20/09/2014
2014033428;4;2;1;1;6;670;22/09/2014
2014033429;1;2;1;1;3;670;23/09/2014
2014033430;1;2;1;1;6;670;25/09/2014
2014033431;5;2;1;1;6;670;26/09/2014
2014033432;1;2;3;1;6;670;26/09/2014
2014033433;1;2;9;1;6;670;28/09/2014
2014033434;1;2;1;1;5;670;29/09/2014
2014033435;2;2;3;3;6;670;30/09/2014
2014033436;1;2;2;1;3;670;30/09/2014
2014033437;1;2;1;1;6;670;01/10/2014
2014033438;1;2;1;1;5;670;01/10/2014
2014033439;2;2;1;1;1;670;07/10/2014
2014033440;1;2;1;1;6;670;07/10/2014
2014033441;5;2;3;2;3;670;09/10/2014
2014033442;5;2;2;2;1;670;10/10/2014
2014033443;5;2;1;1;6;670;13/10/2014
2014033444;1;2;1;2;6;670;13/10/2014
2014033445;1;2;1;1;3;670;14/10/2014
2014033446;5;2;3;2;3;670;15/10/2014
2014033447;1;2;2;2;6;670;16/10/2014
2014033448;5;2;1;1;3;670;16/10/2014
2014033449;5;2;3;1;3;670;17/10/2014
2014033450;1;2;1;1;6;670;21/10/2014
2014033451;3;2;1;3;6;670;21/10/2014
2014033452;3;2;1;1;6;670;25/10/2014
2014033453;5;2;3;1;6;670;25/10/2014
2014033454;1;2;4;1;6;670;28/10/2014
2014033455;1;2;1;1;3;670;30/10/2014
2014033456;3;2;1;1;6;670;31/10/2014
2014033457;4;2;1;1;3;670;31/10/2014
2014033458;5;2;1;1;6;670;01/11/2014
2014033459;1;2;2;1;3;670;02/11/2014
2014033460;1;2;3;2;6;670;03/11/2014
2014033461;5;2;2;1;6;670;03/11/2014
2014033462;5;2;1;3;6;670;04/11/2014
2014033463;1;2;2;2;6;670;05/11/2014
2014033464;2;2;6;3;2;670;05/11/2014
2014033465;5;2;3;1;3;670;06/11/2014
2014033466;1;2;1;2;6;670;07/11/2014
2014033467;1;2;2;1;3;670;07/11/2014
2014033468;4;2;4;1;6;670;07/11/2014
2014033469;5;2;1;1;6;670;08/11/2014
2014033470;5;2;1;2;3;670;12/11/2014
2014033471;1;2;1;1;6;670;13/11/2014
2014033472;1;2;1;1;6;670;14/11/2014
2014033473;1;2;2;1;1;670;14/11/2014
2014033474;5;2;1;1;6;670;14/11/2014
2014033475;5;2;2;1;3;670;14/11/2014
2014033476;5;2;1;5;3;670;15/11/2014
2014033477;5;2;1;5;6;670;15/11/2014
2014033478;2;2;1;2;3;670;15/11/2014
2014033479;5;2;1;3;3;670;15/11/2014
2014033480;5;2;3;1;3;670;16/11/2014
2014033481;5;2;3;2;3;670;17/11/2014
2014033482;1;2;2;1;3;670;18/11/2014
2014033483;1;2;1;1;6;670;18/11/2014
2014033484;1;2;3;1;6;670;19/11/2014
2014033485;1;2;1;1;6;670;19/11/2014
2014033486;5;2;1;1;6;670;19/11/2014
2014033487;1;1;3;1;6;670;20/11/2014
2014033488;5;2;3;2;6;670;23/11/2014
2014033489;1;2;4;1;6;670;24/11/2014
2014033490;5;2;3;1;3;670;24/11/2014
2014033491;1;2;1;1;6;670;26/11/2014
2014033492;2;2;2;1;3;670;27/11/2014
2014033493;5;2;1;2;1;670;27/11/2014
2014033494;5;2;1;1;6;670;28/11/2014
2014033495;5;2;1;1;2;670;29/11/2014
2014033496;5;2;1;1;6;670;30/11/2014
2014033497;2;2;1;2;4;670;02/12/2014
2014033498;5;2;1;2;6;670;02/12/2014
2014033499;1;2;2;2;3;670;03/12/2014
2014033500;5;2;1;1;6;670;03/12/2014
2014033501;5;2;1;1;6;670;04/12/2014
2014033502;1;2;3;1;6;670;04/12/2014
2014033503;1;2;1;2;6;670;06/12/2014
2014033504;5;2;1;2;6;670;09/12/2014
2014033505;5;2;2;1;2;670;09/12/2014
2014033506;5;1;6;2;7;670;10/12/2014
2014033507;5;2;2;2;3;670;10/12/2014
2014033508;5;2;2;2;3;670;11/12/2014
2014033509;5;2;1;2;6;670;13/12/2014
2014033510;3;2;2;1;3;670;14/12/2014
2014033511;1;2;1;1;3;670;15/12/2014
2014033512;5;2;3;1;6;670;15/12/2014
2014033513;5;2;1;1;3;670;15/12/2014
2014033514;1;2;1;2;4;670;16/12/2014
2014033515;1;2;2;2;3;670;16/12/2014
2014033516;1;2;1;1;6;670;16/12/2014
2014033517;5;2;1;2;6;670;16/12/2014
2014033518;5;2;1;2;6;670;16/12/2014
2014033519;5;2;3;2;3;670;16/12/2014
2014033520;5;2;3;8;2;670;17/12/2014
2014033521;5;2;1;1;3;670;18/12/2014
2014033522;5;2;3;1;3;670;18/12/2014
2014033523;1;2;1;1;6;670;19/12/2014
2014033524;5;2;2;1;3;670;20/12/2014
2014033525;5;2;6;1;3;670;22/12/2014
2014033526;1;2;2;1;3;670;23/12/2014
2014033527;1;2;3;1;3;670;24/12/2014
2014033528;5;2;3;1;3;670;24/12/2014
2014033529;5;2;1;1;2;670;24/12/2014
2014033530;5;2;1;2;6;670;27/12/2014
2014033531;5;2;1;2;6;670;27/12/2014
2014033532;5;2;2;4;3;670;27/12/2014
2014033533;5;2;3;4;6;670;28/12/2014
2014033534;5;2;1;4;1;670;30/12/2014
2014033535;3;2;1;1;6;680;15/01/2014
2014033536;5;2;2;1;6;680;16/01/2014
2014033537;5;2;1;1;6;680;21/01/2014
2014033538;1;2;1;1;3;680;10/01/2014
2014033539;5;2;1;1;6;680;26/01/2014
2014033540;1;2;1;1;3;680;03/02/2014
2014033541;1;2;3;1;3;680;07/02/2014
2014033542;5;2;1;1;5;680;18/02/2014
2014033543;1;2;3;1;3;680;21/02/2014
2014033544;1;2;9;1;3;680;20/03/2014
2014033545;1;2;2;1;3;680;20/03/2014
2014033546;1;2;2;1;6;680;27/03/2014
2014033547;1;2;1;1;6;680;12/04/2014
2014033548;1;2;1;1;3;680;24/04/2014
2014033549;1;2;1;1;6;680;29/04/2014
2014033550;1;2;1;1;6;680;07/05/2014
2014033551;1;2;2;1;6;680;07/05/2014
2014033552;1;2;1;1;2;680;10/05/2014
2014033553;1;2;6;1;3;680;14/05/2014
2014033554;1;2;2;1;7;680;06/06/2014
2014033555;1;2;3;1;4;680;15/07/2014
2014033556;1;2;1;1;6;680;25/07/2014
2014033557;1;1;6;1;3;680;17/07/2014
2014033558;1;2;2;1;3;680;04/08/2014
2014033559;1;1;1;1;6;680;07/09/2014
2014033560;1;2;3;1;2;680;08/08/2014
2014033561;1;1;1;1;3;680;16/09/2014
2014033562;1;2;5;1;3;680;06/10/2014
2014033563;1;2;1;1;6;680;03/10/2014
2014033564;1;2;5;2;6;680;09/10/2014
2014033565;1;2;2;1;6;680;13/10/2014
2014033566;1;2;1;1;4;680;16/10/2014
2014033567;1;2;3;1;3;680;31/10/2014
2014033568;1;1;6;1;6;680;03/11/2014
2014033569;5;2;1;2;3;680;04/11/2014
2014033570;5;2;2;2;6;680;10/11/2014
2014033571;5;2;1;2;1;680;16/11/2014
2014033572;3;1;2;2;6;680;10/11/2014
2014033573;5;1;1;5;6;680;05/12/2014
2014033574;5;2;3;1;3;680;16/12/2014
2014033575;5;1;1;1;6;680;22/12/2014
2014033576;5;2;2;1;3;680;11/04/2014
2014033577;1;2;1;1;3;680;26/04/2014
2014033578;1;2;3;1;6;680;29/04/2014
2014033579;1;1;1;1;3;680;15/05/2014
2014033580;5;1;1;1;6;680;14/09/2014
2014033581;5;2;1;2;6;680;07/10/2014
2014033582;2;2;1;1;6;680;12/10/2014
2014033583;5;1;1;1;6;680;24/10/2014
2014033584;1;2;1;1;6;680;30/10/2014
2014033585;3;2;1;2;6;680;12/11/2014
2014033586;1;2;3;1;3;680;20/11/2014
2014033587;5;2;1;1;6;680;06/01/2014
2014033588;5;2;1;2;6;680;14/01/2014
2014033589;2;2;1;1;6;680;15/01/2014
2014033590;1;2;6;1;3;680;17/01/2014
2014033591;1;2;6;1;3;680;27/01/2014
2014033592;1;2;6;1;6;680;28/01/2014
2014033593;5;2;1;1;6;680;30/01/2014
2014033594;1;2;1;1;6;680;31/01/2014
2014033595;1;2;1;1;3;680;06/02/2014
2014033596;2;2;2;1;6;680;09/02/2014
2014033597;5;2;1;1;6;680;12/02/2014
2014033598;1;2;1;1;2;680;12/02/2014
2014033599;1;2;6;1;3;680;12/02/2014
2014033600;1;2;2;1;3;680;14/02/2014
2014033601;1;2;2;1;3;680;20/02/2014
2014033602;1;2;1;1;6;680;20/02/2014
2014033603;4;1;1;1;6;680;21/02/2014
2014033604;1;2;1;1;6;680;22/02/2014
2014033605;1;1;1;2;4;680;26/02/2014
2014033606;1;2;6;1;3;680;10/03/2014
2014033607;1;2;1;1;6;680;13/03/2014
2014033608;3;2;1;1;6;680;14/03/2014
2014033609;1;2;1;1;6;680;25/03/2014
2014033610;5;2;6;1;4;680;26/03/2014
2014033611;1;2;1;1;6;680;28/03/2014
2014033612;1;1;1;1;7;680;30/03/2014
2014033613;5;2;1;1;6;680;30/03/2014
2014033614;1;2;1;1;6;680;07/04/2014
2014033615;1;2;1;1;6;680;14/04/2014
2014033616;1;2;1;1;3;680;14/04/2014
2014033617;1;2;1;1;6;680;19/04/2014
2014033618;1;2;1;1;2;680;20/04/2014
2014033619;5;2;5;1;3;680;22/04/2014
2014033620;5;2;1;3;6;680;26/04/2014
2014033621;4;2;2;1;3;680;30/04/2014
2014033622;1;2;1;1;6;680;09/05/2014
2014033623;1;2;6;1;6;680;10/05/2014
2014033624;1;2;2;1;6;680;15/05/2014
2014033625;1;2;1;1;6;680;25/05/2014
2014033626;1;2;6;1;4;680;31/05/2014
2014033627;1;2;2;1;6;680;07/06/2014
2014033628;1;2;6;1;6;680;11/06/2014
2014033629;1;2;2;1;3;680;12/06/2014
2014033630;1;2;3;1;3;680;12/06/2014
2014033631;1;2;6;1;3;680;14/06/2014
2014033632;1;2;1;1;6;680;18/06/2014
2014033633;1;2;6;1;2;680;20/06/2014
2014033634;1;2;1;1;6;680;20/06/2014
2014033635;5;2;6;1;7;680;23/06/2014
2014033636;1;2;2;1;6;680;28/06/2014
2014033637;1;2;3;1;6;680;01/07/2014
2014033638;1;2;1;1;6;680;04/07/2014
2014033639;1;2;3;1;6;680;11/07/2014
2014033640;1;2;1;3;2;680;11/07/2014
2014033641;5;2;1;1;6;680;18/07/2014
2014033642;1;2;1;1;6;680;19/07/2014
2014033643;5;2;2;1;3;680;01/08/2014
2014033644;1;2;1;1;6;680;06/08/2014
2014033645;1;2;2;1;3;680;07/08/2014
2014033646;1;2;9;1;7;680;14/08/2014
2014033647;5;2;3;3;3;680;15/08/2014
2014033648;5;2;2;2;3;680;24/08/2014
2014033649;1;2;1;1;1;680;24/08/2014
2014033650;1;1;1;1;3;680;30/08/2014
2014033651;1;2;1;1;3;680;30/08/2014
2014033652;1;2;1;1;6;680;06/09/2014
2014033653;1;2;1;1;6;680;08/09/2014
2014033654;1;2;1;1;6;680;11/09/2014
2014033655;1;2;3;1;6;680;12/09/2014
2014033656;3;1;1;2;1;680;12/09/2014
2014033657;1;2;1;1;6;680;13/09/2014
2014033658;1;2;1;1;6;680;18/09/2014
2014033659;1;2;1;1;6;680;19/09/2014
2014033660;5;2;1;2;6;680;21/09/2014
2014033661;1;1;1;1;3;680;24/09/2014
2014033662;1;2;3;1;6;680;28/09/2014
2014033663;1;2;1;1;3;680;03/10/2014
2014033664;1;2;1;1;6;680;03/10/2014
2014033665;1;2;1;1;6;680;04/10/2014
2014033666;1;2;1;1;3;680;07/10/2014
2014033667;5;2;2;1;6;680;10/10/2014
2014033668;5;2;3;2;3;680;17/10/2014
2014033669;1;2;3;1;3;680;18/10/2014
2014033670;5;2;2;1;3;680;19/10/2014
2014033671;5;2;1;1;2;680;19/10/2014
2014033672;1;2;3;1;3;680;27/10/2014
2014033673;2;2;1;1;6;680;04/11/2014
2014033674;5;2;3;1;6;680;04/11/2014
2014033675;1;2;3;1;2;680;08/11/2014
2014033676;1;2;1;1;3;680;08/11/2014
2014033677;5;2;2;3;3;680;12/11/2014
2014033678;5;2;3;3;3;680;12/11/2014
2014033679;2;2;1;1;6;680;18/11/2014
2014033680;1;2;1;1;6;680;25/11/2014
2014033681;5;2;1;1;6;680;26/11/2014
2014033682;1;2;1;8;6;680;29/11/2014
2014033683;3;2;1;1;6;680;29/11/2014
2014033684;5;2;1;2;6;680;11/12/2014
2014033685;1;2;1;1;1;680;13/12/2014
2014033686;4;2;1;2;6;680;14/12/2014
2014033687;5;1;1;2;2;680;15/12/2014
2014033688;5;2;3;1;3;680;16/12/2014
2014033689;2;2;2;1;3;680;22/12/2014
2014033690;1;2;1;1;6;680;24/12/2014
2014033691;1;2;3;1;2;680;07/01/2014
2014033692;5;2;2;2;3;680;21/02/2014
2014033693;1;2;3;1;6;680;17/03/2014
2014033694;3;1;1;1;1;680;30/03/2014
2014033695;1;2;3;1;3;680;17/04/2014
2014033696;1;2;2;1;3;680;15/04/2014
2014033697;1;2;3;1;3;680;27/04/2014
2014033698;1;2;1;1;6;680;10/05/2014
2014033699;1;2;3;8;2;680;17/06/2014
2014033700;5;2;1;1;6;680;22/06/2014
2014033701;5;2;1;1;6;680;14/09/2014
2014033702;1;2;1;1;3;680;08/10/2014
2014033703;5;2;1;2;6;680;09/10/2014
2014033704;1;2;2;1;3;680;10/10/2014
2014033705;1;2;3;1;3;680;08/11/2014
2014033706;5;2;2;2;3;680;19/12/2014
2014033707;3;2;6;1;3;680;20/08/2014
2014033708;5;2;1;1;1;680;18/11/2014
2014033709;5;2;1;3;6;680;16/01/2014
2014033710;1;2;3;1;1;680;24/01/2014
2014033711;5;2;1;8;6;680;12/10/2014
2014033712;5;2;1;1;1;680;15/07/2014
2014033713;1;2;1;1;6;680;05/12/2014
2014033714;5;2;1;1;6;690;07/01/2014
2014033715;5;2;3;1;2;690;07/01/2014
2014033716;3;1;1;1;6;690;27/01/2014
2014033717;1;2;1;1;6;690;17/02/2014
2014033718;1;2;1;1;6;690;06/03/2014
2014033719;1;2;1;1;6;690;05/04/2014
2014033720;1;2;2;1;6;690;09/04/2014
2014033721;5;2;1;1;6;690;10/04/2014
2014033722;1;2;1;1;2;690;11/04/2014
2014033723;1;1;3;1;6;690;17/04/2014
2014033724;5;2;2;1;6;690;05/05/2014
2014033725;1;2;2;1;6;690;22/06/2014
2014033726;1;2;2;1;3;690;24/06/2014
2014033727;1;2;3;3;6;690;28/07/2014
2014033728;1;2;3;1;6;690;05/09/2014
2014033729;1;2;1;1;2;690;11/09/2014
2014033730;1;2;3;1;6;690;12/09/2014
2014033731;1;2;1;2;3;690;03/11/2014
2014033732;5;2;2;1;6;690;08/11/2014
2014033733;1;2;1;1;3;690;12/12/2014
2014033734;5;2;6;1;6;690;24/12/2014
2014033735;5;2;1;1;1;690;25/11/2014
2014033736;1;2;2;1;6;690;31/12/2014
2014033737;1;1;9;1;2;690;07/01/2014
2014033738;1;2;1;1;5;690;23/01/2014
2014033739;2;2;1;1;1;690;27/01/2014
2014033740;5;2;1;2;6;690;14/02/2014
2014033741;1;2;1;1;6;690;27/02/2014
2014033742;1;2;1;1;6;690;06/03/2014