num_acc;lum;agg;inter;atm;col;dep;date
2014033743;1;2;1;1;1;690;14/03/2014
2014033744;1;2;4;1;3;690;18/03/2014
2014033745;1;2;1;2;6;690;25/03/2014
2014033746;1;2;1;1;6;690;26/03/2014
2014033747;1;2;4;1;3;690;31/03/2014
2014033748;1;2;1;1;1;690;19/04/2014
2014033749;5;2;1;2;6;690;20/04/2014
2014033750;1;2;1;5;1;690;22/04/2014
2014033751;2;2;1;1;3;690;22/04/2014
2014033752;1;2;1;1;6;690;12/05/2014
2014033753;1;2;3;2;3;690;30/04/2014
2014033754;1;2;1;1;6;690;27/05/2014
2014033755;1;2;3;1;3;690;30/05/2014
2014033756;1;2;1;1;3;690;03/06/2014
2014033757;1;2;1;1;3;690;06/06/2014
2014033758;1;2;1;1;6;690;07/06/2014
2014033759;1;2;1;1;2;690;12/06/2014
2014033760;1;2;1;1;6;690;20/06/2014
2014033761;1;2;1;1;3;690;13/06/2014
2014033762;1;2;1;1;3;690;06/06/2014
2014033763;1;2;1;1;2;690;29/06/2014
2014033764;1;2;1;3;4;690;06/07/2014
2014033765;1;2;1;1;6;690;10/07/2014
2014033766;1;2;1;1;6;690;15/07/2014
2014033767;1;2;3;1;6;690;01/08/2014
2014033768;1;2;1;1;6;690;03/08/2014
2014033769;1;2;1;1;6;690;12/08/2014
2014033770;5;2;1;1;3;690;20/10/2014
2014033771;5;2;1;1;3;690;26/08/2014
2014033772;5;2;2;1;3;690;26/08/2014
2014033773;1;2;1;1;6;690;16/09/2014
2014033774;1;2;2;1;1;690;26/09/2014
2014033775;1;2;1;1;2;690;27/09/2014
2014033776;5;2;1;1;7;690;27/09/2014
2014033777;5;2;1;1;2;690;24/09/2014
2014033778;1;2;1;1;3;690;01/10/2014
2014033779;5;2;1;1;6;690;05/10/2014
2014033780;1;2;1;1;6;690;09/10/2014
2014033781;1;2;1;1;3;690;11/10/2014
2014033782;1;2;1;8;6;690;14/10/2014
2014033783;5;1;1;1;6;690;05/12/2014
2014033784;1;2;1;1;4;690;17/10/2014
2014033785;4;2;1;1;6;690;19/10/2014
2014033786;1;2;3;1;3;690;20/10/2014
2014033787;1;2;1;1;6;690;22/10/2014
2014033788;1;2;1;2;2;690;25/12/2014
2014033789;1;2;1;1;6;690;25/10/2014
2014033790;1;2;2;1;3;690;30/10/2014
2014033791;4;2;1;3;6;690;03/11/2014
2014033792;5;2;1;1;2;690;11/11/2014
2014033793;1;2;1;2;3;690;15/11/2014
2014033794;5;2;1;1;3;690;09/12/2014
2014033795;1;2;1;1;3;690;12/12/2014
2014033796;5;2;1;1;3;690;14/12/2014
2014033797;3;2;1;3;6;690;02/01/2014
2014033798;1;1;1;6;6;690;07/01/2014
2014033799;4;2;1;2;3;690;13/01/2014
2014033800;3;2;1;2;2;690;24/01/2014
2014033801;1;2;6;1;3;690;28/01/2014
2014033802;5;2;1;2;6;690;01/02/2014
2014033803;5;2;1;1;3;690;11/02/2014
2014033804;1;2;1;1;3;690;22/02/2014
2014033805;5;2;1;1;3;690;27/02/2014
2014033806;1;2;3;1;3;690;01/03/2014
2014033807;1;2;3;1;3;690;01/03/2014
2014033808;5;2;5;1;6;690;15/03/2014
2014033809;1;2;1;1;6;690;20/03/2014
2014033810;1;2;1;1;6;690;27/03/2014
2014033811;1;2;5;1;3;690;05/04/2014
2014033812;1;2;1;1;6;690;06/04/2014
2014033813;1;2;9;1;1;690;08/05/2014
2014033814;1;2;3;1;3;690;11/05/2014
2014033815;1;2;3;1;3;690;16/05/2014
2014033816;1;2;1;1;7;690;18/05/2014
2014033817;1;1;1;3;6;690;22/05/2014
2014033818;1;2;1;1;6;690;26/05/2014
2014033819;1;2;1;1;3;690;10/06/2014
2014033820;1;2;1;1;7;690;12/06/2014
2014033821;1;2;3;1;6;690;13/06/2014
2014033822;1;2;1;1;2;690;22/06/2014
2014033823;1;2;9;2;6;690;23/06/2014
2014033824;1;1;1;2;6;690;02/07/2014
2014033825;1;2;9;1;6;690;03/07/2014
2014033826;1;2;9;1;5;690;02/08/2014
2014033827;5;2;3;2;1;690;20/08/2014
2014033828;5;2;1;1;6;690;24/08/2014
2014033829;1;2;1;1;6;690;03/09/2014
2014033830;1;1;2;1;3;690;06/09/2014
2014033831;1;2;1;1;6;690;10/09/2014
2014033832;1;2;1;1;6;690;15/09/2014
2014033833;5;2;2;1;1;690;16/09/2014
2014033834;1;2;3;1;6;690;18/09/2014
2014033835;1;2;6;8;2;690;19/09/2014
2014033836;1;2;1;2;1;690;24/09/2014
2014033837;1;1;1;1;6;690;22/10/2014
2014033838;1;1;1;1;6;690;29/10/2014
2014033839;2;2;1;1;6;690;01/11/2014
2014033840;1;2;1;2;7;690;11/11/2014
2014033841;5;2;1;2;6;690;16/11/2014
2014033842;1;2;1;1;1;690;20/11/2014
2014033843;1;2;1;1;2;690;21/11/2014
2014033844;1;2;1;1;6;690;23/11/2014
2014033845;5;2;4;1;2;690;27/11/2014
2014033846;1;2;9;8;6;690;20/11/2014
2014033847;1;2;6;2;2;690;04/12/2014
2014033848;2;2;1;2;3;690;02/12/2014
2014033849;1;2;1;1;6;690;12/12/2014
2014033850;1;2;1;1;4;690;24/12/2014
2014033851;1;2;1;1;1;690;31/12/2014
2014033852;1;2;1;1;6;690;08/01/2014
2014033853;2;2;3;2;6;690;14/01/2014
2014033854;1;2;1;1;3;690;14/01/2014
2014033855;1;2;3;8;3;690;18/01/2014
2014033856;1;2;1;1;6;690;30/01/2014
2014033857;5;2;3;2;6;690;23/01/2014
2014033858;5;2;1;1;4;690;05/02/2014
2014033859;1;2;1;1;1;690;06/02/2014
2014033860;5;2;3;2;3;690;14/02/2014
2014033861;1;2;1;1;4;690;19/02/2014
2014033862;3;2;1;1;3;690;28/02/2014
2014033863;1;2;1;1;6;690;14/03/2014
2014033864;1;2;1;1;6;690;15/03/2014
2014033865;1;2;1;1;6;690;17/03/2014
2014033866;5;2;1;1;1;690;20/03/2014
2014033867;1;2;3;1;3;690;24/03/2014
2014033868;1;2;1;1;2;690;17/03/2014
2014033869;1;2;1;1;3;690;31/03/2014
2014033870;1;2;3;1;3;690;20/03/2014
2014033871;5;2;7;1;2;690;04/04/2014
2014033872;1;2;1;1;3;690;02/04/2014
2014033873;5;2;1;1;6;690;07/04/2014
2014033874;1;2;1;1;3;690;09/04/2014
2014033875;1;2;1;1;6;690;22/04/2014
2014033876;1;2;1;1;2;690;23/04/2014
2014033877;1;2;3;1;3;690;24/04/2014
2014033878;1;2;1;1;6;690;24/04/2014
2014033879;1;2;3;1;3;690;01/05/2014
2014033880;1;2;1;1;3;690;06/05/2014
2014033881;1;2;1;1;2;690;08/05/2014
2014033882;1;2;1;1;6;690;12/05/2014
2014033883;1;2;1;1;6;690;14/05/2014
2014033884;5;2;1;1;1;690;17/05/2014
2014033885;1;2;1;1;3;690;19/05/2014
2014033886;1;2;1;1;6;690;22/05/2014
2014033887;1;2;2;2;3;690;27/05/2014
2014033888;1;2;1;1;6;690;08/06/2014
2014033889;1;2;3;1;1;690;20/06/2014
2014033890;1;2;1;1;6;690;22/09/2014
2014033891;1;2;1;1;6;690;24/06/2014
2014033892;3;2;1;1;6;690;03/07/2014
2014033893;1;2;1;3;2;690;07/07/2014
2014033894;2;2;1;8;6;690;07/07/2014
2014033895;1;2;1;8;1;690;10/07/2014
2014033896;1;2;9;1;1;690;11/07/2014
2014033897;1;2;1;1;6;690;27/07/2014
2014033898;4;2;1;1;2;690;27/07/2014
2014033899;5;2;1;1;6;690;30/07/2014
2014033900;1;2;1;1;1;690;30/07/2014
2014033901;5;2;2;1;3;690;08/08/2014
2014033902;1;2;1;1;3;690;10/08/2014
2014033903;1;2;1;1;3;690;21/08/2014
2014033904;1;2;1;1;6;690;22/08/2014
2014033905;1;2;1;1;2;690;28/08/2014
2014033906;1;2;4;1;3;690;02/09/2014
2014033907;1;2;2;1;3;690;02/09/2014
2014033908;1;2;2;1;3;690;04/09/2014
2014033909;1;2;2;1;6;690;18/09/2014
2014033910;1;2;1;1;6;690;18/09/2014
2014033911;1;2;1;1;6;690;23/09/2014
2014033912;1;2;1;1;3;690;02/10/2014
2014033913;1;2;1;2;2;690;07/10/2014
2014033914;1;2;1;8;2;690;07/10/2014
2014033915;1;2;1;1;3;690;11/10/2014
2014033916;2;2;1;8;3;690;13/10/2014
2014033917;1;2;2;8;3;690;07/10/2014
2014033918;1;2;3;1;3;690;25/10/2014
2014033919;2;2;1;1;3;690;30/10/2014
2014033920;1;2;1;1;3;690;31/10/2014
2014033921;5;2;1;1;2;690;02/11/2014
2014033922;5;2;1;2;1;690;03/11/2014
2014033923;1;2;1;1;2;690;03/11/2014
2014033924;1;1;1;3;3;690;04/11/2014
2014033925;1;2;1;1;6;690;08/11/2014
2014033926;1;2;1;1;7;690;08/11/2014
2014033927;5;2;2;3;3;690;04/11/2014
2014033928;1;2;1;8;6;690;15/11/2014
2014033929;1;2;1;1;4;690;18/11/2014
2014033930;1;2;1;2;6;690;18/11/2014
2014033931;1;2;2;1;3;690;21/11/2014
2014033932;5;2;1;1;6;690;29/11/2014
2014033933;1;2;2;1;3;690;04/12/2014
2014033934;5;2;2;1;7;690;09/12/2014
2014033935;5;2;1;2;3;690;10/12/2014
2014033936;5;2;1;2;2;690;17/12/2014
2014033937;5;2;2;1;3;690;18/12/2014
2014033938;1;2;1;9;6;690;19/12/2014
2014033939;5;2;2;8;1;690;19/12/2014
2014033940;5;2;1;1;3;690;20/12/2014
2014033941;1;2;1;1;6;690;21/12/2014
2014033942;1;2;1;1;6;690;22/12/2014
2014033943;5;2;6;2;3;690;17/01/2014
2014033944;1;2;4;1;6;690;04/02/2014
2014033945;5;2;6;1;6;690;08/02/2014
2014033946;5;2;1;1;6;690;09/02/2014
2014033947;1;2;1;1;6;690;20/02/2014
2014033948;1;2;2;1;6;690;22/02/2014
2014033949;1;2;3;1;3;690;04/03/2014
2014033950;1;2;3;1;6;690;12/03/2014
2014033951;1;2;1;1;6;690;15/04/2014
2014033952;1;2;3;3;6;690;21/04/2014
2014033953;1;2;3;1;3;690;24/04/2014
2014033954;1;2;1;1;6;690;02/05/2014
2014033955;1;2;2;1;6;690;05/05/2014
2014033956;1;2;1;8;6;690;06/05/2014
2014033957;1;2;2;1;6;690;07/05/2014
2014033958;3;2;1;1;6;690;07/05/2014
2014033959;5;2;1;1;6;690;08/05/2014
2014033960;2;2;1;1;6;690;04/05/2014
2014033961;1;2;3;1;6;690;13/05/2014
2014033962;1;2;1;1;6;690;13/05/2014
2014033963;5;2;2;1;3;690;18/05/2014
2014033964;5;2;3;1;6;690;01/06/2014
2014033965;1;2;1;1;6;690;02/06/2014
2014033966;2;2;1;1;6;690;06/06/2014
2014033967;1;2;1;1;6;690;24/06/2014
2014033968;1;2;3;1;3;690;01/07/2014
2014033969;1;2;3;1;6;690;16/07/2014
2014033970;1;2;2;1;3;690;17/07/2014
2014033971;1;2;1;1;6;690;18/06/2014
2014033972;1;2;6;1;1;690;24/07/2014
2014033973;1;2;2;1;6;690;01/08/2014
2014033974;1;2;1;1;6;690;10/08/2014
2014033975;1;2;2;1;3;690;06/09/2014
2014033976;1;2;2;1;3;690;12/09/2014
2014033977;1;2;3;1;6;690;24/10/2014
2014033978;5;2;1;1;5;690;26/10/2014
2014033979;5;2;2;1;3;690;06/11/2014
2014033980;5;2;2;1;5;690;08/11/2014
2014033981;1;2;3;2;6;690;26/11/2014
2014033982;5;2;2;1;6;690;28/11/2014
2014033983;5;2;1;1;6;690;24/11/2014
2014033984;5;2;2;1;6;690;28/11/2014
2014033985;5;2;1;1;7;690;09/12/2014
2014033986;1;2;2;1;6;690;26/12/2014
2014033987;5;2;3;1;6;690;02/01/2014
2014033988;5;2;1;1;6;690;05/01/2014
2014033989;1;2;1;6;4;690;09/01/2014
2014033990;5;2;3;1;1;690;10/01/2014
2014033991;5;2;2;1;3;690;18/01/2014
2014033992;1;2;1;8;6;690;21/01/2014
2014033993;2;2;1;3;5;690;24/01/2014
2014033994;1;2;2;8;3;690;26/01/2014
2014033995;1;2;1;1;6;690;29/01/2014
2014033996;1;2;1;1;6;690;04/02/2014
2014033997;1;2;1;2;6;690;08/02/2014
2014033998;1;2;4;1;3;690;11/02/2014
2014033999;1;2;1;1;2;690;11/02/2014
2014034000;1;2;1;1;6;690;12/02/2014
2014034001;1;2;3;1;2;690;15/02/2014
2014034002;1;2;1;1;5;690;19/02/2014
2014034003;2;2;1;1;6;690;20/02/2014
2014034004;5;2;1;1;1;690;24/02/2014
2014034005;1;2;6;3;2;690;21/02/2014
2014034006;3;2;1;2;5;690;21/02/2014
2014034007;1;2;1;1;2;690;25/02/2014
2014034008;2;2;1;1;6;690;27/02/2014
2014034009;5;2;1;1;6;690;05/03/2014
2014034010;1;2;1;1;6;690;12/04/2014
2014034011;1;2;1;1;6;690;08/03/2014
2014034012;5;2;2;1;3;690;26/03/2014
2014034013;1;2;1;1;2;690;25/03/2014
2014034014;1;2;1;1;3;690;26/03/2014
2014034015;1;2;1;1;1;690;27/03/2014
2014034016;1;2;1;1;6;690;27/03/2014
2014034017;1;2;1;1;6;690;03/04/2014
2014034018;1;2;1;1;1;690;04/04/2014
2014034019;1;2;1;1;6;690;15/04/2014
2014034020;1;2;3;2;3;690;17/04/2014
2014034021;1;2;3;8;1;690;18/04/2014
2014034022;1;2;1;1;5;690;19/04/2014
2014034023;5;2;5;2;3;690;20/04/2014
2014034024;2;2;2;8;1;690;22/04/2014
2014034025;1;2;1;1;3;690;05/03/2014
2014034026;1;2;1;1;6;690;28/04/2014
2014034027;1;2;3;1;3;690;29/04/2014
2014034028;1;2;2;1;7;690;26/04/2014
2014034029;1;2;1;1;2;690;30/04/2014
2014034030;1;2;3;1;6;690;01/05/2014
2014034031;5;2;1;3;6;690;01/05/2014
2014034032;1;2;1;1;2;690;06/05/2014
2014034033;1;2;1;1;3;690;06/05/2014
2014034034;5;1;1;1;1;690;12/05/2014
2014034035;1;2;1;1;3;690;15/05/2014
2014034036;1;2;1;1;3;690;17/05/2014
2014034037;1;2;3;1;1;690;17/05/2014
2014034038;1;2;1;1;6;690;20/05/2014
2014034039;1;2;1;1;2;690;21/05/2014
2014034040;1;2;2;1;3;690;22/05/2014
2014034041;1;2;1;1;6;690;26/05/2014
2014034042;2;2;2;2;3;690;26/05/2014
2014034043;1;2;1;1;6;690;26/05/2014
2014034044;1;2;1;1;6;690;24/04/2014
2014034045;1;2;1;1;4;690;18/06/2014
2014034046;1;2;1;1;3;690;19/06/2014
2014034047;1;2;1;1;7;690;14/06/2014
2014034048;1;2;1;1;6;690;14/06/2014
2014034049;1;2;1;1;6;690;05/06/2014
2014034050;1;2;2;1;6;690;21/06/2014
2014034051;1;1;1;1;7;690;23/06/2014
2014034052;1;2;1;1;6;690;17/06/2014
2014034053;1;2;1;1;6;690;24/06/2014
2014034054;1;2;3;1;6;690;26/06/2014
2014034055;1;2;1;1;6;690;30/06/2014
2014034056;1;2;5;1;1;690;03/07/2014
2014034057;1;2;1;1;6;690;04/07/2014
2014034058;1;2;1;2;5;690;07/07/2014
2014034059;1;2;1;1;2;690;08/07/2014
2014034060;1;2;1;1;3;690;08/07/2014
2014034061;5;2;1;2;1;690;09/07/2014
2014034062;1;2;1;1;6;690;09/07/2014
2014034063;5;2;1;1;6;690;12/07/2014
2014034064;1;2;1;1;3;690;23/07/2014
2014034065;1;2;1;1;6;690;26/07/2014
2014034066;5;2;2;1;2;690;25/07/2014
2014034067;1;2;1;1;2;690;26/07/2014
2014034068;1;2;1;1;3;690;30/07/2014
2014034069;1;2;1;1;3;690;31/07/2014
2014034070;1;2;4;1;3;690;02/08/2014
2014034071;1;2;1;1;5;690;11/08/2014
2014034072;1;2;1;1;2;690;12/08/2014
2014034073;1;2;1;1;6;690;16/08/2014
2014034074;1;2;3;1;3;690;20/08/2014
2014034075;1;2;3;2;3;690;26/08/2014
2014034076;1;2;1;1;3;690;24/08/2014
2014034077;1;2;1;1;5;690;29/08/2014
2014034078;1;1;1;1;6;690;01/09/2014
2014034079;1;2;1;1;6;690;03/09/2014
2014034080;1;2;2;1;3;690;07/09/2014
2014034081;2;2;1;1;6;690;08/09/2014
2014034082;1;2;1;1;6;690;10/09/2014
2014034083;1;2;3;1;2;690;15/09/2014
2014034084;1;2;1;1;1;690;15/09/2014
2014034085;1;2;1;2;2;690;19/09/2014
2014034086;1;2;1;2;6;690;19/09/2014
2014034087;1;1;1;1;6;690;15/09/2014
2014034088;1;2;2;1;5;690;26/09/2014
2014034089;5;2;1;1;6;690;27/09/2014
2014034090;1;2;1;1;6;690;28/09/2014
2014034091;5;2;1;1;6;690;06/10/2014
2014034092;1;2;1;1;6;690;06/10/2014
2014034093;5;2;1;2;6;690;07/10/2014
2014034094;2;2;2;3;3;690;09/10/2014
2014034095;5;2;3;3;6;690;09/10/2014
2014034096;2;2;1;2;2;690;17/10/2014
2014034097;5;2;1;1;7;690;28/10/2014
2014034098;2;2;1;1;6;690;28/10/2014
2014034099;1;2;1;1;6;690;24/10/2014
2014034100;1;2;1;1;5;690;31/10/2014
2014034101;5;2;3;1;3;690;30/10/2014
2014034102;5;2;1;2;4;690;03/11/2014
2014034103;1;2;2;3;3;690;03/11/2014
2014034104;1;2;3;1;3;690;03/11/2014
2014034105;5;2;1;3;2;690;04/11/2014
2014034106;1;2;1;2;2;690;05/11/2014
2014034107;1;2;1;2;3;690;05/11/2014
2014034108;1;2;1;2;3;690;05/11/2014
2014034109;5;2;3;1;3;690;08/11/2014
2014034110;1;2;1;1;6;690;10/11/2014
2014034111;1;2;1;1;2;690;17/11/2014
2014034112;1;2;1;2;6;690;18/11/2014
2014034113;1;2;1;1;3;690;20/11/2014
2014034114;5;2;1;1;2;690;21/11/2014
2014034115;1;2;1;1;5;690;21/11/2014
2014034116;1;2;2;1;3;690;24/11/2014
2014034117;2;2;0;2;3;690;01/12/2014
2014034118;1;2;0;2;3;690;01/12/2014
2014034119;5;2;1;1;4;690;30/11/2014
2014034120;5;2;1;1;6;690;04/12/2014
2014034121;1;2;1;1;3;690;06/12/2014
2014034122;5;2;2;1;4;690;06/12/2014
2014034123;5;2;1;1;1;690;07/12/2014
2014034124;1;2;1;1;6;690;09/12/2014
2014034125;5;2;1;2;4;690;11/12/2014
2014034126;5;2;1;1;6;690;14/12/2014
2014034127;1;2;1;1;1;690;20/12/2014
2014034128;1;2;1;2;6;690;20/12/2014
2014034129;5;2;2;9;3;690;18/12/2014
2014034130;1;2;1;3;6;690;18/12/2014
2014034131;5;2;1;1;2;690;21/12/2014
2014034132;2;2;1;5;6;690;23/12/2014
2014034133;1;2;1;1;6;690;23/12/2014
2014034134;5;2;2;1;3;690;30/12/2014
2014034135;1;2;1;1;3;690;07/01/2014
2014034136;1;1;3;3;3;690;24/01/2014
2014034137;1;2;2;1;3;690;28/01/2014
2014034138;5;2;3;1;6;690;07/02/2014
2014034139;1;2;1;1;3;690;22/02/2014
2014034140;1;2;1;1;1;690;17/04/2014
2014034141;1;2;1;1;2;690;18/05/2014
2014034142;1;2;3;1;2;690;22/05/2014
2014034143;2;2;1;1;5;690;30/05/2014
2014034144;1;1;2;1;3;690;24/05/2014
2014034145;1;2;1;1;6;690;07/06/2014
2014034146;1;2;1;1;3;690;17/06/2014
2014034147;1;2;1;1;6;690;01/04/2014
2014034148;1;2;2;1;6;690;27/06/2014
2014034149;1;1;1;2;1;690;02/07/2014
2014034150;1;2;1;1;6;690;08/07/2014
2014034151;2;1;1;8;1;690;09/09/2014
2014034152;1;2;1;1;6;690;03/09/2014
2014034153;2;2;2;1;6;690;01/10/2014
2014034154;1;2;6;1;6;690;11/08/2014
2014034155;5;2;2;1;1;690;18/10/2014
2014034156;1;2;1;1;6;690;11/10/2014
2014034157;5;2;6;2;3;690;06/11/2014
2014034158;1;2;1;9;3;690;05/11/2014
2014034159;5;2;2;1;2;690;02/01/2014
2014034160;5;2;1;1;6;690;06/01/2014
2014034161;5;2;1;1;6;690;08/01/2014
2014034162;1;2;1;1;6;690;09/01/2014
2014034163;5;2;2;8;3;690;20/01/2014
2014034164;5;2;4;1;3;690;22/01/2014
2014034165;1;2;1;2;6;690;24/01/2014
2014034166;1;2;4;2;6;690;01/02/2014
2014034167;1;2;1;1;6;690;04/02/2014
2014034168;5;2;2;3;6;690;07/02/2014
2014034169;5;2;2;3;6;690;10/02/2014
2014034170;5;2;4;3;6;690;10/02/2014
2014034171;1;2;2;1;6;690;17/02/2014
2014034172;1;2;1;1;6;690;24/02/2014
2014034173;1;2;2;1;6;690;27/02/2014
2014034174;1;2;1;1;6;690;23/02/2014
2014034175;1;2;3;1;6;690;12/02/2014
2014034176;1;2;1;1;3;690;10/03/2014
2014034177;1;2;3;1;6;690;23/03/2014
2014034178;5;2;3;1;6;690;19/03/2014
2014034179;1;2;2;1;3;690;13/03/2014
2014034180;1;2;2;1;3;690;14/03/2014
2014034181;5;2;2;1;6;690;22/03/2014
2014034182;5;2;1;1;6;690;25/03/2014
2014034183;1;2;2;1;6;690;27/03/2014
2014034184;1;2;2;1;6;690;29/03/2014
2014034185;1;2;1;1;6;690;01/04/2014
2014034186;1;2;1;1;6;690;03/04/2014
2014034187;1;2;1;1;6;690;10/04/2014
2014034188;1;2;1;1;6;690;12/04/2014
2014034189;1;2;6;1;3;690;15/04/2014
2014034190;5;2;1;1;6;690;15/04/2014
2014034191;1;2;2;1;6;690;14/04/2014
2014034192;1;2;1;1;6;690;15/04/2014
2014034193;1;2;1;1;6;690;19/04/2014
2014034194;1;2;3;1;6;690;19/04/2014
2014034195;1;2;1;1;2;690;20/04/2014
2014034196;5;2;2;2;6;690;27/04/2014
2014034197;1;2;2;1;6;690;03/05/2014
2014034198;5;2;2;1;6;690;07/05/2014
2014034199;1;2;1;1;6;690;11/05/2014
2014034200;1;2;1;1;6;690;15/05/2014
2014034201;5;2;2;1;6;690;19/05/2014
2014034202;1;2;3;1;6;690;24/05/2014
2014034203;1;2;1;1;6;690;25/05/2014
2014034204;1;2;1;1;6;690;29/05/2014
2014034205;1;2;3;1;3;690;29/05/2014
2014034206;4;2;1;1;6;690;28/05/2014
2014034207;1;2;1;1;6;690;03/06/2014
2014034208;4;2;2;1;3;690;08/06/2014
2014034209;1;2;1;1;6;690;15/06/2014
2014034210;1;2;2;1;6;690;16/06/2014
2014034211;1;2;3;7;3;690;16/06/2014
2014034212;1;2;2;1;3;690;20/06/2014
2014034213;1;2;2;1;6;690;21/06/2014
2014034214;1;2;3;1;1;690;23/06/2014
2014034215;5;2;1;1;2;690;26/06/2014
2014034216;1;2;3;1;3;690;28/06/2014
2014034217;1;2;3;1;3;690;30/06/2014
2014034218;1;2;1;1;6;690;01/07/2014
2014034219;1;2;2;1;6;690;03/07/2014
2014034220;1;2;6;1;6;690;05/07/2014
2014034221;1;2;2;1;3;690;17/07/2014
2014034222;1;2;2;8;3;690;22/07/2014
2014034223;1;2;3;1;7;690;24/07/2014
2014034224;1;2;3;1;6;690;24/07/2014
2014034225;1;2;1;1;1;690;27/07/2014
2014034226;2;2;1;1;6;690;03/08/2014
2014034227;1;2;4;3;3;690;20/07/2014
2014034228;1;2;1;1;6;690;11/08/2014
2014034229;1;2;2;1;3;690;12/08/2014
2014034230;1;2;6;1;6;690;20/08/2014
2014034231;1;2;2;1;3;690;28/08/2014
2014034232;5;2;2;1;6;690;23/08/2014
2014034233;1;2;3;1;3;690;26/08/2014
2014034234;1;2;2;1;6;690;27/08/2014
2014034235;5;2;2;1;3;690;31/08/2014
2014034236;1;2;1;1;7;690;05/09/2014
2014034237;3;2;1;1;1;690;13/09/2014
2014034238;1;2;1;1;4;690;06/09/2014
2014034239;5;2;3;1;3;690;17/09/2014
2014034240;1;2;1;1;3;690;27/09/2014
2014034241;5;2;2;1;3;690;29/09/2014
2014034242;5;2;1;2;3;690;24/09/2014
2014034243;1;2;2;1;7;690;24/09/2014
2014034244;1;2;3;1;4;690;03/10/2014
2014034245;5;2;1;1;6;690;04/10/2014
2014034246;1;2;2;2;3;690;07/10/2014
2014034247;1;2;1;1;6;690;07/10/2014
2014034248;1;2;1;1;6;690;06/10/2014
2014034249;5;2;1;3;6;690;10/10/2014
2014034250;1;2;2;1;6;690;18/10/2014
2014034251;1;2;1;1;6;690;19/10/2014
2014034252;1;2;3;1;3;690;23/10/2014
2014034253;1;2;2;1;3;690;23/10/2014
2014034254;5;2;3;1;6;690;26/10/2014
2014034255;5;2;1;1;2;690;08/10/2014
2014034256;1;2;1;1;6;690;23/10/2014
2014034257;1;2;3;1;3;690;27/10/2014
2014034258;1;2;3;1;6;690;02/11/2014
2014034259;5;2;2;1;3;690;15/03/2014
2014034260;1;2;1;2;6;690;07/11/2014
2014034261;1;2;1;2;6;690;10/11/2014
2014034262;2;2;2;1;6;690;11/10/2014
2014034263;1;2;6;2;6;690;12/11/2014
2014034264;1;2;3;1;3;690;15/11/2014
2014034265;1;2;1;1;7;690;17/11/2014
2014034266;2;2;2;8;6;690;12/11/2014
2014034267;5;2;1;1;6;690;19/11/2014
2014034268;1;2;3;1;6;690;21/11/2014
2014034269;1;2;2;1;3;690;25/11/2014
2014034270;5;2;1;1;6;690;01/12/2014
2014034271;5;2;1;1;6;690;02/12/2014
2014034272;1;2;1;1;6;690;03/12/2014
2014034273;5;2;6;2;6;690;02/12/2014
2014034274;3;2;2;8;6;690;07/12/2014
2014034275;1;2;1;1;6;690;28/11/2014
2014034276;5;2;1;1;6;690;08/12/2014
2014034277;1;2;1;1;3;690;09/12/2014
2014034278;5;2;2;2;6;690;10/12/2014
2014034279;5;2;3;1;6;690;16/12/2014
2014034280;1;2;1;3;6;690;17/12/2014
2014034281;5;2;3;2;6;690;18/12/2014
2014034282;5;2;2;3;6;690;17/12/2014
2014034283;4;2;1;1;6;690;15/12/2014
2014034284;5;2;1;2;6;690;16/12/2014
2014034285;5;2;2;1;6;690;27/12/2014
2014034286;5;2;2;2;6;690;28/12/2014
2014034287;5;2;1;3;3;690;17/12/2014
2014034288;1;2;3;1;1;690;06/01/2014
2014034289;2;2;2;8;6;690;27/01/2014
2014034290;5;2;1;1;6;690;31/01/2014
2014034291;5;2;6;1;6;690;11/02/2014
2014034292;1;2;1;8;6;690;24/03/2014
2014034293;5;2;2;1;6;690;01/04/2014
2014034294;1;2;1;8;6;690;11/04/2014
2014034295;1;2;1;1;6;690;14/04/2014
2014034296;5;2;2;3;6;690;26/04/2014
2014034297;1;2;1;1;6;690;25/05/2014
2014034298;5;2;1;1;6;690;08/06/2014
2014034299;1;2;1;1;6;690;25/06/2014
2014034300;1;2;2;1;6;690;05/07/2014
2014034301;1;2;3;1;6;690;22/08/2014
2014034302;1;2;1;1;3;690;01/10/2014
2014034303;1;2;6;1;2;690;11/09/2014
2014034304;1;2;4;1;1;690;02/10/2014
2014034305;1;2;1;1;3;690;09/10/2014
2014034306;1;2;1;2;6;690;05/11/2014
2014034307;5;2;3;1;6;690;05/11/2014
2014034308;1;2;1;2;7;690;12/11/2014
2014034309;5;2;3;2;3;690;19/11/2014
2014034310;5;2;1;1;5;690;09/12/2014
2014034311;5;2;3;1;6;690;16/12/2014
2014034312;5;2;3;2;6;690;11/02/2014
2014034313;5;2;6;1;2;690;07/03/2014
2014034314;5;2;6;1;6;690;08/03/2014
2014034315;1;2;3;1;6;690;26/05/2014
2014034316;1;2;2;1;6;690;28/05/2014
2014034317;1;2;3;2;6;690;05/11/2014
2014034318;2;2;3;2;6;690;05/11/2014
2014034319;5;2;1;1;6;690;28/11/2014
2014034320;1;2;4;1;6;690;29/11/2014
2014034321;3;2;6;5;6;690;22/12/2014
2014034322;5;2;1;1;6;690;30/12/2014
2014034323;5;2;3;2;3;690;04/02/2014