num_acc;lum;agg;inter;atm;col;dep;date
2014034324;1;2;1;7;6;690;04/02/2014
2014034325;1;2;9;1;3;690;22/02/2014
2014034326;1;1;1;3;3;690;26/02/2014
2014034327;1;2;1;1;2;690;29/03/2014
2014034328;1;2;1;1;2;690;07/04/2014
2014034329;1;2;1;1;6;690;14/04/2014
2014034330;5;2;2;1;1;690;04/05/2014
2014034331;1;2;1;1;2;690;09/07/2014
2014034332;1;2;1;1;3;690;20/05/2014
2014034333;2;2;1;1;6;690;03/07/2014
2014034334;1;2;1;1;4;690;01/06/2014
2014034335;1;2;1;1;6;690;03/06/2014
2014034336;1;2;1;1;6;690;06/06/2014
2014034337;1;2;1;1;2;690;21/06/2014
2014034338;1;2;1;1;2;690;23/06/2014
2014034339;1;1;3;7;3;690;17/07/2014
2014034340;1;2;1;1;6;690;31/07/2014
2014034341;1;1;2;1;3;690;17/10/2014
2014034342;1;2;1;3;7;690;04/08/2014
2014034343;1;2;1;1;3;690;07/08/2014
2014034344;1;2;1;1;1;690;08/08/2014
2014034345;1;2;1;1;4;690;11/09/2014
2014034346;1;2;1;1;3;690;06/11/2014
2014034347;1;2;1;1;6;690;26/10/2014
2014034348;3;2;1;5;6;690;22/12/2014
2014034349;1;2;1;1;4;690;23/12/2014
2014034350;5;2;2;1;6;690;11/01/2014
2014034351;3;2;1;1;6;690;12/01/2014
2014034352;1;2;3;1;6;690;17/01/2014
2014034353;5;2;1;1;3;690;25/01/2014
2014034354;1;2;1;1;6;690;03/02/2014
2014034355;1;2;1;1;6;690;05/02/2014
2014034356;5;2;2;2;3;690;07/02/2014
2014034357;1;2;6;1;3;690;18/02/2014
2014034358;1;2;2;1;6;690;19/02/2014
2014034359;1;2;1;2;6;690;01/03/2014
2014034360;1;2;5;1;7;690;12/03/2014
2014034361;5;2;1;1;6;690;08/03/2014
2014034362;1;1;1;1;6;690;01/04/2014
2014034363;1;2;1;1;6;690;14/04/2014
2014034364;2;2;1;1;6;690;20/04/2014
2014034365;1;2;1;1;6;690;22/04/2014
2014034366;1;2;1;1;6;690;28/04/2014
2014034367;1;2;2;1;3;690;30/04/2014
2014034368;1;2;2;1;6;690;18/05/2014
2014034369;1;2;3;1;6;690;12/05/2014
2014034370;1;2;2;1;2;690;25/04/2014
2014034371;1;2;2;1;1;690;30/05/2014
2014034372;1;2;1;1;6;690;19/05/2014
2014034373;1;2;2;7;3;690;30/05/2014
2014034374;1;2;2;1;5;690;17/06/2014
2014034375;5;2;1;1;6;690;21/06/2014
2014034376;1;2;2;1;3;690;22/06/2014
2014034377;1;2;2;1;1;690;01/07/2014
2014034378;1;2;1;1;6;690;15/07/2014
2014034379;1;2;1;1;6;690;01/08/2014
2014034380;1;2;1;1;6;690;05/08/2014
2014034381;1;2;1;1;6;690;20/08/2014
2014034382;1;2;2;1;3;690;28/08/2014
2014034383;1;2;9;1;6;690;06/09/2014
2014034384;1;2;1;1;6;690;08/09/2014
2014034385;1;2;3;1;7;690;12/09/2014
2014034386;1;2;1;1;3;690;13/09/2014
2014034387;5;2;2;1;1;690;16/09/2014
2014034388;1;2;3;2;7;690;24/09/2014
2014034389;5;2;2;1;3;690;26/09/2014
2014034390;1;2;1;1;7;690;28/09/2014
2014034391;5;2;1;1;3;690;04/10/2014
2014034392;5;2;1;1;7;690;02/10/2014
2014034393;1;2;1;1;1;690;21/10/2014
2014034394;5;2;1;1;6;690;23/10/2014
2014034395;1;2;2;1;3;690;27/10/2014
2014034396;5;2;3;1;6;690;28/10/2014
2014034397;5;2;1;8;5;690;05/11/2014
2014034398;1;2;2;1;3;690;06/11/2014
2014034399;5;2;1;1;1;690;07/11/2014
2014034400;1;2;1;1;2;690;07/11/2014
2014034401;5;2;2;1;6;690;29/10/2014
2014034402;5;2;1;2;6;690;09/11/2014
2014034403;1;2;2;5;3;690;08/11/2014
2014034404;5;2;1;2;6;690;18/11/2014
2014034405;5;2;1;2;6;690;08/12/2014
2014034406;1;2;2;1;3;690;10/12/2014
2014034407;4;2;1;2;6;690;18/12/2014
2014034408;5;2;2;2;3;690;20/12/2014
2014034409;2;1;1;7;4;700;15/04/2014
2014034410;1;2;3;1;2;700;12/08/2014
2014034411;5;2;1;1;1;700;14/10/2014
2014034412;2;2;6;1;6;700;18/10/2014
2014034413;5;2;3;2;1;700;11/12/2014
2014034414;1;2;1;1;1;700;04/01/2014
2014034415;1;2;3;1;3;700;06/01/2014
2014034416;1;2;1;1;7;700;15/01/2014
2014034417;5;2;1;2;6;700;17/01/2014
2014034418;5;2;6;1;3;700;17/01/2014
2014034419;5;1;6;2;3;700;27/01/2014
2014034420;1;2;3;1;6;700;11/02/2014
2014034421;1;1;1;1;4;700;18/02/2014
2014034422;2;2;1;1;2;700;28/02/2014
2014034423;1;2;1;1;7;700;24/02/2014
2014034424;1;2;6;1;3;700;10/03/2014
2014034425;5;2;1;1;3;700;05/04/2014
2014034426;1;2;1;1;3;700;11/04/2014
2014034427;1;1;1;1;3;700;19/05/2014
2014034428;2;2;1;1;6;700;25/05/2014
2014034429;1;2;3;1;3;700;27/05/2014
2014034430;1;2;1;1;2;700;23/06/2014
2014034431;1;2;1;1;3;700;17/07/2014
2014034432;1;2;1;1;7;700;20/07/2014
2014034433;1;2;1;3;3;700;14/08/2014
2014034434;5;2;1;2;1;700;21/09/2014
2014034435;5;1;1;3;1;700;20/10/2014
2014034436;1;2;1;1;1;700;22/10/2014
2014034437;5;2;1;1;6;700;07/11/2014
2014034438;2;2;1;1;7;700;03/12/2014
2014034439;2;2;1;2;6;700;18/12/2014
2014034440;1;2;1;1;6;710;03/01/2014
2014034441;5;2;1;1;6;710;08/01/2014
2014034442;5;2;1;1;6;710;14/01/2014
2014034443;1;2;9;1;3;710;11/01/2014
2014034444;1;2;1;1;6;710;03/02/2014
2014034445;3;1;1;1;1;710;09/02/2014
2014034446;2;2;1;6;3;710;09/02/2014
2014034447;1;2;1;1;6;710;04/03/2014
2014034448;1;2;9;1;3;710;16/03/2014
2014034449;2;2;1;1;2;710;17/03/2014
2014034450;1;2;1;1;6;710;01/04/2014
2014034451;1;2;1;1;6;710;02/04/2014
2014034452;1;1;9;1;3;710;08/04/2014
2014034453;1;2;9;1;6;710;15/04/2014
2014034454;1;2;4;1;3;710;16/04/2014
2014034455;1;2;1;8;1;710;14/05/2014
2014034456;1;2;9;1;6;710;15/05/2014
2014034457;1;1;1;2;6;710;04/06/2014
2014034458;1;2;1;1;4;710;25/06/2014
2014034459;1;2;3;1;3;710;26/06/2014
2014034460;1;2;1;2;6;710;04/06/2014
2014034461;1;2;3;1;4;710;17/07/2014
2014034462;1;2;1;1;6;710;18/07/2014
2014034463;1;2;6;1;3;710;25/07/2014
2014034464;1;2;1;1;6;710;23/07/2014
2014034465;1;2;1;1;6;710;22/08/2014
2014034466;1;2;1;1;6;710;01/09/2014
2014034467;1;2;1;1;1;710;06/09/2014
2014034468;1;2;9;1;3;710;11/09/2014
2014034469;1;2;1;1;3;710;23/09/2014
2014034470;1;2;1;1;2;710;08/10/2014
2014034471;5;2;2;2;6;710;11/10/2014
2014034472;1;2;1;1;6;710;11/10/2014
2014034473;3;1;1;2;6;710;23/10/2014
2014034474;1;2;1;1;2;710;24/10/2014
2014034475;5;2;1;1;5;710;24/10/2014
2014034476;1;2;1;1;6;710;15/10/2014
2014034477;1;2;3;1;6;710;21/11/2014
2014034478;1;2;1;2;6;710;27/11/2014
2014034479;5;2;1;1;1;710;05/12/2014
2014034480;1;2;1;1;6;710;27/12/2014
2014034481;1;2;1;2;6;710;03/01/2014
2014034482;1;2;2;1;6;710;04/02/2014
2014034483;1;2;9;1;6;710;04/02/2014
2014034484;1;2;9;1;1;710;12/03/2014
2014034485;1;2;1;1;6;710;01/04/2014
2014034486;1;2;9;1;6;710;30/04/2014
2014034487;1;2;1;1;6;710;24/08/2014
2014034488;3;2;1;1;6;710;07/09/2014
2014034489;1;2;9;1;6;710;12/09/2014
2014034490;1;1;9;2;6;710;17/11/2014
2014034491;5;2;1;1;2;710;09/12/2014
2014034492;2;2;1;1;3;710;06/01/2014
2014034493;5;2;2;1;5;710;08/02/2014
2014034494;1;2;2;1;3;710;15/02/2014
2014034495;1;2;2;1;3;710;23/02/2014
2014034496;5;2;1;1;6;710;28/03/2014
2014034497;1;1;1;1;3;710;31/03/2014
2014034498;1;2;1;1;6;710;15/04/2014
2014034499;5;2;1;2;6;710;01/05/2014
2014034500;1;2;1;1;6;710;05/05/2014
2014034501;2;2;6;2;6;710;20/07/2014
2014034502;5;1;6;1;1;710;04/08/2014
2014034503;1;2;1;1;3;710;14/08/2014
2014034504;1;2;6;1;3;710;08/09/2014
2014034505;3;2;1;1;6;710;20/09/2014
2014034506;5;2;1;1;6;710;12/10/2014
2014034507;5;2;1;1;6;710;25/10/2014
2014034508;1;2;1;1;6;710;24/10/2014
2014034509;5;2;1;8;3;710;29/11/2014
2014034510;3;1;1;1;3;710;06/12/2014
2014034511;1;1;1;1;5;710;07/03/2014
2014034512;1;2;1;1;3;710;15/03/2014
2014034513;1;2;1;1;3;710;07/06/2014
2014034514;1;2;5;1;1;710;17/06/2014
2014034515;1;2;1;1;6;710;26/06/2014
2014034516;1;1;1;1;1;710;29/06/2014
2014034517;1;2;1;1;7;710;02/07/2014
2014034518;1;2;1;1;6;710;23/09/2014
2014034519;2;1;1;1;1;710;09/10/2014
2014034520;5;2;1;1;7;710;02/11/2014
2014034521;1;2;1;7;6;710;01/11/2014
2014034522;4;2;1;1;7;710;08/11/2014
2014034523;1;2;1;1;6;710;07/11/2014
2014034524;5;2;2;1;3;720;16/01/2014
2014034525;5;2;1;2;7;720;28/01/2014
2014034526;1;1;1;1;1;720;04/02/2014
2014034527;5;2;1;1;2;720;02/03/2014
2014034528;1;2;1;1;6;720;20/03/2014
2014034529;1;2;1;1;3;720;29/03/2014
2014034530;5;2;1;1;6;720;04/04/2014
2014034531;1;2;2;1;3;720;05/05/2014
2014034532;1;2;1;1;2;720;31/05/2014
2014034533;2;2;1;2;3;720;22/05/2014
2014034534;1;2;6;1;3;720;14/06/2014
2014034535;1;2;1;1;6;720;12/06/2014
2014034536;1;2;1;7;2;720;16/06/2014
2014034537;1;2;1;1;6;720;27/06/2014
2014034538;5;2;2;1;3;720;13/09/2014
2014034539;1;2;1;1;5;720;25/09/2014
2014034540;5;2;1;2;6;720;12/10/2014
2014034541;1;2;2;1;3;720;18/10/2014
2014034542;5;2;1;1;6;720;15/11/2014
2014034543;1;2;2;1;3;730;08/03/2014
2014034544;1;2;6;1;6;730;04/03/2014
2014034545;1;2;3;1;3;730;08/04/2014
2014034546;1;2;1;1;6;730;20/03/2014
2014034547;1;2;1;1;6;730;30/04/2014
2014034548;1;2;9;2;7;730;04/07/2014
2014034549;1;2;1;1;7;730;19/07/2014
2014034550;5;2;1;1;3;730;25/11/2014
2014034551;5;2;1;3;6;730;18/11/2014
2014034552;1;2;3;1;3;730;27/03/2014
2014034553;1;2;2;1;1;730;15/04/2014
2014034554;1;1;1;1;2;730;23/10/2014
2014034555;5;2;9;1;5;730;05/12/2014
2014034556;5;2;2;1;3;730;09/01/2014
2014034557;1;2;1;1;6;730;18/01/2014
2014034558;5;2;1;1;2;730;14/02/2014
2014034559;1;2;6;1;6;730;25/03/2014
2014034560;1;2;1;1;3;730;07/04/2014
2014034561;1;1;1;8;1;730;13/05/2014
2014034562;1;2;1;1;6;730;25/05/2014
2014034563;1;2;4;1;3;730;11/06/2014
2014034564;1;2;3;1;6;730;30/06/2014
2014034565;1;2;2;1;3;730;21/06/2014
2014034566;1;2;1;1;6;730;15/07/2014
2014034567;1;2;3;1;1;730;19/07/2014
2014034568;1;2;1;1;3;730;18/07/2014
2014034569;1;2;1;3;1;730;29/07/2014
2014034570;5;2;6;1;1;730;01/11/2014
2014034571;1;2;1;1;1;730;03/11/2014
2014034572;5;2;6;1;6;730;21/11/2014
2014034573;2;1;1;1;4;730;13/12/2014
2014034574;1;2;1;1;3;740;08/01/2014
2014034575;1;2;1;1;6;740;17/01/2014
2014034576;1;2;1;2;6;740;23/01/2014
2014034577;5;2;6;1;2;740;24/01/2014
2014034578;2;1;6;1;6;740;02/02/2014
2014034579;5;2;3;3;6;740;07/02/2014
2014034580;5;2;2;1;2;740;12/02/2014
2014034581;5;2;6;3;6;740;13/02/2014
2014034582;5;2;1;2;6;740;27/02/2014
2014034583;1;2;6;1;6;740;28/02/2014
2014034584;1;2;1;1;6;740;08/03/2014
2014034585;1;2;1;1;6;740;08/03/2014
2014034586;1;2;6;1;6;740;11/03/2014
2014034587;1;2;1;1;6;740;31/03/2014
2014034588;1;2;6;1;3;740;09/04/2014
2014034589;1;1;1;1;2;740;07/04/2014
2014034590;1;2;6;1;3;740;15/04/2014
2014034591;1;2;6;1;1;740;17/04/2014
2014034592;1;2;4;2;6;740;24/04/2014
2014034593;1;2;1;1;6;740;24/04/2014
2014034594;1;2;6;1;6;740;03/05/2014
2014034595;1;2;1;2;3;740;06/05/2014
2014034596;1;2;1;1;6;740;19/05/2014
2014034597;2;2;6;1;6;740;26/05/2014
2014034598;1;2;1;1;6;740;29/05/2014
2014034599;1;2;6;1;6;740;30/05/2014
2014034600;1;2;1;1;6;740;11/06/2014
2014034601;1;2;3;1;6;740;11/06/2014
2014034602;1;2;1;1;6;740;18/06/2014
2014034603;1;2;1;1;6;740;22/06/2014
2014034604;1;1;1;1;1;740;23/06/2014
2014034605;2;2;1;1;3;740;30/06/2014
2014034606;1;2;1;1;3;740;17/07/2014
2014034607;1;2;1;1;6;740;25/07/2014
2014034608;1;2;2;2;6;740;29/07/2014
2014034609;1;2;1;1;1;740;31/07/2014
2014034610;5;2;1;3;6;740;03/08/2014
2014034611;1;2;9;1;6;740;08/08/2014
2014034612;1;2;1;1;6;740;20/08/2014
2014034613;1;1;1;1;5;740;09/09/2014
2014034614;1;1;6;2;7;740;10/10/2014
2014034615;2;2;1;2;6;740;10/10/2014
2014034616;1;2;3;2;3;740;11/10/2014
2014034617;1;2;3;1;6;740;14/10/2014
2014034618;5;2;3;1;3;740;28/10/2014
2014034619;5;2;1;1;7;740;08/11/2014
2014034620;5;2;1;1;6;740;18/11/2014
2014034621;5;2;3;1;3;740;21/11/2014
2014034622;3;2;1;2;6;740;11/12/2014
2014034623;1;2;1;1;6;740;19/12/2014
2014034624;5;2;3;4;6;740;29/12/2014
2014034625;5;2;1;3;6;740;17/01/2014
2014034626;1;2;2;1;6;740;11/02/2014
2014034627;1;2;1;1;3;740;15/03/2014
2014034628;1;2;1;1;7;740;15/03/2014
2014034629;3;2;1;1;6;740;11/04/2014
2014034630;1;2;3;1;6;740;14/04/2014
2014034631;1;2;1;1;3;740;16/04/2014
2014034632;1;2;1;1;6;740;16/04/2014
2014034633;1;2;1;1;6;740;24/04/2014
2014034634;1;2;1;1;6;740;18/05/2014
2014034635;1;2;3;1;3;740;18/06/2014
2014034636;5;1;1;3;3;740;07/07/2014
2014034637;1;2;1;1;6;740;01/08/2014
2014034638;5;2;1;2;6;740;01/09/2014
2014034639;1;2;3;1;6;740;29/08/2014
2014034640;1;2;1;1;3;740;03/09/2014
2014034641;1;2;1;1;6;740;16/09/2014
2014034642;1;2;1;1;3;740;17/09/2014
2014034643;1;2;6;1;3;740;11/09/2014
2014034644;1;2;3;1;6;740;25/09/2014
2014034645;1;2;1;1;5;740;01/09/2014
2014034646;1;2;3;7;6;740;23/09/2014
2014034647;3;2;1;1;7;740;19/10/2014
2014034648;1;2;1;1;3;740;26/10/2014
2014034649;5;2;3;1;3;740;27/11/2014
2014034650;2;2;2;1;3;740;26/11/2014
2014034651;1;2;3;9;3;740;09/12/2014
2014034652;1;2;3;7;6;740;07/01/2014
2014034653;1;2;3;1;3;740;07/01/2014
2014034654;5;2;1;1;6;740;31/01/2014
2014034655;5;2;1;1;6;740;19/02/2014
2014034656;5;2;1;1;3;740;09/03/2014
2014034657;5;2;1;1;6;740;17/03/2014
2014034658;1;2;1;1;6;740;28/03/2014
2014034659;1;2;1;1;6;740;17/04/2014
2014034660;1;2;1;2;3;740;28/04/2014
2014034661;1;2;1;6;6;740;11/05/2014
2014034662;1;2;2;8;6;740;14/05/2014
2014034663;1;2;1;1;5;740;18/05/2014
2014034664;1;2;1;1;3;740;19/05/2014
2014034665;5;2;2;3;3;740;22/05/2014
2014034666;1;2;6;1;3;740;26/05/2014
2014034667;1;2;1;1;3;740;21/05/2014
2014034668;1;2;1;1;1;740;18/05/2014
2014034669;1;2;1;1;1;740;01/06/2014
2014034670;1;2;1;1;6;740;28/05/2014
2014034671;1;2;1;1;6;740;10/06/2014
2014034672;1;1;2;7;3;740;30/06/2014
2014034673;1;2;1;1;3;740;29/06/2014
2014034674;1;1;1;3;2;740;04/07/2014
2014034675;1;2;3;1;6;740;11/07/2014
2014034676;1;2;1;1;2;740;17/07/2014
2014034677;2;1;1;1;7;740;23/07/2014
2014034678;1;2;1;2;6;740;04/07/2014
2014034679;1;1;1;1;6;740;10/09/2014
2014034680;5;2;1;2;3;740;15/10/2014
2014034681;1;2;1;1;3;740;17/10/2014
2014034682;5;2;2;1;3;740;30/10/2014
2014034683;5;2;1;1;1;740;01/11/2014
2014034684;5;2;1;1;7;740;16/12/2014
2014034685;1;2;3;7;3;740;23/12/2014
2014034686;5;2;1;3;6;760;07/02/2014
2014034687;1;2;3;1;3;760;04/03/2014
2014034688;1;1;3;1;3;760;05/06/2014
2014034689;1;1;1;1;7;760;13/09/2014
2014034690;1;2;1;1;6;760;19/10/2014
2014034691;5;2;1;1;6;760;04/01/2014
2014034692;1;1;3;1;2;760;10/01/2014
2014034693;1;1;1;7;2;760;14/01/2014
2014034694;1;2;6;1;3;760;18/01/2014
2014034695;1;1;2;1;3;760;21/01/2014
2014034696;1;2;2;1;6;760;03/02/2014
2014034697;5;2;3;1;6;760;07/02/2014
2014034698;1;2;2;1;6;760;12/02/2014
2014034699;1;2;2;1;3;760;19/02/2014
2014034700;3;1;1;1;6;760;21/02/2014
2014034701;5;2;1;1;6;760;06/03/2014
2014034702;3;1;1;1;6;760;08/03/2014
2014034703;1;1;2;1;3;760;09/03/2014
2014034704;1;1;1;1;5;760;17/03/2014
2014034705;5;1;1;1;6;760;27/03/2014
2014034706;1;2;1;1;6;760;28/03/2014
2014034707;5;2;1;1;6;760;05/04/2014
2014034708;1;2;2;1;3;760;09/04/2014
2014034709;1;2;1;1;6;760;10/04/2014
2014034710;1;1;1;8;4;760;25/04/2014
2014034711;1;2;1;1;7;760;07/06/2014
2014034712;1;2;3;1;3;760;14/06/2014
2014034713;1;1;1;1;4;760;15/06/2014
2014034714;2;2;3;1;3;760;19/06/2014
2014034715;1;2;3;1;3;760;20/06/2014
2014034716;1;1;1;1;2;760;26/06/2014
2014034717;1;2;1;1;1;760;29/06/2014
2014034718;1;2;1;1;7;760;04/07/2014
2014034719;3;1;1;1;6;760;16/07/2014
2014034720;1;2;1;1;6;760;22/07/2014
2014034721;1;1;1;1;7;760;24/07/2014
2014034722;1;2;1;1;3;760;02/08/2014
2014034723;5;2;6;5;3;760;03/08/2014
2014034724;1;2;5;1;3;760;03/08/2014
2014034725;1;1;1;1;3;760;07/08/2014
2014034726;1;2;1;1;6;760;08/08/2014
2014034727;1;2;1;1;3;760;10/08/2014
2014034728;1;2;1;1;2;760;10/08/2014
2014034729;1;2;1;2;3;760;30/08/2014
2014034730;1;1;2;1;3;760;07/09/2014
2014034731;1;1;2;1;3;760;04/10/2014
2014034732;1;2;1;1;6;760;07/10/2014
2014034733;1;2;1;1;6;760;18/10/2014
2014034734;5;2;1;1;6;760;01/11/2014
2014034735;1;1;3;1;6;760;02/11/2014
2014034736;5;2;3;1;2;760;14/11/2014
2014034737;5;2;1;8;6;760;15/11/2014
2014034738;1;1;2;1;3;760;24/11/2014
2014034739;4;2;1;1;2;760;25/11/2014
2014034740;1;2;3;8;6;760;26/11/2014
2014034741;1;1;3;1;1;760;09/12/2014
2014034742;3;2;1;1;6;760;09/12/2014
2014034743;5;2;1;2;3;760;15/12/2014
2014034744;2;2;3;2;3;760;19/12/2014
2014034745;2;1;1;1;6;760;21/12/2014
2014034746;5;2;2;1;3;760;13/02/2014
2014034747;1;1;1;1;1;760;04/04/2014
2014034748;1;1;4;9;3;760;05/04/2014
2014034749;1;2;2;1;3;760;09/04/2014
2014034750;1;1;1;1;6;760;12/08/2014
2014034751;5;2;1;1;3;760;10/11/2014
2014034752;1;2;3;1;6;760;12/11/2014
2014034753;5;2;1;1;1;760;14/11/2014
2014034754;2;1;1;1;5;760;01/11/2014
2014034755;1;2;3;1;6;760;16/11/2014
2014034756;1;1;1;8;3;760;26/11/2014
2014034757;3;2;1;2;1;760;09/12/2014
2014034758;2;2;3;2;6;760;18/12/2014
2014034759;5;2;3;1;6;760;07/01/2014
2014034760;1;2;4;3;6;760;12/02/2014
2014034761;1;2;2;1;3;760;08/06/2014
2014034762;1;2;2;1;3;760;14/07/2014
2014034763;1;2;1;1;3;760;16/08/2014
2014034764;5;2;4;1;2;760;31/08/2014
2014034765;5;2;2;1;6;760;28/09/2014
2014034766;1;1;1;2;1;760;13/10/2014
2014034767;1;2;1;8;6;760;05/11/2014
2014034768;1;2;4;1;6;760;15/11/2014
2014034769;5;2;1;1;6;760;01/01/2014
2014034770;5;2;3;1;3;760;01/01/2014
2014034771;1;2;3;1;6;760;03/01/2014
2014034772;1;2;1;1;6;760;05/01/2014
2014034773;5;2;3;2;7;760;07/01/2014
2014034774;5;2;3;2;6;760;08/01/2014
2014034775;1;2;1;1;6;760;09/01/2014
2014034776;5;2;3;1;6;760;09/01/2014
2014034777;5;2;6;2;6;760;10/01/2014
2014034778;1;2;1;1;2;760;10/01/2014
2014034779;5;2;2;2;7;760;11/01/2014
2014034780;1;2;2;1;6;760;11/01/2014
2014034781;2;2;1;1;6;760;11/01/2014
2014034782;1;2;2;1;6;760;14/01/2014
2014034783;3;1;1;2;6;760;15/01/2014
2014034784;1;2;3;1;3;760;15/01/2014
2014034785;1;2;2;1;6;760;16/01/2014
2014034786;1;2;1;1;6;760;17/01/2014
2014034787;1;2;3;1;7;760;17/01/2014
2014034788;5;2;2;1;6;760;17/01/2014
2014034789;5;2;2;1;3;760;20/01/2014
2014034790;5;2;3;1;7;760;26/01/2014
2014034791;1;2;1;2;6;760;29/01/2014
2014034792;1;1;1;1;6;760;29/01/2014
2014034793;5;2;1;1;5;760;29/01/2014
2014034794;1;2;3;1;3;760;30/01/2014
2014034795;1;2;1;1;6;760;04/02/2014
2014034796;5;2;2;1;6;760;06/02/2014
2014034797;1;2;2;1;3;760;07/02/2014
2014034798;3;1;1;1;6;760;07/02/2014
2014034799;1;2;3;1;6;760;11/02/2014
2014034800;5;1;1;2;6;760;12/02/2014
2014034801;1;2;5;1;7;760;16/02/2014
2014034802;5;2;2;1;6;760;18/02/2014
2014034803;5;2;1;1;6;760;18/02/2014
2014034804;1;2;1;1;6;760;19/02/2014
2014034805;2;2;3;1;3;760;20/02/2014
2014034806;5;2;2;1;3;760;21/02/2014
2014034807;5;2;2;1;3;760;21/02/2014
2014034808;2;2;3;3;3;760;25/02/2014
2014034809;3;1;1;1;2;760;27/02/2014
2014034810;1;2;3;1;3;760;28/02/2014
2014034811;1;2;2;2;3;760;28/02/2014
2014034812;1;2;1;1;1;760;01/03/2014
2014034813;1;2;6;1;2;760;02/03/2014
2014034814;1;1;1;1;3;760;02/03/2014
2014034815;1;2;3;1;3;760;05/03/2014
2014034816;1;2;3;1;3;760;07/03/2014
2014034817;1;2;2;1;6;760;07/03/2014
2014034818;1;1;1;1;3;760;08/03/2014
2014034819;1;2;3;1;6;760;09/03/2014
2014034820;1;2;3;1;3;760;10/03/2014
2014034821;1;1;1;1;3;760;10/03/2014
2014034822;1;2;2;1;7;760;12/03/2014
2014034823;1;2;2;1;3;760;13/03/2014
2014034824;5;2;3;1;6;760;15/03/2014
2014034825;1;1;1;1;7;760;16/03/2014
2014034826;5;2;3;1;6;760;18/03/2014
2014034827;1;2;3;1;6;760;18/03/2014
2014034828;5;2;3;1;3;760;19/03/2014
2014034829;1;1;1;1;2;760;20/03/2014
2014034830;1;2;1;1;6;760;20/03/2014
2014034831;1;2;3;1;3;760;21/03/2014
2014034832;3;1;1;1;6;760;24/03/2014
2014034833;1;1;6;2;3;760;25/03/2014
2014034834;5;2;2;2;3;760;25/03/2014
2014034835;1;2;1;2;6;760;26/03/2014
2014034836;5;2;2;1;3;760;26/03/2014
2014034837;1;2;3;2;3;760;31/03/2014
2014034838;1;2;2;1;6;760;31/03/2014
2014034839;2;2;3;1;6;760;31/03/2014
2014034840;1;2;2;1;6;760;01/04/2014
2014034841;1;2;2;1;7;760;04/04/2014
2014034842;5;2;1;1;6;760;05/04/2014
2014034843;5;2;2;2;5;760;07/04/2014
2014034844;1;1;2;1;7;760;08/04/2014
2014034845;5;2;2;1;6;760;09/04/2014
2014034846;1;2;3;1;3;760;10/04/2014
2014034847;1;2;3;1;7;760;12/04/2014
2014034848;2;2;1;1;2;760;13/04/2014
2014034849;1;2;3;1;3;760;14/04/2014
2014034850;1;2;3;1;5;760;14/04/2014
2014034851;1;2;1;1;6;760;16/04/2014
2014034852;1;2;1;2;1;760;17/04/2014
2014034853;1;2;2;1;5;760;18/04/2014
2014034854;1;2;3;2;7;760;23/04/2014
2014034855;5;2;1;1;7;760;24/04/2014
2014034856;1;2;1;1;6;760;25/04/2014
2014034857;5;2;1;1;4;760;26/04/2014
2014034858;1;2;1;2;7;760;27/04/2014
2014034859;1;2;1;2;6;760;27/04/2014
2014034860;1;2;6;1;4;760;03/05/2014
2014034861;1;2;3;1;6;760;03/05/2014
2014034862;1;2;1;1;6;760;07/05/2014
2014034863;5;2;1;1;7;760;07/05/2014
2014034864;1;2;1;2;7;760;08/05/2014
2014034865;1;2;2;1;3;760;09/05/2014
2014034866;1;1;4;1;6;760;10/05/2014
2014034867;1;2;1;1;3;760;11/05/2014
2014034868;1;2;4;1;6;760;12/05/2014
2014034869;1;2;1;2;3;760;13/05/2014
2014034870;1;1;3;1;3;760;15/05/2014
2014034871;1;2;2;1;2;760;15/05/2014
2014034872;1;2;5;1;3;760;17/05/2014
2014034873;1;2;1;1;6;760;19/05/2014
2014034874;1;2;1;1;6;760;20/05/2014
2014034875;1;2;1;1;6;760;25/05/2014
2014034876;1;2;2;1;6;760;26/05/2014
2014034877;1;2;2;1;6;760;26/05/2014
2014034878;1;2;1;1;7;760;27/05/2014
2014034879;1;2;1;1;6;760;30/05/2014
2014034880;1;2;3;1;2;760;31/05/2014
2014034881;5;2;1;1;7;760;01/06/2014
2014034882;5;1;1;1;7;760;04/06/2014
2014034883;1;2;1;1;6;760;06/06/2014
2014034884;5;2;2;1;3;760;08/06/2014
2014034885;1;2;1;1;7;760;08/06/2014
2014034886;1;2;1;1;6;760;10/06/2014
2014034887;1;2;1;1;6;760;11/06/2014
2014034888;1;2;1;1;5;760;11/06/2014
2014034889;1;2;1;1;2;760;14/06/2014
2014034890;1;2;2;1;3;760;17/06/2014
2014034891;1;2;1;1;7;760;18/06/2014
2014034892;1;2;3;1;3;760;19/06/2014
2014034893;1;2;1;1;6;760;24/06/2014
2014034894;1;2;9;1;6;760;24/06/2014
2014034895;5;2;2;1;3;760;24/06/2014
2014034896;5;1;1;1;7;760;26/06/2014
2014034897;1;2;3;8;7;760;26/06/2014
2014034898;1;2;1;1;3;760;28/06/2014
2014034899;1;2;4;1;7;760;28/06/2014
2014034900;1;2;3;3;3;760;29/06/2014
2014034901;1;1;4;1;6;760;30/06/2014
2014034902;1;2;1;1;7;760;01/07/2014
2014034903;5;2;2;1;6;760;02/07/2014