num_acc;lum;agg;inter;atm;col;dep;date
2014036064;3;2;1;2;2;780;22/12/2014
2014036065;1;2;1;1;3;780;11/03/2014
2014036066;1;2;3;8;2;780;17/03/2014
2014036067;1;2;1;3;7;780;17/12/2014
2014036068;1;2;1;2;6;780;14/02/2014
2014036069;1;2;1;1;3;780;19/03/2014
2014036070;1;2;4;1;3;780;01/04/2014
2014036071;1;1;1;1;2;780;09/04/2014
2014036072;1;2;1;1;7;780;10/12/2014
2014036073;1;2;1;1;6;780;13/06/2014
2014036074;1;2;1;1;3;780;05/07/2014
2014036075;1;2;4;8;6;780;25/08/2014
2014036076;5;2;2;1;6;780;09/12/2014
2014036077;1;2;1;1;6;780;29/08/2014
2014036078;1;2;1;1;6;780;04/09/2014
2014036079;1;2;2;1;3;780;09/09/2014
2014036080;1;2;1;1;6;780;13/09/2014
2014036081;3;2;1;8;7;780;22/09/2014
2014036082;1;1;1;1;3;780;24/10/2014
2014036083;4;1;1;2;4;780;13/12/2014
2014036084;2;2;2;1;3;780;19/12/2014
2014036085;1;2;1;1;3;780;14/10/2014
2014036086;5;2;5;2;3;780;05/01/2014
2014036087;1;2;1;2;6;780;06/01/2014
2014036088;1;2;1;1;2;780;30/12/2014
2014036089;3;2;2;1;3;780;19/06/2014
2014036090;1;2;9;1;6;780;30/09/2014
2014036091;1;2;1;1;6;780;09/08/2014
2014036092;2;2;1;1;3;780;08/09/2014
2014036093;1;2;1;1;6;780;09/09/2014
2014036094;1;2;2;1;6;780;19/01/2014
2014036095;1;2;3;2;6;780;15/01/2014
2014036096;5;2;3;1;6;780;11/01/2014
2014036097;2;2;1;1;3;780;09/01/2014
2014036098;1;2;1;1;6;780;24/01/2014
2014036099;5;2;2;2;7;780;29/01/2014
2014036100;5;2;1;2;3;780;29/01/2014
2014036101;1;2;3;2;5;780;06/02/2014
2014036102;1;2;1;1;6;780;07/02/2014
2014036103;1;2;1;1;6;780;21/02/2014
2014036104;1;2;2;1;3;780;31/10/2014
2014036105;1;2;2;1;2;780;14/10/2014
2014036106;1;2;3;1;2;780;06/03/2014
2014036107;1;2;1;1;5;780;11/03/2014
2014036108;1;2;1;1;3;780;10/03/2014
2014036109;5;2;3;1;3;780;23/10/2014
2014036110;1;1;1;1;6;780;13/03/2014
2014036111;1;2;3;1;3;780;16/03/2014
2014036112;1;2;1;1;2;780;16/03/2014
2014036113;1;2;2;1;6;780;21/03/2014
2014036114;1;2;2;1;6;780;14/10/2014
2014036115;1;2;2;1;2;780;09/04/2014
2014036116;2;2;2;1;6;780;24/04/2014
2014036117;4;2;1;1;5;780;03/11/2014
2014036118;1;2;1;1;7;780;21/11/2014
2014036119;5;2;3;1;3;780;12/05/2014
2014036120;5;2;2;1;3;780;04/12/2014
2014036121;2;2;1;2;6;780;19/12/2014
2014036122;5;2;6;1;6;780;22/06/2014
2014036123;1;2;1;1;6;780;01/08/2014
2014036124;1;2;1;1;3;780;23/09/2014
2014036125;1;2;1;9;3;780;19/06/2014
2014036126;1;2;1;1;3;780;24/05/2014
2014036127;2;2;1;1;3;780;06/10/2014
2014036128;1;2;1;1;6;780;11/10/2014
2014036129;1;2;1;1;6;780;16/10/2014
2014036130;1;2;1;1;1;780;04/11/2014
2014036131;1;2;2;1;6;780;08/11/2014
2014036132;1;2;1;1;2;780;17/11/2014
2014036133;1;2;1;1;6;780;15/07/2014
2014036134;5;2;1;1;6;780;27/11/2014
2014036135;1;2;1;1;6;780;28/11/2014
2014036136;1;2;3;1;3;780;08/12/2014
2014036137;5;1;3;2;3;780;27/12/2014
2014036138;2;2;3;1;7;780;07/07/2014
2014036139;1;2;3;1;6;780;23/01/2014
2014036140;1;2;1;1;6;780;06/01/2014
2014036141;1;2;2;1;6;780;19/03/2014
2014036142;1;1;2;1;3;780;05/05/2014
2014036143;1;2;1;1;6;780;04/06/2014
2014036144;1;2;9;9;3;780;11/08/2014
2014036145;1;2;3;1;6;780;12/09/2014
2014036146;1;2;1;1;2;780;13/09/2014
2014036147;5;2;3;1;3;780;05/11/2014
2014036148;1;2;1;1;6;790;01/01/2014
2014036149;3;2;1;1;3;790;23/01/2014
2014036150;1;2;2;8;3;790;27/01/2014
2014036151;1;2;2;1;6;790;02/02/2014
2014036152;1;2;2;1;3;790;17/02/2014
2014036153;5;2;2;1;6;790;19/02/2014
2014036154;3;2;1;1;7;790;26/02/2014
2014036155;1;2;1;1;1;790;13/03/2014
2014036156;3;2;1;1;6;790;28/03/2014
2014036157;1;2;2;1;3;790;02/05/2014
2014036158;1;2;4;8;1;790;07/02/2014
2014036159;5;2;1;1;6;790;05/06/2014
2014036160;1;2;1;1;6;790;09/07/2014
2014036161;1;2;4;1;3;790;20/08/2014
2014036162;1;1;4;1;3;790;06/09/2014
2014036163;1;2;1;1;3;790;22/09/2014
2014036164;1;2;1;1;2;790;23/09/2014
2014036165;1;2;1;1;3;790;09/03/2014
2014036166;5;2;2;1;3;790;03/10/2014
2014036167;1;2;2;1;3;790;08/11/2014
2014036168;2;2;1;1;1;790;10/11/2014
2014036169;1;2;1;1;6;790;19/03/2014
2014036170;1;2;2;1;3;790;29/10/2014
2014036171;5;2;1;1;3;790;17/11/2014
2014036172;5;2;2;1;3;790;09/04/2014
2014036173;1;2;1;1;7;790;24/04/2014
2014036174;1;2;1;1;6;790;02/05/2014
2014036175;1;2;9;1;3;790;13/05/2014
2014036176;1;2;3;1;3;790;14/05/2014
2014036177;1;2;6;8;1;790;23/05/2014
2014036178;1;2;1;1;6;790;20/06/2014
2014036179;1;2;1;1;3;790;10/09/2014
2014036180;1;2;1;1;3;790;27/09/2014
2014036181;1;2;9;1;1;790;09/10/2014
2014036182;4;2;1;1;7;790;18/10/2014
2014036183;5;2;4;1;3;790;06/11/2014
2014036184;1;2;3;1;3;790;06/11/2014
2014036185;1;2;6;1;7;790;06/11/2014
2014036186;5;2;2;2;3;790;11/11/2014
2014036187;1;2;1;2;7;790;12/11/2014
2014036188;5;2;1;2;6;790;24/11/2014
2014036189;3;2;1;5;3;790;26/11/2014
2014036190;1;2;1;1;6;790;27/11/2014
2014036191;1;2;1;1;7;790;11/12/2014
2014036192;2;2;1;2;7;790;15/12/2014
2014036193;5;2;2;8;3;790;14/01/2014
2014036194;5;2;1;2;7;790;15/01/2014
2014036195;1;2;9;2;2;790;16/01/2014
2014036196;1;2;1;2;2;790;14/02/2014
2014036197;1;2;1;1;6;790;13/03/2014
2014036198;2;2;1;5;1;790;17/03/2014
2014036199;1;2;1;2;6;790;21/03/2014
2014036200;1;2;2;3;3;790;21/03/2014
2014036201;3;1;3;;7;790;09/03/2014
2014036202;1;2;2;1;6;790;28/03/2014
2014036203;1;1;2;8;3;790;04/04/2014
2014036204;1;2;6;1;2;790;10/04/2014
2014036205;1;2;2;1;3;790;11/04/2014
2014036206;1;2;2;1;3;790;18/04/2014
2014036207;1;2;1;8;3;790;23/04/2014
2014036208;1;2;1;1;3;790;14/05/2014
2014036209;5;2;3;1;3;790;16/05/2014
2014036210;2;2;1;1;6;790;31/05/2014
2014036211;5;2;1;1;7;790;31/05/2014
2014036212;3;1;3;1;3;790;25/06/2014
2014036213;1;2;2;1;3;790;26/06/2014
2014036214;1;1;3;8;3;790;30/06/2014
2014036215;1;2;1;1;3;790;07/07/2014
2014036216;1;2;1;1;3;790;07/08/2014
2014036217;1;2;2;1;3;790;27/08/2014
2014036218;1;2;8;1;7;790;11/09/2014
2014036219;1;2;2;1;3;790;12/09/2014
2014036220;1;2;1;1;2;790;02/10/2014
2014036221;1;2;1;2;7;790;06/10/2014
2014036222;1;2;1;1;7;790;30/10/2014
2014036223;1;2;2;1;3;790;07/11/2014
2014036224;3;2;2;1;3;790;18/11/2014
2014036225;1;2;2;1;1;790;09/12/2014
2014036226;5;2;1;1;6;790;10/12/2014
2014036227;5;2;1;2;6;790;16/12/2014
2014036228;1;2;1;2;4;790;17/12/2014
2014036229;5;2;1;2;6;800;06/01/2014
2014036230;1;2;1;1;6;800;15/05/2014
2014036231;1;2;1;1;1;800;19/05/2014
2014036232;1;1;1;1;7;800;10/06/2014
2014036233;1;2;1;1;6;800;13/06/2014
2014036234;1;2;1;1;6;800;10/06/2014
2014036235;1;2;1;1;6;800;14/08/2014
2014036236;5;2;6;1;6;800;14/09/2014
2014036237;1;2;1;1;2;800;16/10/2014
2014036238;1;2;1;1;3;800;27/10/2014
2014036239;5;2;1;8;6;800;06/11/2014
2014036240;5;2;6;2;3;800;09/11/2014
2014036241;1;2;1;2;1;800;20/12/2014
2014036242;1;2;6;8;6;800;21/12/2014
2014036243;1;2;1;7;2;800;04/01/2014
2014036244;2;2;2;2;2;800;03/01/2014
2014036245;1;2;1;1;2;800;04/01/2014
2014036246;1;2;1;1;2;800;07/01/2014
2014036247;1;2;6;1;3;800;07/01/2014
2014036248;1;2;1;1;3;800;08/01/2014
2014036249;5;2;2;1;1;800;08/01/2014
2014036250;3;1;6;1;4;800;08/01/2014
2014036251;1;2;3;1;3;800;12/01/2014
2014036252;5;2;2;1;3;800;11/01/2014
2014036253;5;2;1;1;4;800;14/01/2014
2014036254;1;2;1;1;6;800;13/01/2014
2014036255;1;2;1;1;2;800;13/01/2014
2014036256;1;2;3;1;2;800;14/01/2014
2014036257;1;2;1;1;6;800;14/01/2014
2014036258;4;1;1;2;4;800;14/01/2014
2014036259;2;2;6;1;5;800;14/01/2014
2014036260;2;2;1;8;6;800;15/01/2014
2014036261;1;1;1;2;2;800;15/01/2014
2014036262;1;2;1;3;4;800;16/01/2014
2014036263;1;2;1;1;6;800;17/01/2014
2014036264;5;2;1;1;6;800;21/01/2014
2014036265;2;2;6;1;3;800;21/01/2014
2014036266;5;2;6;1;2;800;20/01/2014
2014036267;1;2;1;1;6;800;27/01/2014
2014036268;5;2;1;1;6;800;25/01/2014
2014036269;1;2;1;2;7;800;29/01/2014
2014036270;1;2;1;1;1;800;28/01/2014
2014036271;1;2;1;1;2;800;03/02/2014
2014036272;1;2;6;1;3;800;04/02/2014
2014036273;1;2;3;1;3;800;05/02/2014
2014036274;1;2;1;1;2;800;05/02/2014
2014036275;3;1;1;1;6;800;09/02/2014
2014036276;3;1;1;1;6;800;09/02/2014
2014036277;1;2;2;1;6;800;07/02/2014
2014036278;1;2;1;2;3;800;07/02/2014
2014036279;2;2;1;1;6;800;06/02/2014
2014036280;1;1;1;1;4;800;06/02/2014
2014036281;4;1;1;1;7;800;17/02/2014
2014036282;5;2;1;1;2;800;11/02/2014
2014036283;1;2;6;1;7;800;15/02/2014
2014036284;1;2;3;1;3;800;12/02/2014
2014036285;1;2;2;1;5;800;12/02/2014
2014036286;5;2;1;1;7;800;19/02/2014
2014036287;1;2;1;1;3;800;17/02/2014
2014036288;4;2;1;1;6;800;18/02/2014
2014036289;1;1;1;1;3;800;17/02/2014
2014036290;5;2;1;3;6;800;20/02/2014
2014036291;5;2;1;2;6;800;20/02/2014
2014036292;3;1;1;1;7;800;20/02/2014
2014036293;4;1;1;1;7;800;26/02/2014
2014036294;1;2;1;1;5;800;26/02/2014
2014036295;1;2;3;1;3;800;25/02/2014
2014036296;2;2;1;1;6;800;23/02/2014
2014036297;5;2;1;1;6;800;07/03/2014
2014036298;1;2;2;1;3;800;12/03/2014
2014036299;1;2;1;1;2;800;12/03/2014
2014036300;2;2;1;2;3;800;05/03/2014
2014036301;5;2;1;1;6;800;09/03/2014
2014036302;5;2;3;1;3;800;15/03/2014
2014036303;1;2;1;1;6;800;16/03/2014
2014036304;1;2;1;1;6;800;18/03/2014
2014036305;1;2;1;5;2;800;13/03/2014
2014036306;1;2;3;1;3;800;18/03/2014
2014036307;1;2;1;1;5;800;22/03/2014
2014036308;2;2;1;1;3;800;22/03/2014
2014036309;1;2;6;1;3;800;28/03/2014
2014036310;1;2;1;1;6;800;28/03/2014
2014036311;1;2;6;1;3;800;26/03/2014
2014036312;5;2;1;1;2;800;26/03/2014
2014036313;5;2;1;1;6;800;02/04/2014
2014036314;1;2;1;1;6;800;04/04/2014
2014036315;1;2;5;1;3;800;04/04/2014
2014036316;1;2;1;1;6;800;04/04/2014
2014036317;1;2;1;1;3;800;09/04/2014
2014036318;1;2;1;1;6;800;08/04/2014
2014036319;1;2;1;1;2;800;11/04/2014
2014036320;1;2;1;1;3;800;11/04/2014
2014036321;1;2;1;1;3;800;11/04/2014
2014036322;1;2;1;1;2;800;14/04/2014
2014036323;1;2;1;1;2;800;14/04/2014
2014036324;1;2;1;1;6;800;15/04/2014
2014036325;1;2;1;1;6;800;15/04/2014
2014036326;1;2;1;1;3;800;15/04/2014
2014036327;1;2;1;1;3;800;16/04/2014
2014036328;1;2;1;1;3;800;17/04/2014
2014036329;1;2;3;1;3;800;18/04/2014
2014036330;1;2;1;1;4;800;23/04/2014
2014036331;1;2;1;1;2;800;30/04/2014
2014036332;1;2;1;3;6;800;01/05/2014
2014036333;1;2;2;1;3;800;03/05/2014
2014036334;1;2;1;2;6;800;06/05/2014
2014036335;1;2;6;3;3;800;06/05/2014
2014036336;1;2;1;2;2;800;06/05/2014
2014036337;1;2;1;1;6;800;11/05/2014
2014036338;1;2;1;1;2;800;16/05/2014
2014036339;1;2;2;1;3;800;16/05/2014
2014036340;1;2;3;1;3;800;17/05/2014
2014036341;1;2;1;1;3;800;19/05/2014
2014036342;1;2;1;1;3;800;20/05/2014
2014036343;1;2;1;1;4;800;22/05/2014
2014036344;1;2;1;2;2;800;23/05/2014
2014036345;1;2;3;2;3;800;26/05/2014
2014036346;1;2;1;1;2;800;27/05/2014
2014036347;1;2;1;1;3;800;31/05/2014
2014036348;1;2;3;1;3;800;05/06/2014
2014036349;1;2;1;1;2;800;05/06/2014
2014036350;1;2;1;1;6;800;09/06/2014
2014036351;1;2;1;8;6;800;09/06/2014
2014036352;1;1;1;1;4;800;06/06/2014
2014036353;1;2;1;1;6;800;11/06/2014
2014036354;5;2;1;1;1;800;13/06/2014
2014036355;1;2;1;1;2;800;19/06/2014
2014036356;1;2;1;1;2;800;19/06/2014
2014036357;1;2;1;1;3;800;20/06/2014
2014036358;1;2;2;1;3;800;20/06/2014
2014036359;1;1;1;1;6;800;22/06/2014
2014036360;5;2;1;1;1;800;24/06/2014
2014036361;1;2;1;1;6;800;27/06/2014
2014036362;5;2;1;1;7;800;27/06/2014
2014036363;1;2;2;3;3;800;29/06/2014
2014036364;1;2;2;2;3;800;29/06/2014
2014036365;1;1;1;1;4;800;30/06/2014
2014036366;1;2;3;1;3;800;01/07/2014
2014036367;1;2;1;1;4;800;05/07/2014
2014036368;1;2;2;1;3;800;12/07/2014
2014036369;1;2;1;1;3;800;15/07/2014
2014036370;1;2;1;1;2;800;10/07/2014
2014036371;1;2;1;1;1;800;16/07/2014
2014036372;1;2;1;2;2;800;09/07/2014
2014036373;1;2;2;2;3;800;09/07/2014
2014036374;1;2;1;1;2;800;07/07/2014
2014036375;1;2;1;1;3;800;03/07/2014
2014036376;1;2;1;1;6;800;03/07/2014
2014036377;1;2;1;1;6;800;07/07/2014
2014036378;1;2;1;1;6;800;17/07/2014
2014036379;1;2;1;1;2;800;22/07/2014
2014036380;5;2;3;1;3;800;25/07/2014
2014036381;1;2;1;1;6;800;30/07/2014
2014036382;1;2;1;1;3;800;31/07/2014
2014036383;1;2;1;1;2;800;02/08/2014
2014036384;1;2;1;1;3;800;01/08/2014
2014036385;1;2;1;1;6;800;03/08/2014
2014036386;2;2;1;1;3;800;04/08/2014
2014036387;1;2;1;1;3;800;07/08/2014
2014036388;1;2;3;1;3;800;07/08/2014
2014036389;1;2;1;1;1;800;24/08/2014
2014036390;1;2;1;1;3;800;19/08/2014
2014036391;1;2;1;1;6;800;22/08/2014
2014036392;5;2;1;3;6;800;25/08/2014
2014036393;1;2;1;1;5;800;26/08/2014
2014036394;1;2;1;1;7;800;27/08/2014
2014036395;1;2;1;1;3;800;27/08/2014
2014036396;1;2;1;1;3;800;26/08/2014
2014036397;1;2;2;2;3;800;28/08/2014
2014036398;2;2;1;1;2;800;29/08/2014
2014036399;1;2;1;1;3;800;31/08/2014
2014036400;1;2;1;1;2;800;01/09/2014
2014036401;1;2;1;1;6;800;02/09/2014
2014036402;5;2;3;1;3;800;04/09/2014
2014036403;5;2;1;1;6;800;05/09/2014
2014036404;1;2;6;1;3;800;07/09/2014
2014036405;1;2;1;1;7;800;08/09/2014
2014036406;1;2;1;1;2;800;11/09/2014
2014036407;1;2;1;1;7;800;13/09/2014
2014036408;1;1;1;1;2;800;13/09/2014
2014036409;2;2;1;1;6;800;16/09/2014
2014036410;1;2;1;1;7;800;17/09/2014
2014036411;2;2;3;3;3;800;18/09/2014
2014036412;1;2;3;1;3;800;18/09/2014
2014036413;1;2;1;1;7;800;19/09/2014
2014036414;1;2;4;1;3;800;22/09/2014
2014036415;1;2;1;1;2;800;22/09/2014
2014036416;1;1;1;3;7;800;24/09/2014
2014036417;5;2;6;1;3;800;24/09/2014
2014036418;5;2;3;1;3;800;26/09/2014
2014036419;1;2;1;1;7;800;26/09/2014
2014036420;5;2;1;1;2;800;28/09/2014
2014036421;5;2;1;1;3;800;27/09/2014
2014036422;1;1;1;1;4;800;30/09/2014
2014036423;1;2;1;1;2;800;30/09/2014
2014036424;1;2;3;1;3;800;01/10/2014
2014036425;1;2;1;1;7;800;01/10/2014
2014036426;1;2;1;1;7;800;01/10/2014
2014036427;5;1;1;1;3;800;01/10/2014
2014036428;1;2;1;1;7;800;02/10/2014
2014036429;4;2;1;1;7;800;03/10/2014
2014036430;1;2;1;1;7;800;03/10/2014
2014036431;1;2;1;1;3;800;04/10/2014
2014036432;1;2;1;2;3;800;06/10/2014
2014036433;1;2;1;2;7;800;08/10/2014
2014036434;1;2;1;2;3;800;08/10/2014
2014036435;1;2;1;1;3;800;13/10/2014
2014036436;1;2;1;1;1;800;17/10/2014
2014036437;3;1;1;1;7;800;18/10/2014
2014036438;5;2;1;1;3;800;19/10/2014
2014036439;1;2;3;1;3;800;21/10/2014
2014036440;1;1;1;1;1;800;25/10/2014
2014036441;1;2;1;1;6;800;04/11/2014
2014036442;1;2;1;1;3;800;04/11/2014
2014036443;1;2;1;1;7;800;05/11/2014
2014036444;1;2;2;1;3;800;06/11/2014
2014036445;5;2;1;1;7;800;08/11/2014
2014036446;2;2;1;1;7;800;07/11/2014
2014036447;1;2;6;1;3;800;12/11/2014
2014036448;2;2;1;1;3;800;13/11/2014
2014036449;1;2;3;1;1;800;13/11/2014
2014036450;2;2;2;1;3;800;13/11/2014
2014036451;5;2;1;2;7;800;17/11/2014
2014036452;5;2;1;1;2;800;18/11/2014
2014036453;2;1;1;5;4;800;19/11/2014
2014036454;1;2;6;1;3;800;19/11/2014
2014036455;2;2;1;1;1;800;21/11/2014
2014036456;5;2;1;1;7;800;23/11/2014
2014036457;1;2;1;1;3;800;23/11/2014
2014036458;5;2;1;1;7;800;25/11/2014
2014036459;5;2;1;1;7;800;25/11/2014
2014036460;1;2;1;1;2;800;26/11/2014
2014036461;1;2;1;1;4;800;29/11/2014
2014036462;2;2;1;1;3;800;27/11/2014
2014036463;5;2;1;1;2;800;30/11/2014
2014036464;1;2;1;2;7;800;02/12/2014
2014036465;1;2;1;1;7;800;03/12/2014
2014036466;1;2;1;1;2;800;06/12/2014
2014036467;5;2;1;2;7;800;05/12/2014
2014036468;5;2;1;2;7;800;05/12/2014
2014036469;1;2;3;1;7;800;09/12/2014
2014036470;5;2;3;2;3;800;10/12/2014
2014036471;5;2;1;2;3;800;12/12/2014
2014036472;1;2;2;2;3;800;12/12/2014
2014036473;5;2;1;2;7;800;12/12/2014
2014036474;1;2;1;1;3;800;18/12/2014
2014036475;1;2;1;1;7;800;21/12/2014
2014036476;2;2;3;1;7;800;19/12/2014
2014036477;1;2;1;1;2;800;19/12/2014
2014036478;5;2;1;1;1;800;23/12/2014
2014036479;1;2;3;1;3;800;28/12/2014
2014036480;5;2;1;1;7;800;27/12/2014
2014036481;1;2;3;1;7;800;29/12/2014
2014036482;1;2;2;2;3;810;23/01/2014
2014036483;1;2;1;8;6;810;18/03/2014
2014036484;1;2;1;1;2;810;28/03/2014
2014036485;1;2;3;1;3;810;17/04/2014
2014036486;1;2;1;1;3;810;30/05/2014
2014036487;3;1;1;1;6;810;05/06/2014
2014036488;5;2;2;1;1;810;19/07/2014
2014036489;1;1;1;1;1;810;19/07/2014
2014036490;1;2;2;1;6;810;04/10/2014
2014036491;5;2;1;1;3;810;07/10/2014
2014036492;5;2;1;1;7;810;05/03/2014
2014036493;5;2;2;1;3;810;08/03/2014
2014036494;5;2;1;1;6;810;25/07/2014
2014036495;1;2;7;1;6;810;29/07/2014
2014036496;1;2;8;1;6;810;29/10/2014
2014036497;5;2;0;2;6;810;06/12/2014
2014036498;5;2;1;1;7;810;12/12/2014
2014036499;1;1;1;1;2;810;10/01/2014
2014036500;3;1;1;1;6;810;19/01/2014
2014036501;2;2;1;1;6;810;09/02/2014
2014036502;3;1;1;1;7;810;17/03/2014
2014036503;1;1;1;1;5;810;02/04/2014
2014036504;1;2;1;1;6;810;12/04/2014
2014036505;1;1;1;6;1;810;20/05/2014
2014036506;1;1;1;1;3;810;12/08/2014
2014036507;1;2;1;1;3;810;19/09/2014
2014036508;5;2;3;1;3;810;25/09/2014
2014036509;1;2;3;1;6;810;22/11/2014
2014036510;2;2;1;3;7;810;18/12/2014
2014036511;1;2;1;1;6;810;14/06/2014
2014036512;1;2;2;1;3;810;30/07/2014
2014036513;1;1;3;1;3;810;25/09/2014
2014036514;1;2;3;1;3;810;20/09/2014
2014036515;3;2;1;1;6;810;01/12/2014
2014036516;1;1;1;2;1;820;10/01/2014
2014036517;1;1;1;2;4;820;21/02/2014
2014036518;2;1;1;1;2;820;19/02/2014
2014036519;1;2;2;2;2;820;22/04/2014
2014036520;1;1;1;1;3;820;05/05/2014
2014036521;2;2;6;1;3;820;10/08/2014
2014036522;1;1;1;1;3;820;18/08/2014
2014036523;1;2;3;1;3;820;28/09/2014
2014036524;1;2;1;1;6;820;29/09/2014
2014036525;1;1;1;1;1;820;21/10/2014
2014036526;5;2;2;1;6;820;21/11/2014
2014036527;1;2;1;2;2;820;10/10/2014
2014036528;1;2;1;1;2;820;14/11/2014
2014036529;3;1;1;1;7;820;07/12/2014
2014036530;1;2;3;2;3;820;03/01/2014
2014036531;1;1;1;1;6;820;03/01/2014
2014036532;1;2;6;3;3;820;14/01/2014
2014036533;5;2;1;1;6;820;15/01/2014
2014036534;1;2;5;1;6;820;20/01/2014
2014036535;1;2;1;7;6;820;21/01/2014
2014036536;1;1;1;1;7;820;13/12/2014
2014036537;5;2;2;3;1;820;11/02/2014
2014036538;1;2;1;1;2;820;20/02/2014
2014036539;1;2;1;1;6;820;03/03/2014
2014036540;1;2;1;1;2;820;05/03/2014
2014036541;5;2;1;1;7;820;08/03/2014
2014036542;1;2;3;1;3;820;13/03/2014
2014036543;5;2;1;1;6;820;14/03/2014
2014036544;1;1;3;1;3;820;10/03/2014
2014036545;1;2;2;1;6;820;17/03/2014
2014036546;3;1;1;1;6;820;16/03/2014
2014036547;1;2;1;1;6;820;18/03/2014
2014036548;1;2;1;1;1;820;12/03/2014
2014036549;2;1;1;6;6;820;30/03/2014
2014036550;1;2;1;2;6;820;03/04/2014
2014036551;1;1;1;1;6;820;30/03/2014
2014036552;2;1;1;1;6;820;06/04/2014
2014036553;1;1;1;1;4;820;15/04/2014
2014036554;3;1;1;2;6;820;26/04/2014
2014036555;5;2;1;1;2;820;04/05/2014
2014036556;1;1;1;1;1;820;07/05/2014
2014036557;1;1;1;1;3;820;28/05/2014
2014036558;1;2;9;1;3;820;09/06/2014
2014036559;1;1;1;1;1;820;21/06/2014
2014036560;1;2;1;1;7;820;04/07/2014
2014036561;5;2;1;1;3;820;15/07/2014
2014036562;1;1;1;1;6;820;06/08/2014
2014036563;1;2;6;1;3;820;07/08/2014
2014036564;1;2;1;1;3;820;19/08/2014
2014036565;1;1;1;1;7;820;01/09/2014
2014036566;1;1;3;1;3;820;01/09/2014
2014036567;1;2;6;1;2;820;11/09/2014
2014036568;1;2;3;1;3;820;07/10/2014
2014036569;5;2;3;1;3;820;12/10/2014
2014036570;1;2;6;1;6;820;10/10/2014
2014036571;5;2;3;1;3;820;11/10/2014
2014036572;1;2;1;1;6;820;04/11/2014
2014036573;1;1;3;2;3;820;16/11/2014
2014036574;1;2;1;1;2;820;18/11/2014
2014036575;3;1;1;1;2;820;18/11/2014
2014036576;1;2;1;1;6;820;22/11/2014
2014036577;5;2;3;1;3;820;28/11/2014
2014036578;5;2;1;1;3;820;30/11/2014
2014036579;5;2;1;1;6;820;04/10/2014
2014036580;1;2;6;1;3;820;07/12/2014
2014036581;3;1;8;1;3;820;09/12/2014
2014036582;5;2;1;1;6;820;21/12/2014
2014036583;1;1;1;2;1;820;19/12/2014
2014036584;1;2;6;7;6;820;29/12/2014
2014036585;2;2;1;1;3;830;20/01/2014
2014036586;1;2;6;1;3;830;20/01/2014
2014036587;5;2;1;1;2;830;28/01/2014
2014036588;5;2;6;2;3;830;04/02/2014
2014036589;1;2;1;1;4;830;05/02/2014
2014036590;1;2;3;1;3;830;13/02/2014
2014036591;5;2;1;1;7;830;11/03/2014
2014036592;1;2;3;1;6;830;23/03/2014
2014036593;1;2;1;1;6;830;16/04/2014
2014036594;1;2;1;1;6;830;29/04/2014
2014036595;1;2;1;1;3;830;04/05/2014
2014036596;1;2;2;1;3;830;08/05/2014
2014036597;1;2;1;1;1;830;22/04/2014
2014036598;1;2;1;1;5;830;07/06/2014
2014036599;1;2;9;1;6;830;19/06/2014
2014036600;1;2;1;1;3;830;20/06/2014
2014036601;1;1;1;1;2;830;08/07/2014
2014036602;1;2;1;1;6;830;11/07/2014
2014036603;1;2;4;1;3;830;21/08/2014
2014036604;1;2;3;1;6;830;03/09/2014
2014036605;1;2;3;9;6;830;06/09/2014
2014036606;1;2;6;1;3;830;20/09/2014
2014036607;1;2;1;7;6;830;26/09/2014
2014036608;1;2;6;1;3;830;22/10/2014
2014036609;1;2;1;1;6;830;22/10/2014
2014036610;1;2;1;1;6;830;26/10/2014
2014036611;4;1;1;8;1;830;15/11/2014
2014036612;1;2;3;2;3;830;09/11/2014
2014036613;2;2;1;8;7;830;06/12/2014
2014036614;1;2;9;1;3;830;04/12/2014
2014036615;5;2;6;3;6;830;27/11/2014
2014036616;1;2;1;2;6;830;04/12/2014
2014036617;5;2;6;1;7;830;13/12/2014
2014036618;1;2;4;1;3;830;18/12/2014
2014036619;5;2;3;1;1;830;23/12/2014
2014036620;1;2;6;1;3;830;31/12/2014
2014036621;5;2;6;1;3;830;16/12/2014
2014036622;1;1;1;1;7;830;23/01/2014
2014036623;1;2;6;2;2;830;11/02/2014
2014036624;1;2;1;1;7;830;22/02/2014
2014036625;1;2;1;1;6;830;01/03/2014
2014036626;1;2;1;1;7;830;01/02/2014
2014036627;1;1;1;1;7;830;25/03/2014
2014036628;1;2;1;1;6;830;09/02/2014
2014036629;1;1;1;1;6;830;01/04/2014
2014036630;1;2;3;1;6;830;01/04/2014
2014036631;1;1;1;1;6;830;05/04/2014
2014036632;1;2;1;1;6;830;09/04/2014
2014036633;1;1;1;1;2;830;15/04/2014
2014036634;5;2;6;1;3;830;15/04/2014
2014036635;1;2;1;1;2;830;12/05/2014
2014036636;1;1;1;1;3;830;18/05/2014
2014036637;1;2;1;1;7;830;14/05/2014
2014036638;1;1;1;1;6;830;06/06/2014
2014036639;1;1;1;1;6;830;15/06/2014
2014036640;1;2;1;1;6;830;23/05/2014
2014036641;1;1;1;1;3;830;22/06/2014
2014036642;1;1;1;1;7;830;02/07/2014
2014036643;1;2;1;1;6;830;18/05/2014
2014036644;3;1;1;1;7;830;03/07/2014