num_acc;lum;agg;inter;atm;col;dep;date
2014037225;1;2;1;1;5;860;06/04/2014
2014037226;1;2;3;1;3;860;23/04/2014
2014037227;1;2;1;1;3;860;05/05/2014
2014037228;5;2;1;1;3;860;07/05/2014
2014037229;1;2;1;1;7;860;03/07/2014
2014037230;1;2;1;1;6;860;08/07/2014
2014037231;1;1;6;1;2;860;06/08/2014
2014037232;1;2;1;1;6;860;06/08/2014
2014037233;1;2;1;1;6;860;11/09/2014
2014037234;1;2;1;3;6;860;20/09/2014
2014037235;1;2;1;1;6;860;26/09/2014
2014037236;5;2;3;8;3;860;04/10/2014
2014037237;1;2;1;1;1;860;05/10/2014
2014037238;1;1;1;1;6;860;11/10/2014
2014037239;2;2;1;1;6;860;13/10/2014
2014037240;1;2;2;5;1;860;27/11/2014
2014037241;5;2;1;1;6;860;06/12/2014
2014037242;1;2;3;2;3;860;09/12/2014
2014037243;5;2;2;2;6;860;26/12/2014
2014037244;3;1;2;1;3;860;05/01/2014
2014037245;5;2;3;2;3;860;06/01/2014
2014037246;5;2;1;2;3;860;06/01/2014
2014037247;3;1;1;2;6;860;06/01/2014
2014037248;5;2;1;8;6;860;07/01/2014
2014037249;5;2;1;1;3;860;07/01/2014
2014037250;1;2;1;1;6;860;08/01/2014
2014037251;5;2;3;1;3;860;10/01/2014
2014037252;5;2;1;1;3;860;11/01/2014
2014037253;5;2;1;3;6;860;13/01/2014
2014037254;2;2;1;2;6;860;13/01/2014
2014037255;5;1;1;1;3;860;14/01/2014
2014037256;5;2;1;2;2;860;15/01/2014
2014037257;1;2;2;1;7;860;17/01/2014
2014037258;5;2;1;1;6;860;19/01/2014
2014037259;1;2;2;1;3;860;20/01/2014
2014037260;3;1;1;1;3;860;20/01/2014
2014037261;1;2;1;1;3;860;23/01/2014
2014037262;1;2;3;1;6;860;31/01/2014
2014037263;3;1;1;1;6;860;03/02/2014
2014037264;1;2;1;1;2;860;04/02/2014
2014037265;3;1;1;2;4;860;05/02/2014
2014037266;1;2;1;1;6;860;06/02/2014
2014037267;1;2;1;1;4;860;07/02/2014
2014037268;1;2;6;1;3;860;07/02/2014
2014037269;1;2;1;2;1;860;07/02/2014
2014037270;1;2;1;2;1;860;07/02/2014
2014037271;1;2;3;2;5;860;11/02/2014
2014037272;5;2;1;1;5;860;13/02/2014
2014037273;5;2;1;2;6;860;16/02/2014
2014037274;1;2;1;1;6;860;17/02/2014
2014037275;5;2;1;1;6;860;18/02/2014
2014037276;1;2;1;1;2;860;18/02/2014
2014037277;5;2;1;1;3;860;20/02/2014
2014037278;1;2;1;2;2;860;22/02/2014
2014037279;1;2;1;2;3;860;22/02/2014
2014037280;5;2;1;1;6;860;23/02/2014
2014037281;1;2;3;1;6;860;24/02/2014
2014037282;1;2;1;3;6;860;03/03/2014
2014037283;1;2;1;1;5;860;07/03/2014
2014037284;4;2;1;1;6;860;08/03/2014
2014037285;5;2;1;1;3;860;10/03/2014
2014037286;1;2;6;1;3;860;10/03/2014
2014037287;1;2;3;1;3;860;11/03/2014
2014037288;1;2;1;1;3;860;12/03/2014
2014037289;1;2;1;1;6;860;14/03/2014
2014037290;1;2;6;1;6;860;14/03/2014
2014037291;1;2;1;1;6;860;14/03/2014
2014037292;1;2;1;1;6;860;14/03/2014
2014037293;1;2;2;1;3;860;16/03/2014
2014037294;1;2;1;5;2;860;17/03/2014
2014037295;1;1;1;1;2;860;20/03/2014
2014037296;5;2;1;1;6;860;21/03/2014
2014037297;1;2;1;1;6;860;21/03/2014
2014037298;1;1;1;1;6;860;22/03/2014
2014037299;1;2;1;1;6;860;23/03/2014
2014037300;1;2;1;2;6;860;25/03/2014
2014037301;1;2;1;1;6;860;26/03/2014
2014037302;1;2;1;1;4;860;26/03/2014
2014037303;1;2;1;1;6;860;28/03/2014
2014037304;1;2;3;1;3;860;28/03/2014
2014037305;1;2;1;1;3;860;29/03/2014
2014037306;3;1;2;1;3;860;29/03/2014
2014037307;1;2;2;1;3;860;01/04/2014
2014037308;1;2;6;3;7;860;03/04/2014
2014037309;1;2;1;2;6;860;03/04/2014
2014037310;1;1;1;1;2;860;03/04/2014
2014037311;5;2;2;1;3;860;04/04/2014
2014037312;5;2;6;1;6;860;05/04/2014
2014037313;3;1;1;2;1;860;06/04/2014
2014037314;1;2;1;1;3;860;07/04/2014
2014037315;1;2;3;1;3;860;08/04/2014
2014037316;5;2;2;1;6;860;08/04/2014
2014037317;1;2;1;1;2;860;09/04/2014
2014037318;1;2;1;1;6;860;10/04/2014
2014037319;3;1;1;1;7;860;11/04/2014
2014037320;5;2;2;1;6;860;13/04/2014
2014037321;1;2;3;1;6;860;14/04/2014
2014037322;1;2;3;1;3;860;16/04/2014
2014037323;1;2;1;1;2;860;16/04/2014
2014037324;1;2;1;1;6;860;25/04/2014
2014037325;4;2;1;2;2;860;27/04/2014
2014037326;1;2;1;8;1;860;28/04/2014
2014037327;1;1;1;3;2;860;29/04/2014
2014037328;2;2;1;1;6;860;29/04/2014
2014037329;1;2;1;1;6;860;04/05/2014
2014037330;1;2;2;1;3;860;05/05/2014
2014037331;1;2;2;1;3;860;05/05/2014
2014037332;3;2;1;1;6;860;07/05/2014
2014037333;1;1;1;1;3;860;07/05/2014
2014037334;5;2;1;1;3;860;07/05/2014
2014037335;1;1;1;1;3;860;08/05/2014
2014037336;5;2;1;1;6;860;09/05/2014
2014037337;1;2;1;1;4;860;12/05/2014
2014037338;1;2;1;1;4;860;12/05/2014
2014037339;1;2;2;1;3;860;14/05/2014
2014037340;4;2;2;1;6;860;14/05/2014
2014037341;1;2;2;1;3;860;18/05/2014
2014037342;1;2;6;8;3;860;22/05/2014
2014037343;1;2;1;3;6;860;22/05/2014
2014037344;1;1;1;2;6;860;23/05/2014
2014037345;1;1;1;8;7;860;23/05/2014
2014037346;1;2;1;1;3;860;27/05/2014
2014037347;1;2;1;1;6;860;28/05/2014
2014037348;1;2;1;1;5;860;02/06/2014
2014037349;1;2;1;1;2;860;02/06/2014
2014037350;3;1;1;1;6;860;03/06/2014
2014037351;1;2;1;1;2;860;03/06/2014
2014037352;1;2;2;1;3;860;03/06/2014
2014037353;2;1;1;2;6;860;04/06/2014
2014037354;1;2;1;1;6;860;06/06/2014
2014037355;1;2;4;1;6;860;06/06/2014
2014037356;1;2;2;1;3;860;07/06/2014
2014037357;1;2;1;1;4;860;08/06/2014
2014037358;1;2;1;1;3;860;08/06/2014
2014037359;1;2;3;1;3;860;10/06/2014
2014037360;1;2;3;1;3;860;12/06/2014
2014037361;5;2;1;1;6;860;14/06/2014
2014037362;1;2;2;1;4;860;13/06/2014
2014037363;1;2;2;1;3;860;17/06/2014
2014037364;1;1;1;1;4;860;17/06/2014
2014037365;1;2;6;1;3;860;20/06/2014
2014037366;2;2;1;1;3;860;20/06/2014
2014037367;5;2;1;1;7;860;21/06/2014
2014037368;1;2;1;3;6;860;23/06/2014
2014037369;1;2;1;1;2;860;25/06/2014
2014037370;1;1;1;1;4;860;23/06/2014
2014037371;1;2;2;1;3;860;03/07/2014
2014037372;1;2;3;1;6;860;07/07/2014
2014037373;1;1;1;3;6;860;08/07/2014
2014037374;1;2;1;1;6;860;11/07/2014
2014037375;3;1;1;1;6;860;12/07/2014
2014037376;1;2;3;1;1;860;22/07/2014
2014037377;1;2;6;1;3;860;22/07/2014
2014037378;1;2;3;1;6;860;23/07/2014
2014037379;1;2;1;1;6;860;26/07/2014
2014037380;1;1;1;1;5;860;27/07/2014
2014037381;1;2;1;1;6;860;27/07/2014
2014037382;1;2;3;1;1;860;29/07/2014
2014037383;1;2;1;1;2;860;30/07/2014
2014037384;1;2;2;1;3;860;05/08/2014
2014037385;1;2;1;1;6;860;05/08/2014
2014037386;1;2;1;1;7;860;06/08/2014
2014037387;1;2;2;1;3;860;06/08/2014
2014037388;1;2;1;1;6;860;10/08/2014
2014037389;1;1;3;1;4;860;18/08/2014
2014037390;1;1;1;1;6;860;19/08/2014
2014037391;5;2;1;1;2;860;19/08/2014
2014037392;1;2;2;1;3;860;22/08/2014
2014037393;1;2;3;1;3;860;22/08/2014
2014037394;1;2;1;1;4;860;23/08/2014
2014037395;1;1;1;1;6;860;24/08/2014
2014037396;1;1;2;1;3;860;29/08/2014
2014037397;1;2;6;1;3;860;29/08/2014
2014037398;1;2;2;1;3;860;29/08/2014
2014037399;1;2;1;1;6;860;29/08/2014
2014037400;1;1;2;1;3;860;29/08/2014
2014037401;1;2;2;1;3;860;31/08/2014
2014037402;1;2;1;1;4;860;02/09/2014
2014037403;1;2;2;1;3;860;04/09/2014
2014037404;1;1;2;1;3;860;06/09/2014
2014037405;1;2;2;1;3;860;06/09/2014
2014037406;5;2;1;1;7;860;07/09/2014
2014037407;1;2;2;1;3;860;10/09/2014
2014037408;1;2;3;7;3;860;11/09/2014
2014037409;1;1;2;1;6;860;12/09/2014
2014037410;3;1;1;1;6;860;12/09/2014
2014037411;1;2;3;1;6;860;17/09/2014
2014037412;5;1;1;1;6;860;18/09/2014
2014037413;3;1;1;8;6;860;20/09/2014
2014037414;2;2;3;1;4;860;21/09/2014
2014037415;2;2;2;1;3;860;22/09/2014
2014037416;1;2;1;1;3;860;23/09/2014
2014037417;5;2;1;1;6;860;24/09/2014
2014037418;1;2;1;1;2;860;25/09/2014
2014037419;5;2;1;1;6;860;26/09/2014
2014037420;1;2;1;1;3;860;26/09/2014
2014037421;2;1;1;1;1;860;27/09/2014
2014037422;1;1;1;1;2;860;27/09/2014
2014037423;1;2;2;1;6;860;27/09/2014
2014037424;5;2;1;1;6;860;28/09/2014
2014037425;3;2;1;1;6;860;28/09/2014
2014037426;1;2;6;2;1;860;29/09/2014
2014037427;1;2;2;1;1;860;01/10/2014
2014037428;1;2;1;1;6;860;03/10/2014
2014037429;1;1;1;2;2;860;06/10/2014
2014037430;5;2;1;6;6;860;06/10/2014
2014037431;1;2;6;1;2;860;08/10/2014
2014037432;1;2;1;1;6;860;11/10/2014
2014037433;1;2;3;1;2;860;13/10/2014
2014037434;1;2;2;1;2;860;13/10/2014
2014037435;1;2;1;1;3;860;16/10/2014
2014037436;1;2;1;1;2;860;18/10/2014
2014037437;1;2;1;1;2;860;23/10/2014
2014037438;1;2;1;1;1;860;23/10/2014
2014037439;1;2;3;1;3;860;24/10/2014
2014037440;5;2;1;1;6;860;24/10/2014
2014037441;1;2;1;1;3;860;26/10/2014
2014037442;5;2;2;1;3;860;25/10/2014
2014037443;5;2;3;1;6;860;28/10/2014
2014037444;1;2;2;1;5;860;29/10/2014
2014037445;1;2;1;1;6;860;29/10/2014
2014037446;1;2;1;1;6;860;03/11/2014
2014037447;5;2;1;2;6;860;03/11/2014
2014037448;5;2;1;1;6;860;04/11/2014
2014037449;1;2;2;1;6;860;05/11/2014
2014037450;1;2;1;1;6;860;05/11/2014
2014037451;1;2;3;1;1;860;06/11/2014
2014037452;5;2;2;1;1;860;08/11/2014
2014037453;1;2;1;1;3;860;10/11/2014
2014037454;3;1;1;1;6;860;10/11/2014
2014037455;1;2;1;2;6;860;14/11/2014
2014037456;1;2;1;2;6;860;14/11/2014
2014037457;1;1;1;1;7;860;16/11/2014
2014037458;1;2;1;1;4;860;16/11/2014
2014037459;5;2;1;2;3;860;17/11/2014
2014037460;3;1;1;2;3;860;24/11/2014
2014037461;5;2;3;1;3;860;26/11/2014
2014037462;1;2;1;1;6;860;26/11/2014
2014037463;5;2;1;1;6;860;26/11/2014
2014037464;5;2;1;1;3;860;28/11/2014
2014037465;5;2;3;1;3;860;28/11/2014
2014037466;3;1;1;1;6;860;30/11/2014
2014037467;5;2;1;2;6;860;02/12/2014
2014037468;5;2;1;8;2;860;03/12/2014
2014037469;3;2;3;2;6;860;04/12/2014
2014037470;1;2;1;1;3;860;06/12/2014
2014037471;3;2;1;9;6;860;09/12/2014
2014037472;3;1;1;9;6;860;09/12/2014
2014037473;5;2;1;9;7;860;09/12/2014
2014037474;2;2;1;9;6;860;09/12/2014
2014037475;1;2;1;1;7;860;09/12/2014
2014037476;5;2;2;1;5;860;09/12/2014
2014037477;3;2;1;2;6;860;12/12/2014
2014037478;3;1;1;2;4;860;11/12/2014
2014037479;2;2;1;2;6;860;14/12/2014
2014037480;1;2;1;2;6;860;14/12/2014
2014037481;1;2;1;1;6;860;15/12/2014
2014037482;1;2;1;1;6;860;16/12/2014
2014037483;5;2;1;2;4;860;18/12/2014
2014037484;3;1;1;1;2;860;20/12/2014
2014037485;3;1;1;1;6;860;21/12/2014
2014037486;1;2;1;1;6;860;22/12/2014
2014037487;5;2;1;1;3;860;23/12/2014
2014037488;3;2;3;1;3;860;25/12/2014
2014037489;1;2;1;1;2;860;31/12/2014
2014037490;1;1;1;1;7;870;02/01/2014
2014037491;5;2;1;1;6;870;07/01/2014
2014037492;1;2;1;1;6;870;08/01/2014
2014037493;1;2;1;1;5;870;10/01/2014
2014037494;1;2;2;1;1;870;12/01/2014
2014037495;1;2;1;1;6;870;13/01/2014
2014037496;1;2;1;1;6;870;13/01/2014
2014037497;1;2;3;1;3;870;13/01/2014
2014037498;1;2;3;1;3;870;14/01/2014
2014037499;5;2;1;1;6;870;14/01/2014
2014037500;3;1;1;2;6;870;16/01/2014
2014037501;5;2;1;1;6;870;17/01/2014
2014037502;1;2;1;1;6;870;17/01/2014
2014037503;2;1;1;1;4;870;22/01/2014
2014037504;1;2;2;1;5;870;22/01/2014
2014037505;1;2;1;2;2;870;22/01/2014
2014037506;1;2;1;2;6;870;23/01/2014
2014037507;2;2;1;2;3;870;24/01/2014
2014037508;1;2;2;2;6;870;25/01/2014
2014037509;5;2;1;2;6;870;26/01/2014
2014037510;1;1;1;2;4;870;28/01/2014
2014037511;5;2;1;2;6;870;30/01/2014
2014037512;1;2;1;1;3;870;30/01/2014
2014037513;5;2;1;1;6;870;01/02/2014
2014037514;2;2;1;2;6;870;05/02/2014
2014037515;5;2;1;2;3;870;07/02/2014
2014037516;1;2;3;2;3;870;09/02/2014
2014037517;1;2;2;2;6;870;10/02/2014
2014037518;1;2;1;2;6;870;10/02/2014
2014037519;5;2;2;1;3;870;10/02/2014
2014037520;5;2;3;2;3;870;12/02/2014
2014037521;5;2;1;2;6;870;13/02/2014
2014037522;1;1;1;2;6;870;15/02/2014
2014037523;1;1;1;1;6;870;15/02/2014
2014037524;5;2;1;1;6;870;15/02/2014
2014037525;1;1;1;2;6;870;16/02/2014
2014037526;1;1;1;1;4;870;17/02/2014
2014037527;1;2;1;1;6;870;18/02/2014
2014037528;1;2;1;1;2;870;19/02/2014
2014037529;1;2;3;1;3;870;20/02/2014
2014037530;1;2;3;1;6;870;22/02/2014
2014037531;1;2;1;1;3;870;24/02/2014
2014037532;1;2;2;1;6;870;24/02/2014
2014037533;1;2;1;2;6;870;26/02/2014
2014037534;1;2;1;1;4;870;26/02/2014
2014037535;1;2;1;1;6;870;05/03/2014
2014037536;1;2;1;1;1;870;06/03/2014
2014037537;1;2;3;1;5;870;08/03/2014
2014037538;2;2;1;1;6;870;11/03/2014
2014037539;1;2;1;1;4;870;11/03/2014
2014037540;1;2;1;1;3;870;13/03/2014
2014037541;1;2;1;1;6;870;13/03/2014
2014037542;1;2;1;1;2;870;13/03/2014
2014037543;1;2;1;1;6;870;14/03/2014
2014037544;1;2;1;1;3;870;14/03/2014
2014037545;1;2;1;1;6;870;16/03/2014
2014037546;1;2;3;1;2;870;15/03/2014
2014037547;1;2;1;1;3;870;18/03/2014
2014037548;1;2;2;1;3;870;18/03/2014
2014037549;1;2;1;1;6;870;18/03/2014
2014037550;1;2;1;1;6;870;19/03/2014
2014037551;1;2;3;1;3;870;19/03/2014
2014037552;5;2;1;2;6;870;21/03/2014
2014037553;1;2;7;1;3;870;22/03/2014
2014037554;1;2;3;1;3;870;23/03/2014
2014037555;5;2;1;1;6;870;24/03/2014
2014037556;1;2;1;1;6;870;24/03/2014
2014037557;1;2;2;1;6;870;26/03/2014
2014037558;1;2;3;1;3;870;29/03/2014
2014037559;5;2;2;1;6;870;30/03/2014
2014037560;1;1;1;1;6;870;31/03/2014
2014037561;1;2;1;1;6;870;01/04/2014
2014037562;1;2;1;2;3;870;03/04/2014
2014037563;1;2;1;1;6;870;03/04/2014
2014037564;2;2;3;1;3;870;03/04/2014
2014037565;5;2;2;1;3;870;05/04/2014
2014037566;1;2;3;1;3;870;09/04/2014
2014037567;1;2;3;1;2;870;09/04/2014
2014037568;1;2;1;1;6;870;09/04/2014
2014037569;1;2;1;1;1;870;10/04/2014
2014037570;1;2;1;1;1;870;13/04/2014
2014037571;1;1;3;1;3;870;13/04/2014
2014037572;1;2;9;1;3;870;15/04/2014
2014037573;1;2;2;1;3;870;15/04/2014
2014037574;1;2;9;1;3;870;16/04/2014
2014037575;1;2;1;1;6;870;16/04/2014
2014037576;1;2;3;1;3;870;16/04/2014
2014037577;1;2;2;1;3;870;16/04/2014
2014037578;1;2;2;1;2;870;17/04/2014
2014037579;5;2;1;1;6;870;18/04/2014
2014037580;1;2;1;1;5;870;19/04/2014
2014037581;1;2;1;1;6;870;20/04/2014
2014037582;1;2;1;1;6;870;22/04/2014
2014037583;1;2;3;1;3;870;22/04/2014
2014037584;1;2;1;1;6;870;23/04/2014
2014037585;1;2;1;2;2;870;23/04/2014
2014037586;1;2;2;2;3;870;24/04/2014
2014037587;5;2;1;2;1;870;26/04/2014
2014037588;1;2;3;2;3;870;26/04/2014
2014037589;1;2;1;2;6;870;26/04/2014
2014037590;1;1;1;2;6;870;27/04/2014
2014037591;1;2;1;2;3;870;28/04/2014
2014037592;2;2;3;3;6;870;29/04/2014
2014037593;1;2;3;1;3;870;30/04/2014
2014037594;1;2;1;1;2;870;30/04/2014
2014037595;1;2;1;2;2;870;02/05/2014
2014037596;1;2;3;1;3;870;03/05/2014
2014037597;5;2;3;1;6;870;04/05/2014
2014037598;1;2;2;1;3;870;05/05/2014
2014037599;1;2;2;1;6;870;07/05/2014
2014037600;1;2;1;1;6;870;07/05/2014
2014037601;1;2;3;1;3;870;07/05/2014
2014037602;1;2;1;1;6;870;08/05/2014
2014037603;1;2;2;2;3;870;12/05/2014
2014037604;1;2;1;1;6;870;16/05/2014
2014037605;1;2;1;2;4;870;19/05/2014
2014037606;1;2;3;1;3;870;20/05/2014
2014037607;5;2;1;2;6;870;22/05/2014
2014037608;1;2;2;1;3;870;22/05/2014
2014037609;1;1;2;1;6;870;23/05/2014
2014037610;2;2;2;2;3;870;25/05/2014
2014037611;1;2;2;2;3;870;25/05/2014
2014037612;1;2;3;2;4;870;26/05/2014
2014037613;2;2;3;1;3;870;27/05/2014
2014037614;1;2;3;1;2;870;30/05/2014
2014037615;5;2;2;1;3;870;30/05/2014
2014037616;1;2;3;1;6;870;31/05/2014
2014037617;1;2;1;1;2;870;02/06/2014
2014037618;1;2;1;1;3;870;02/06/2014
2014037619;1;2;3;2;3;870;04/06/2014
2014037620;1;2;1;2;6;870;04/06/2014
2014037621;1;2;2;2;2;870;04/06/2014
2014037622;1;1;1;1;2;870;05/06/2014
2014037623;1;2;3;1;2;870;05/06/2014
2014037624;1;2;3;1;3;870;06/06/2014
2014037625;1;2;1;1;6;870;08/06/2014
2014037626;1;2;3;1;6;870;10/06/2014
2014037627;1;2;1;1;6;870;10/06/2014
2014037628;1;2;1;1;6;870;10/06/2014
2014037629;1;2;3;1;3;870;11/06/2014
2014037630;1;2;9;1;3;870;12/06/2014
2014037631;1;2;3;1;3;870;12/06/2014
2014037632;1;2;1;1;6;870;12/06/2014
2014037633;1;1;3;1;2;870;14/06/2014
2014037634;1;2;1;1;6;870;15/06/2014
2014037635;1;2;1;1;6;870;16/06/2014
2014037636;1;2;3;1;3;870;17/06/2014
2014037637;1;2;3;1;5;870;17/06/2014
2014037638;1;2;3;1;2;870;19/06/2014
2014037639;1;1;2;1;5;870;19/06/2014
2014037640;1;1;1;1;5;870;22/06/2014
2014037641;1;2;1;1;2;870;24/06/2014
2014037642;1;2;1;1;6;870;24/06/2014
2014037643;2;2;1;1;6;870;24/06/2014
2014037644;1;2;1;1;6;870;28/06/2014
2014037645;1;2;2;1;3;870;30/06/2014
2014037646;1;2;1;1;3;870;01/07/2014
2014037647;1;2;1;1;6;870;01/07/2014
2014037648;1;2;1;1;6;870;01/07/2014
2014037649;1;2;1;1;4;870;02/07/2014
2014037650;1;2;1;1;6;870;05/07/2014
2014037651;1;2;2;1;6;870;07/07/2014
2014037652;1;2;2;1;3;870;07/07/2014
2014037653;1;2;1;1;3;870;08/07/2014
2014037654;1;2;3;1;3;870;09/07/2014
2014037655;1;2;1;1;6;870;10/07/2014
2014037656;1;2;1;1;6;870;12/07/2014
2014037657;1;1;1;2;6;870;13/07/2014
2014037658;1;2;1;2;6;870;15/07/2014
2014037659;1;1;1;1;6;870;16/07/2014
2014037660;1;2;3;1;3;870;16/07/2014
2014037661;1;2;1;1;6;870;16/07/2014
2014037662;1;2;1;1;6;870;17/07/2014
2014037663;1;2;1;1;6;870;18/07/2014
2014037664;1;1;1;1;6;870;19/07/2014
2014037665;1;1;1;1;6;870;20/07/2014
2014037666;1;2;2;1;3;870;21/07/2014
2014037667;1;2;1;1;2;870;21/07/2014
2014037668;1;1;1;1;6;870;22/07/2014
2014037669;1;2;2;1;3;870;22/07/2014
2014037670;5;2;1;1;3;870;23/07/2014
2014037671;1;2;2;1;3;870;25/07/2014
2014037672;1;2;3;1;2;870;25/07/2014
2014037673;1;1;1;2;6;870;28/07/2014
2014037674;1;2;3;1;6;870;28/07/2014
2014037675;1;2;1;1;1;870;28/07/2014
2014037676;1;2;2;1;6;870;31/07/2014
2014037677;1;2;1;1;3;870;01/08/2014
2014037678;1;2;1;1;3;870;01/08/2014
2014037679;2;1;2;1;6;870;02/08/2014
2014037680;1;1;1;2;6;870;03/08/2014
2014037681;1;1;1;1;3;870;04/08/2014
2014037682;1;2;1;1;6;870;04/08/2014
2014037683;1;1;1;1;1;870;05/08/2014
2014037684;1;2;1;2;6;870;06/08/2014
2014037685;1;2;3;2;4;870;07/08/2014
2014037686;1;2;1;1;3;870;07/08/2014
2014037687;1;1;1;2;6;870;08/08/2014
2014037688;1;2;1;1;6;870;09/08/2014
2014037689;1;1;1;2;6;870;10/08/2014
2014037690;5;2;1;1;6;870;11/08/2014
2014037691;1;2;2;1;6;870;13/08/2014
2014037692;1;2;1;2;6;870;14/08/2014
2014037693;2;1;1;1;6;870;14/08/2014
2014037694;1;2;3;1;3;870;14/08/2014
2014037695;1;1;1;1;6;870;16/08/2014
2014037696;1;2;1;1;6;870;18/08/2014
2014037697;1;2;3;1;3;870;18/08/2014
2014037698;1;2;1;1;6;870;19/08/2014
2014037699;1;2;1;1;6;870;20/08/2014
2014037700;1;2;1;1;6;870;21/08/2014
2014037701;1;1;1;1;2;870;22/08/2014
2014037702;1;1;1;3;4;870;23/08/2014
2014037703;1;1;1;1;4;870;23/08/2014
2014037704;1;2;1;1;6;870;23/08/2014
2014037705;1;2;1;1;6;870;23/08/2014
2014037706;1;2;1;1;6;870;23/08/2014
2014037707;5;2;1;1;6;870;24/08/2014
2014037708;1;2;1;1;2;870;24/08/2014
2014037709;1;2;1;1;2;870;24/08/2014
2014037710;1;2;2;1;3;870;25/08/2014
2014037711;1;2;1;1;4;870;27/08/2014
2014037712;1;2;1;1;6;870;27/08/2014
2014037713;1;2;3;1;3;870;29/08/2014
2014037714;1;2;1;1;2;870;29/08/2014
2014037715;1;2;1;1;3;870;30/08/2014
2014037716;1;2;1;1;1;870;30/08/2014
2014037717;1;2;1;1;6;870;01/09/2014
2014037718;1;2;1;1;6;870;01/09/2014
2014037719;5;2;1;1;1;870;01/09/2014
2014037720;5;2;1;1;1;870;03/09/2014
2014037721;1;2;1;1;6;870;04/09/2014
2014037722;1;2;1;1;6;870;05/09/2014
2014037723;1;2;3;1;3;870;06/09/2014
2014037724;2;2;1;1;6;870;07/09/2014
2014037725;1;2;1;1;3;870;08/09/2014
2014037726;1;2;3;1;3;870;09/09/2014
2014037727;1;2;1;1;2;870;09/09/2014
2014037728;1;2;1;1;6;870;10/09/2014
2014037729;1;2;1;1;6;870;10/09/2014
2014037730;1;2;1;2;6;870;10/09/2014
2014037731;5;2;1;1;3;870;11/09/2014
2014037732;1;2;1;1;6;870;13/09/2014
2014037733;1;2;1;1;6;870;17/09/2014
2014037734;1;2;1;1;7;870;17/09/2014
2014037735;1;2;3;1;3;870;18/09/2014
2014037736;1;2;1;1;6;870;22/09/2014
2014037737;1;2;1;1;6;870;22/09/2014
2014037738;1;2;1;1;3;870;23/09/2014
2014037739;1;2;1;1;2;870;25/09/2014
2014037740;1;2;1;1;6;870;25/09/2014
2014037741;1;2;3;1;3;870;25/09/2014
2014037742;1;2;3;1;3;870;26/09/2014
2014037743;1;2;1;1;6;870;26/09/2014
2014037744;1;2;3;1;3;870;27/09/2014
2014037745;1;2;1;1;1;870;27/09/2014
2014037746;1;2;1;1;6;870;28/09/2014
2014037747;1;1;1;2;6;870;29/09/2014
2014037748;1;2;1;3;4;870;29/09/2014
2014037749;1;2;1;1;6;870;30/09/2014
2014037750;2;2;1;5;6;870;01/10/2014
2014037751;1;2;1;1;6;870;01/10/2014
2014037752;5;2;3;1;3;870;02/10/2014
2014037753;4;2;1;1;6;870;03/10/2014
2014037754;1;2;1;1;6;870;03/10/2014
2014037755;5;2;3;1;3;870;03/10/2014
2014037756;5;2;1;1;6;870;03/10/2014
2014037757;1;2;3;2;3;870;05/10/2014
2014037758;1;2;1;2;6;870;06/10/2014
2014037759;3;1;1;1;6;870;06/10/2014
2014037760;2;2;1;2;6;870;07/10/2014
2014037761;1;2;1;1;5;870;07/10/2014
2014037762;5;2;1;1;6;870;08/10/2014
2014037763;5;2;1;3;6;870;09/10/2014
2014037764;2;2;1;2;6;870;09/10/2014
2014037765;5;2;1;2;6;870;10/10/2014
2014037766;1;2;3;1;3;870;10/10/2014
2014037767;1;2;3;1;3;870;12/10/2014
2014037768;1;2;1;1;6;870;13/10/2014
2014037769;1;2;3;1;3;870;14/10/2014
2014037770;5;1;1;2;6;870;17/10/2014
2014037771;1;2;2;1;6;870;17/10/2014
2014037772;1;2;2;1;3;870;17/10/2014
2014037773;1;2;2;1;3;870;17/10/2014
2014037774;1;2;1;1;6;870;18/10/2014
2014037775;5;2;3;1;3;870;18/10/2014
2014037776;1;2;1;1;3;870;19/10/2014
2014037777;1;2;2;1;3;870;19/10/2014
2014037778;5;2;1;1;2;870;19/10/2014
2014037779;1;2;2;1;6;870;21/10/2014
2014037780;5;2;1;1;2;870;21/10/2014
2014037781;5;2;1;1;3;870;22/10/2014
2014037782;5;2;1;1;6;870;23/10/2014
2014037783;1;2;1;1;6;870;23/10/2014
2014037784;1;2;1;1;2;870;23/10/2014
2014037785;1;2;3;1;3;870;24/10/2014
2014037786;1;1;1;2;2;870;25/10/2014
2014037787;3;1;1;5;6;870;26/10/2014
2014037788;1;1;1;1;3;870;28/10/2014
2014037789;1;1;1;1;6;870;29/10/2014
2014037790;5;2;3;1;3;870;29/10/2014
2014037791;5;2;1;1;6;870;30/10/2014
2014037792;5;2;1;1;1;870;30/10/2014
2014037793;3;1;1;1;7;870;31/10/2014
2014037794;5;1;1;2;2;870;03/11/2014
2014037795;1;2;1;1;3;870;03/11/2014
2014037796;5;1;1;1;6;870;03/11/2014
2014037797;5;2;1;1;2;870;06/11/2014
2014037798;1;1;2;2;2;870;07/11/2014
2014037799;1;2;1;1;2;870;07/11/2014
2014037800;4;1;1;2;1;870;07/11/2014
2014037801;5;2;1;1;1;870;09/11/2014
2014037802;1;2;1;1;6;870;10/11/2014
2014037803;5;2;2;1;3;870;10/11/2014
2014037804;1;2;1;1;6;870;11/11/2014