num_acc;lum;agg;inter;atm;col;dep;date
2014037805;1;2;3;2;3;870;12/11/2014
2014037806;1;2;2;1;3;870;13/11/2014
2014037807;1;2;2;1;3;870;13/11/2014
2014037808;1;2;1;1;6;870;13/11/2014
2014037809;1;2;1;2;3;870;14/11/2014
2014037810;1;2;2;1;3;870;15/11/2014
2014037811;5;2;1;2;6;870;15/11/2014
2014037812;5;2;2;2;3;870;15/11/2014
2014037813;1;1;1;2;6;870;16/11/2014
2014037814;1;2;1;2;2;870;17/11/2014
2014037815;2;2;1;2;6;870;18/11/2014
2014037816;1;1;1;2;6;870;18/11/2014
2014037817;5;2;3;2;4;870;18/11/2014
2014037818;1;1;1;1;2;870;19/11/2014
2014037819;1;2;1;1;6;870;20/11/2014
2014037820;5;2;1;1;6;870;20/11/2014
2014037821;5;2;2;1;3;870;21/11/2014
2014037822;1;2;1;1;3;870;26/11/2014
2014037823;1;2;9;1;3;870;28/11/2014
2014037824;1;2;1;1;6;870;28/11/2014
2014037825;1;1;3;1;3;870;02/12/2014
2014037826;1;2;3;1;1;870;03/12/2014
2014037827;1;2;1;1;7;870;03/12/2014
2014037828;1;2;1;1;6;870;05/12/2014
2014037829;1;2;1;2;2;870;05/12/2014
2014037830;3;2;1;2;6;870;07/12/2014
2014037831;3;2;1;2;4;870;08/12/2014
2014037832;1;2;2;1;3;870;09/12/2014
2014037833;1;2;1;2;1;870;10/12/2014
2014037834;5;1;1;2;4;870;10/12/2014
2014037835;3;1;1;2;6;870;10/12/2014
2014037836;5;2;1;2;6;870;11/12/2014
2014037837;1;1;1;2;6;870;15/12/2014
2014037838;5;2;2;1;3;870;13/12/2014
2014037839;1;2;1;1;6;870;15/12/2014
2014037840;3;1;1;2;1;870;17/12/2014
2014037841;1;2;1;1;6;870;16/12/2014
2014037842;5;2;1;2;3;870;17/12/2014
2014037843;1;1;1;2;6;870;18/12/2014
2014037844;5;2;1;2;2;870;18/12/2014
2014037845;1;2;1;2;6;870;19/12/2014
2014037846;1;1;1;2;6;870;19/12/2014
2014037847;5;2;1;1;6;870;19/12/2014
2014037848;1;1;1;1;4;870;22/12/2014
2014037849;5;2;3;1;3;870;22/12/2014
2014037850;1;2;3;1;3;870;23/12/2014
2014037851;1;2;1;1;4;870;23/12/2014
2014037852;4;1;1;1;3;870;23/12/2014
2014037853;1;2;1;1;6;870;24/12/2014
2014037854;1;2;1;3;6;880;04/01/2014
2014037855;5;2;1;3;6;880;05/01/2014
2014037856;1;2;1;1;6;880;17/01/2014
2014037857;1;2;1;1;7;880;22/01/2014
2014037858;5;2;1;1;2;880;22/01/2014
2014037859;1;2;1;1;1;880;24/01/2014
2014037860;1;2;1;1;6;880;29/01/2014
2014037861;3;2;2;1;3;880;03/02/2014
2014037862;1;2;2;1;3;880;11/02/2014
2014037863;5;2;1;2;7;880;28/02/2014
2014037864;1;2;1;1;6;880;11/03/2014
2014037865;1;2;3;1;4;880;15/03/2014
2014037866;1;2;6;1;3;880;19/03/2014
2014037867;3;1;1;2;1;880;21/03/2014
2014037868;1;2;1;1;6;880;26/03/2014
2014037869;1;1;3;1;3;880;01/04/2014
2014037870;1;2;3;1;3;880;05/04/2014
2014037871;1;2;1;1;6;880;08/04/2014
2014037872;1;1;3;1;1;880;17/04/2014
2014037873;1;2;1;1;3;880;25/04/2014
2014037874;1;2;6;1;5;880;25/04/2014
2014037875;5;2;1;2;7;880;27/04/2014
2014037876;1;2;1;1;2;880;21/05/2014
2014037877;1;2;1;1;6;880;11/06/2014
2014037878;1;2;1;1;7;880;22/06/2014
2014037879;1;2;3;1;3;880;06/07/2014
2014037880;1;2;1;1;6;880;09/07/2014
2014037881;1;1;2;1;3;880;09/08/2014
2014037882;1;2;1;1;6;880;08/09/2014
2014037883;1;2;3;1;3;880;10/09/2014
2014037884;1;2;1;1;6;880;12/09/2014
2014037885;5;2;1;1;1;880;30/09/2014
2014037886;1;2;9;1;6;880;15/11/2014
2014037887;1;2;1;9;6;880;18/11/2014
2014037888;2;2;3;1;2;880;30/01/2014
2014037889;1;2;1;2;6;880;26/02/2014
2014037890;1;1;1;1;3;880;14/06/2014
2014037891;1;2;1;1;5;880;13/04/2014
2014037892;1;2;2;1;3;880;22/04/2014
2014037893;1;2;9;1;6;880;03/07/2014
2014037894;1;1;1;1;1;880;19/07/2014
2014037895;3;1;1;1;2;880;14/02/2014
2014037896;1;1;1;3;1;880;23/08/2014
2014037897;1;2;1;2;2;880;26/08/2014
2014037898;1;1;1;1;1;880;04/09/2014
2014037899;1;2;1;1;3;880;01/09/2014
2014037900;1;2;1;1;2;880;20/09/2014
2014037901;3;1;1;8;6;880;08/10/2014
2014037902;1;2;1;1;3;880;04/10/2014
2014037903;5;2;4;1;3;880;13/11/2014
2014037904;3;1;1;1;6;880;22/03/2014
2014037905;1;1;1;1;5;880;13/04/2014
2014037906;1;2;1;1;7;880;06/07/2014
2014037907;1;2;1;1;5;880;10/01/2014
2014037908;5;2;1;1;6;880;19/01/2014
2014037909;1;2;1;1;6;880;16/01/2014
2014037910;4;2;1;1;6;880;27/01/2014
2014037911;1;2;1;1;6;880;25/01/2014
2014037912;1;2;1;1;7;880;16/03/2014
2014037913;1;2;1;2;6;880;15/02/2014
2014037914;5;2;2;1;3;880;11/03/2014
2014037915;1;2;1;1;6;880;25/03/2014
2014037916;1;2;1;1;7;880;13/04/2014
2014037917;1;1;1;1;5;880;11/04/2014
2014037918;1;2;3;1;6;880;28/03/2014
2014037919;1;1;3;1;3;880;06/05/2014
2014037920;1;2;3;1;3;880;17/05/2014
2014037921;1;1;1;1;7;880;28/05/2014
2014037922;1;2;3;1;3;880;15/06/2014
2014037923;1;2;1;1;6;880;14/06/2014
2014037924;1;2;1;1;6;880;27/06/2014
2014037925;1;2;3;1;6;880;01/06/2014
2014037926;1;2;1;1;6;880;18/05/2014
2014037927;1;2;1;1;2;880;06/06/2014
2014037928;1;2;3;1;3;880;18/07/2014
2014037929;1;1;1;1;1;880;25/08/2014
2014037930;3;2;1;1;6;880;30/08/2014
2014037931;1;2;1;1;6;880;30/08/2014
2014037932;1;2;3;1;6;880;15/09/2014
2014037933;5;2;1;1;2;880;04/10/2014
2014037934;1;1;1;1;6;880;18/10/2014
2014037935;3;1;1;2;1;880;06/12/2014
2014037936;1;1;1;1;7;880;15/12/2014
2014037937;5;2;1;1;6;880;06/12/2014
2014037938;1;1;3;2;2;890;23/01/2014
2014037939;1;2;1;1;6;890;21/02/2014
2014037940;1;2;3;1;3;890;20/03/2014
2014037941;1;1;3;1;1;890;22/03/2014
2014037942;1;2;2;1;3;890;22/04/2014
2014037943;1;2;2;1;6;890;06/05/2014
2014037944;2;1;1;1;6;890;24/05/2014
2014037945;5;2;1;1;3;890;29/05/2014
2014037946;3;1;1;1;6;890;08/06/2014
2014037947;1;2;1;1;4;890;25/06/2014
2014037948;1;2;1;1;7;890;02/08/2014
2014037949;1;2;2;1;3;890;01/08/2014
2014037950;1;2;2;1;3;890;22/09/2014
2014037951;1;2;1;1;3;890;28/09/2014
2014037952;2;2;1;1;6;890;22/01/2014
2014037953;5;1;1;1;6;890;28/01/2014
2014037954;5;2;2;1;3;890;29/01/2014
2014037955;5;2;1;1;6;890;11/02/2014
2014037956;1;1;1;2;1;890;27/02/2014
2014037957;1;2;1;1;6;890;07/04/2014
2014037958;1;2;1;1;1;890;06/05/2014
2014037959;5;2;1;1;6;890;14/05/2014
2014037960;1;1;1;1;1;890;06/06/2014
2014037961;1;1;1;1;5;890;04/07/2014
2014037962;1;1;1;8;1;890;11/07/2014
2014037963;1;2;9;1;6;890;29/08/2014
2014037964;3;1;1;1;7;890;01/10/2014
2014037965;1;2;1;1;2;890;11/10/2014
2014037966;1;2;2;1;1;890;26/10/2014
2014037967;1;2;1;1;6;890;17/11/2014
2014037968;5;2;1;1;6;890;24/11/2014
2014037969;5;1;6;1;3;890;24/11/2014
2014037970;1;2;1;1;7;900;03/01/2014
2014037971;5;2;1;1;6;900;03/01/2014
2014037972;5;2;1;2;2;900;04/01/2014
2014037973;1;2;1;2;6;900;05/01/2014
2014037974;5;2;1;1;6;900;05/01/2014
2014037975;5;2;1;1;2;900;06/01/2014
2014037976;5;2;1;1;3;900;08/01/2014
2014037977;5;2;1;1;2;900;08/01/2014
2014037978;1;2;1;1;2;900;09/01/2014
2014037979;1;2;1;1;6;900;10/01/2014
2014037980;1;2;3;1;3;900;10/01/2014
2014037981;5;2;3;1;1;900;12/01/2014
2014037982;5;2;1;1;4;900;22/01/2014
2014037983;5;2;1;2;3;900;15/01/2014
2014037984;1;2;1;1;4;900;22/01/2014
2014037985;1;2;1;2;2;900;27/01/2014
2014037986;1;2;3;5;5;900;31/01/2014
2014037987;1;2;2;1;3;900;31/01/2014
2014037988;1;2;1;1;4;900;31/01/2014
2014037989;1;2;1;2;6;900;04/02/2014
2014037990;1;2;1;1;3;900;05/02/2014
2014037991;1;2;3;1;5;900;05/02/2014
2014037992;1;2;1;1;2;900;14/02/2014
2014037993;1;2;3;3;3;900;15/02/2014
2014037994;5;2;3;1;1;900;19/02/2014
2014037995;1;2;1;1;6;900;22/02/2014
2014037996;5;2;1;2;2;900;22/02/2014
2014037997;1;2;1;1;6;900;24/02/2014
2014037998;5;2;1;2;7;900;24/02/2014
2014037999;1;2;1;2;6;900;26/02/2014
2014038000;1;2;1;1;6;900;01/03/2014
2014038001;2;2;1;1;2;900;03/03/2014
2014038002;1;2;1;1;6;900;13/03/2014
2014038003;1;2;3;1;3;900;15/03/2014
2014038004;5;2;1;2;6;900;15/03/2014
2014038005;1;2;1;1;1;900;18/03/2014
2014038006;1;2;2;1;3;900;25/03/2014
2014038007;1;2;2;1;3;900;28/03/2014
2014038008;1;2;7;1;6;900;09/04/2014
2014038009;1;2;1;1;3;900;10/04/2014
2014038010;1;2;1;1;6;900;10/04/2014
2014038011;1;2;1;1;2;900;11/04/2014
2014038012;1;2;3;1;5;900;16/04/2014
2014038013;1;2;1;1;7;900;16/04/2014
2014038014;1;2;2;1;3;900;17/04/2014
2014038015;1;2;1;2;2;900;18/04/2014
2014038016;1;2;1;1;6;900;18/04/2014
2014038017;5;2;1;1;6;900;20/04/2014
2014038018;5;2;7;1;3;900;20/04/2014
2014038019;1;2;1;2;4;900;23/04/2014
2014038020;1;2;1;1;3;900;23/04/2014
2014038021;5;2;1;1;6;900;24/04/2014
2014038022;1;2;1;1;6;900;29/04/2014
2014038023;5;2;2;1;3;900;01/05/2014
2014038024;2;2;5;2;3;900;01/05/2014
2014038025;1;2;1;1;6;900;03/05/2014
2014038026;5;2;3;2;6;900;09/05/2014
2014038027;1;2;1;1;2;900;10/05/2014
2014038028;1;2;1;1;6;900;15/05/2014
2014038029;1;2;1;1;3;900;24/05/2014
2014038030;1;2;1;1;3;900;29/05/2014
2014038031;1;2;1;1;7;900;31/05/2014
2014038032;1;2;1;1;6;900;03/06/2014
2014038033;1;2;1;1;2;900;07/06/2014
2014038034;1;2;2;1;3;900;08/06/2014
2014038035;1;2;1;1;3;900;08/06/2014
2014038036;1;2;1;1;6;900;09/06/2014
2014038037;1;2;1;1;6;900;10/06/2014
2014038038;5;2;1;1;6;900;10/06/2014
2014038039;1;2;1;1;6;900;11/06/2014
2014038040;1;2;3;1;3;900;19/06/2014
2014038041;1;2;1;1;2;900;19/06/2014
2014038042;1;2;1;1;3;900;22/06/2014
2014038043;1;1;4;1;3;900;23/06/2014
2014038044;1;2;6;1;2;900;25/06/2014
2014038045;1;2;1;1;6;900;25/06/2014
2014038046;1;2;6;1;3;900;03/07/2014
2014038047;1;2;1;1;4;900;04/07/2014
2014038048;1;2;1;1;2;900;05/07/2014
2014038049;5;2;1;2;7;900;07/07/2014
2014038050;1;2;1;1;1;900;16/07/2014
2014038051;1;2;2;1;3;900;25/07/2014
2014038052;1;2;1;2;2;900;03/08/2014
2014038053;1;2;2;8;3;900;03/08/2014
2014038054;1;2;1;1;3;900;07/08/2014
2014038055;1;2;2;1;3;900;09/08/2014
2014038056;3;2;1;1;6;900;13/08/2014
2014038057;1;2;1;1;2;900;21/08/2014
2014038058;1;2;1;1;4;900;30/08/2014
2014038059;1;2;1;1;3;900;31/08/2014
2014038060;5;2;1;2;6;900;31/08/2014
2014038061;1;2;8;1;6;900;01/09/2014
2014038062;1;2;1;1;6;900;02/09/2014
2014038063;1;2;1;1;4;900;02/09/2014
2014038064;1;2;1;1;2;900;02/09/2014
2014038065;1;2;3;8;1;900;13/09/2014
2014038066;1;2;1;5;6;900;16/09/2014
2014038067;1;2;1;1;2;900;16/09/2014
2014038068;1;2;1;1;6;900;20/09/2014
2014038069;1;2;1;1;3;900;23/09/2014
2014038070;1;2;1;1;4;900;23/09/2014
2014038071;1;2;1;1;3;900;23/09/2014
2014038072;1;2;1;1;2;900;25/09/2014
2014038073;2;2;1;1;3;900;26/09/2014
2014038074;1;2;1;1;7;900;30/09/2014
2014038075;1;2;1;1;6;900;01/10/2014
2014038076;1;2;1;1;6;900;02/10/2014
2014038077;1;2;1;1;6;900;05/10/2014
2014038078;5;2;1;1;6;900;06/10/2014
2014038079;1;2;3;3;3;900;07/10/2014
2014038080;1;2;1;1;2;900;07/10/2014
2014038081;5;2;1;8;1;900;07/10/2014
2014038082;1;2;1;2;6;900;08/10/2014
2014038083;1;2;3;3;3;900;09/10/2014
2014038084;1;2;1;2;2;900;11/10/2014
2014038085;1;2;1;1;6;900;14/10/2014
2014038086;3;2;6;2;6;900;16/10/2014
2014038087;1;2;1;1;6;900;20/10/2014
2014038088;1;2;1;2;1;900;21/10/2014
2014038089;5;2;1;2;4;900;21/10/2014
2014038090;1;2;3;1;2;900;24/10/2014
2014038091;1;2;1;1;3;900;28/10/2014
2014038092;2;2;1;1;6;900;31/10/2014
2014038093;1;2;1;2;1;900;03/11/2014
2014038094;1;1;1;1;4;900;08/11/2014
2014038095;5;2;1;2;6;900;12/11/2014
2014038096;1;2;1;8;7;900;13/11/2014
2014038097;5;2;1;2;3;900;15/11/2014
2014038098;1;2;1;1;6;900;17/11/2014
2014038099;5;2;1;8;4;900;17/11/2014
2014038100;1;2;5;1;7;900;18/11/2014
2014038101;5;2;1;2;3;900;18/11/2014
2014038102;1;2;2;1;2;900;19/11/2014
2014038103;1;2;1;1;6;900;20/11/2014
2014038104;1;2;1;1;3;900;23/11/2014
2014038105;3;2;1;2;6;900;02/12/2014
2014038106;5;2;3;1;6;900;03/12/2014
2014038107;1;2;1;3;1;900;08/12/2014
2014038108;2;2;2;2;3;900;12/12/2014
2014038109;1;2;1;1;4;900;13/12/2014
2014038110;5;2;1;2;3;900;16/12/2014
2014038111;5;2;1;2;6;900;18/12/2014
2014038112;1;2;1;4;7;900;29/12/2014
2014038113;5;2;1;2;2;910;01/01/2014
2014038114;1;2;1;1;6;910;07/01/2014
2014038115;5;1;1;2;3;910;07/01/2014
2014038116;1;2;1;1;4;910;09/01/2014
2014038117;1;1;1;1;2;910;09/01/2014
2014038118;1;1;1;1;2;910;19/01/2014
2014038119;5;1;1;1;2;910;22/01/2014
2014038120;5;2;1;2;1;910;23/01/2014
2014038121;2;2;1;1;3;910;27/01/2014
2014038122;1;2;1;1;3;910;28/01/2014
2014038123;1;2;2;2;1;910;05/02/2014
2014038124;1;2;2;1;3;910;12/02/2014
2014038125;5;2;1;1;3;910;19/02/2014
2014038126;1;2;3;2;5;910;03/03/2014
2014038127;1;2;1;1;3;910;07/03/2014
2014038128;1;2;1;1;5;910;09/03/2014
2014038129;1;2;1;1;6;910;12/03/2014
2014038130;1;2;1;1;3;910;14/03/2014
2014038131;1;2;1;1;2;910;16/03/2014
2014038132;1;2;1;1;1;910;26/03/2014
2014038133;1;2;1;1;2;910;31/03/2014
2014038134;1;2;1;1;4;910;05/04/2014
2014038135;1;1;1;1;2;910;09/04/2014
2014038136;1;2;1;1;2;910;10/04/2014
2014038137;1;2;1;1;6;910;14/04/2014
2014038138;1;2;1;1;2;910;16/04/2014
2014038139;1;2;1;1;2;910;17/04/2014
2014038140;1;2;1;1;2;910;17/04/2014
2014038141;3;1;1;1;2;910;18/04/2014
2014038142;1;1;1;1;3;910;03/05/2014
2014038143;1;2;1;1;2;910;05/05/2014
2014038144;1;2;1;1;1;910;10/05/2014
2014038145;1;2;1;1;6;910;20/05/2014
2014038146;1;2;1;1;2;910;20/05/2014
2014038147;1;2;1;1;6;910;22/05/2014
2014038148;1;2;1;1;6;910;31/05/2014
2014038149;1;1;1;1;3;910;01/06/2014
2014038150;1;1;6;2;3;910;04/06/2014
2014038151;1;2;1;1;2;910;07/06/2014
2014038152;1;2;1;1;3;910;07/06/2014
2014038153;1;1;6;1;3;910;08/06/2014
2014038154;1;2;1;1;2;910;11/06/2014
2014038155;1;2;1;1;3;910;11/06/2014
2014038156;1;2;1;1;4;910;16/06/2014
2014038157;5;2;2;1;3;910;16/06/2014
2014038158;1;2;1;1;6;910;17/06/2014
2014038159;1;2;1;1;4;910;18/06/2014
2014038160;1;2;1;1;2;910;19/06/2014
2014038161;1;2;2;1;1;910;19/06/2014
2014038162;1;2;1;1;3;910;23/06/2014
2014038163;1;2;2;1;3;910;25/06/2014
2014038164;1;2;1;1;3;910;26/06/2014
2014038165;1;2;1;2;6;910;28/06/2014
2014038166;1;2;1;1;3;910;12/07/2014
2014038167;1;2;1;1;3;910;12/07/2014
2014038168;1;2;1;1;4;910;18/07/2014
2014038169;3;1;1;1;1;910;21/07/2014
2014038170;1;1;1;1;2;910;24/07/2014
2014038171;1;2;1;1;3;910;24/07/2014
2014038172;1;2;1;1;3;910;27/07/2014
2014038173;2;2;1;1;3;910;29/07/2014
2014038174;1;2;1;1;5;910;29/07/2014
2014038175;3;1;1;1;6;910;12/08/2014
2014038176;1;2;2;1;5;910;12/08/2014
2014038177;1;2;1;1;6;910;19/08/2014
2014038178;1;1;1;1;2;910;04/09/2014
2014038179;1;2;1;1;2;910;06/09/2014
2014038180;1;2;1;1;6;910;12/09/2014
2014038181;1;2;1;1;2;910;16/09/2014
2014038182;1;2;1;1;2;910;27/09/2014
2014038183;1;2;1;1;3;910;30/09/2014
2014038184;1;2;1;1;5;910;03/10/2014
2014038185;1;2;1;1;2;910;03/10/2014
2014038186;1;2;6;1;3;910;04/10/2014
2014038187;5;2;1;2;2;910;06/10/2014
2014038188;1;2;1;1;6;910;07/10/2014
2014038189;1;2;1;1;1;910;13/10/2014
2014038190;1;2;1;1;2;910;14/10/2014
2014038191;1;2;1;1;1;910;18/10/2014
2014038192;1;2;1;1;6;910;19/10/2014
2014038193;1;2;1;1;6;910;19/10/2014
2014038194;1;2;3;1;3;910;26/10/2014
2014038195;5;2;1;1;3;910;24/10/2014
2014038196;5;2;1;1;6;910;27/10/2014
2014038197;1;2;1;1;3;910;31/10/2014
2014038198;5;1;1;1;3;910;07/11/2014
2014038199;5;2;1;1;6;910;08/11/2014
2014038200;5;2;1;1;6;910;08/11/2014
2014038201;1;2;1;1;2;910;09/11/2014
2014038202;5;2;1;1;2;910;12/11/2014
2014038203;1;2;1;2;1;910;14/11/2014
2014038204;1;1;1;2;6;910;16/11/2014
2014038205;1;2;1;1;7;910;16/11/2014
2014038206;3;2;1;2;5;910;17/11/2014
2014038207;5;2;1;5;2;910;19/11/2014
2014038208;1;2;1;1;3;910;28/11/2014
2014038209;1;2;2;1;3;910;29/11/2014
2014038210;5;2;1;1;1;910;04/12/2014
2014038211;1;2;1;1;2;910;04/12/2014
2014038212;5;2;1;1;6;910;04/12/2014
2014038213;5;2;1;1;7;910;05/12/2014
2014038214;5;2;1;1;2;910;05/12/2014
2014038215;1;2;1;1;2;910;06/12/2014
2014038216;1;2;1;9;7;910;09/12/2014
2014038217;5;2;1;1;7;910;09/12/2014
2014038218;5;2;1;2;6;910;10/12/2014
2014038219;1;2;1;1;4;910;11/12/2014
2014038220;1;2;1;8;1;910;14/12/2014
2014038221;5;2;1;1;1;910;15/12/2014
2014038222;5;2;1;2;6;910;15/12/2014
2014038223;5;2;1;2;6;910;17/12/2014
2014038224;1;2;1;2;6;910;17/12/2014
2014038225;1;2;2;1;1;910;18/12/2014
2014038226;3;2;1;1;2;910;20/12/2014
2014038227;1;2;1;1;1;910;30/12/2014
2014038228;1;2;2;1;6;910;30/12/2014
2014038229;1;2;1;1;2;910;09/02/2014
2014038230;1;2;1;1;6;910;20/02/2014
2014038231;1;1;2;1;6;910;04/01/2014
2014038232;1;1;1;1;2;910;25/05/2014
2014038233;1;2;3;1;1;910;09/06/2014
2014038234;5;2;1;1;2;910;30/09/2014
2014038235;1;2;1;1;6;910;10/07/2014
2014038236;1;2;1;1;6;910;10/10/2014
2014038237;1;2;1;1;2;910;02/11/2014
2014038238;2;2;2;1;3;910;06/11/2014
2014038239;5;2;1;1;5;910;19/11/2014
2014038240;5;1;1;1;3;910;19/11/2014
2014038241;5;2;1;1;5;910;18/11/2014
2014038242;1;2;1;2;6;910;03/12/2014
2014038243;4;2;1;1;4;910;21/12/2014
2014038244;2;2;6;2;3;910;15/01/2014
2014038245;1;2;1;2;2;910;15/01/2014
2014038246;1;2;6;2;6;910;16/01/2014
2014038247;1;2;1;1;2;910;21/01/2014
2014038248;4;2;1;1;3;910;21/01/2014
2014038249;2;2;2;1;1;910;30/01/2014
2014038250;5;2;6;1;6;910;02/02/2014
2014038251;2;2;6;1;3;910;03/02/2014
2014038252;1;2;1;1;2;910;08/02/2014
2014038253;1;2;1;1;2;910;10/02/2014
2014038254;1;2;6;1;3;910;11/02/2014
2014038255;5;2;1;1;1;910;15/02/2014
2014038256;5;2;1;1;2;910;26/02/2014
2014038257;1;2;1;3;2;910;27/02/2014
2014038258;1;2;1;1;6;910;02/03/2014
2014038259;1;2;1;1;1;910;01/03/2014
2014038260;1;2;1;1;2;910;10/03/2014
2014038261;5;2;1;1;3;910;09/03/2014
2014038262;1;2;1;1;3;910;14/03/2014
2014038263;1;2;1;1;3;910;30/03/2014
2014038264;1;2;1;1;2;910;01/04/2014
2014038265;1;2;1;1;3;910;18/04/2014
2014038266;1;2;1;1;5;910;17/05/2014
2014038267;1;2;1;1;2;910;18/05/2014
2014038268;1;2;1;2;2;910;21/05/2014
2014038269;1;2;1;1;6;910;29/05/2014
2014038270;1;2;1;1;2;910;05/06/2014
2014038271;1;2;3;1;1;910;13/06/2014
2014038272;1;2;1;1;3;910;15/06/2014
2014038273;1;2;1;1;2;910;18/06/2014
2014038274;1;2;1;1;6;910;23/06/2014
2014038275;1;2;1;1;1;910;05/06/2014
2014038276;1;2;1;1;6;910;05/06/2014
2014038277;1;2;1;1;2;910;30/06/2014
2014038278;1;2;4;1;3;910;02/07/2014
2014038279;1;2;1;2;2;910;06/07/2014
2014038280;1;2;1;1;4;910;07/07/2014
2014038281;1;2;1;2;6;910;13/07/2014
2014038282;1;2;3;8;4;910;21/07/2014
2014038283;1;2;1;1;6;910;03/08/2014
2014038284;1;2;1;2;2;910;06/08/2014
2014038285;1;2;1;1;2;910;11/08/2014
2014038286;1;2;1;1;2;910;18/08/2014
2014038287;1;2;3;1;3;910;22/08/2014
2014038288;1;2;1;1;6;910;30/08/2014
2014038289;1;2;1;1;2;910;31/08/2014
2014038290;1;2;3;1;3;910;19/09/2014
2014038291;1;2;3;1;1;910;24/09/2014
2014038292;1;2;1;1;3;910;30/09/2014
2014038293;1;1;9;1;5;910;06/10/2014
2014038294;1;2;1;2;6;910;09/10/2014
2014038295;3;1;1;1;6;910;12/10/2014
2014038296;1;2;1;1;3;910;12/10/2014
2014038297;1;2;3;1;6;910;13/10/2014
2014038298;1;2;1;1;2;910;14/10/2014
2014038299;1;2;1;1;6;910;15/10/2014
2014038300;5;2;1;1;7;910;19/10/2014
2014038301;1;2;3;1;1;910;04/11/2014
2014038302;1;2;6;1;1;910;04/11/2014
2014038303;1;2;1;1;5;910;05/11/2014
2014038304;2;2;2;1;3;910;12/11/2014
2014038305;1;2;1;1;6;910;14/11/2014
2014038306;1;1;1;1;2;910;11/12/2014
2014038307;1;1;1;1;2;910;13/12/2014
2014038308;1;2;6;1;3;910;26/12/2014
2014038309;5;2;1;1;2;910;26/12/2014
2014038310;1;2;1;1;2;910;30/12/2014
2014038311;1;2;1;9;1;910;18/11/2014
2014038312;1;2;6;9;2;910;15/12/2014
2014038313;1;2;6;1;3;910;14/11/2014
2014038314;5;2;1;1;1;910;16/12/2014
2014038315;5;2;1;1;6;910;17/12/2014
2014038316;1;2;1;1;3;910;06/10/2014
2014038317;5;2;1;1;6;910;04/10/2014
2014038318;1;2;1;2;6;910;11/02/2014
2014038319;3;2;9;1;6;910;26/10/2014
2014038320;1;2;1;1;3;910;22/02/2014
2014038321;1;2;1;2;3;910;12/12/2014
2014038322;1;2;1;1;6;910;21/02/2014
2014038323;5;2;6;1;1;910;12/11/2014
2014038324;1;2;1;1;1;910;21/02/2014
2014038325;1;2;2;1;2;910;10/03/2014
2014038326;1;2;6;1;3;910;14/03/2014
2014038327;1;2;1;1;6;910;29/03/2014
2014038328;5;2;1;1;6;910;28/02/2014
2014038329;5;2;1;1;6;910;21/02/2014
2014038330;1;2;1;1;6;910;04/04/2014
2014038331;1;2;9;1;6;910;14/02/2014
2014038332;1;2;9;1;6;910;30/04/2014
2014038333;1;2;1;1;3;910;25/04/2014
2014038334;5;2;1;1;6;910;12/03/2014
2014038335;1;2;1;1;2;910;09/03/2014
2014038336;1;2;1;1;6;910;15/05/2014
2014038337;1;2;1;1;2;910;16/05/2014
2014038338;1;2;1;1;3;910;05/06/2014
2014038339;1;2;1;1;6;910;02/03/2014
2014038340;1;2;6;2;2;910;26/05/2014
2014038341;1;2;1;1;2;910;11/06/2014
2014038342;1;2;3;1;3;910;22/04/2014
2014038343;1;2;3;1;5;910;25/04/2014
2014038344;1;2;1;1;3;910;01/04/2014
2014038345;1;2;1;1;2;910;11/07/2014
2014038346;1;2;1;1;4;910;31/07/2014
2014038347;1;2;1;1;6;910;27/08/2014
2014038348;1;2;6;1;3;910;28/06/2014
2014038349;1;2;1;1;1;910;12/04/2014
2014038350;1;2;1;1;6;910;15/05/2014
2014038351;1;2;3;9;3;910;27/06/2014
2014038352;1;2;1;1;3;910;08/09/2014
2014038353;1;2;1;1;6;910;09/09/2014
2014038354;1;2;1;1;6;910;11/10/2014
2014038355;5;2;1;2;6;910;29/09/2014
2014038356;1;2;2;1;3;910;30/09/2014
2014038357;5;2;6;2;3;910;29/09/2014
2014038358;1;2;1;1;3;910;28/10/2014
2014038359;1;2;1;1;3;910;04/09/2014
2014038360;1;2;1;1;2;910;25/09/2014
2014038361;1;2;2;1;3;910;04/01/2014
2014038362;1;2;1;1;6;910;07/01/2014
2014038363;1;2;1;2;2;910;06/01/2014
2014038364;5;2;2;1;3;910;12/01/2014
2014038365;5;2;1;1;6;910;14/01/2014
2014038366;1;2;1;2;3;910;27/01/2014
2014038367;5;2;1;2;6;910;28/01/2014
2014038368;1;2;1;1;3;910;09/02/2014
2014038369;1;2;1;1;6;910;09/02/2014
2014038370;2;2;1;1;2;910;03/03/2014
2014038371;1;2;1;1;6;910;06/03/2014
2014038372;1;2;1;1;6;910;08/03/2014
2014038373;2;2;1;1;4;910;27/03/2014
2014038374;1;2;2;1;6;910;22/02/2014
2014038375;5;2;2;1;3;910;02/04/2014
2014038376;1;2;1;1;3;910;04/06/2014
2014038377;5;2;1;1;6;910;08/06/2014
2014038378;1;2;2;1;2;910;23/06/2014
2014038379;5;2;1;9;6;910;01/07/2014
2014038380;1;2;1;1;6;910;18/07/2014
2014038381;1;2;1;1;6;910;02/03/2014
2014038382;2;2;1;1;6;910;30/07/2014
2014038383;1;2;2;1;1;910;22/08/2014
2014038384;1;2;1;1;2;910;27/02/2014