num_acc;lum;agg;inter;atm;col;dep;date
2014041287;1;2;1;1;5;920;20/12/2014
2014041288;2;2;1;2;6;920;24/01/2014
2014041289;1;2;1;1;2;920;09/02/2014
2014041290;4;2;1;1;7;920;13/02/2014
2014041291;1;2;1;7;6;920;05/03/2014
2014041292;5;2;1;1;6;920;14/03/2014
2014041293;1;2;1;1;5;920;16/03/2014
2014041294;1;2;1;1;6;920;09/04/2014
2014041295;1;2;1;1;6;920;15/04/2014
2014041296;1;2;1;1;2;920;16/04/2014
2014041297;1;2;1;1;2;920;18/04/2014
2014041298;2;2;2;1;3;920;24/04/2014
2014041299;1;2;1;2;7;920;26/04/2014
2014041300;1;2;1;1;2;920;05/06/2014
2014041301;1;2;2;1;3;920;14/06/2014
2014041302;5;2;1;1;6;920;17/06/2014
2014041303;1;2;1;1;7;920;27/06/2014
2014041304;1;2;1;1;7;920;29/06/2014
2014041305;1;2;1;1;2;920;30/06/2014
2014041306;1;2;1;1;5;920;03/07/2014
2014041307;1;2;1;2;5;920;04/08/2014
2014041308;1;2;1;1;6;920;16/09/2014
2014041309;1;2;1;1;6;920;22/09/2014
2014041310;1;2;2;1;3;920;18/10/2014
2014041311;3;2;1;1;7;920;20/10/2014
2014041312;1;2;9;1;3;920;29/10/2014
2014041313;5;2;1;1;2;920;02/11/2014
2014041314;5;2;1;1;3;920;06/11/2014
2014041315;1;2;3;1;2;920;12/11/2014
2014041316;5;2;1;1;7;920;10/11/2014
2014041317;1;2;1;1;6;920;15/11/2014
2014041318;1;2;4;2;3;920;18/11/2014
2014041319;4;2;1;1;3;920;01/12/2014
2014041320;2;2;1;1;2;920;29/12/2014
2014041321;1;2;3;1;6;930;03/01/2014
2014041322;5;2;3;1;3;930;03/01/2014
2014041323;5;2;2;1;3;930;06/01/2014
2014041324;5;2;3;1;3;930;10/01/2014
2014041325;5;2;1;5;6;930;12/01/2014
2014041326;1;2;1;1;3;930;11/01/2014
2014041327;1;2;1;2;6;930;16/01/2014
2014041328;1;2;1;1;2;930;23/01/2014
2014041329;1;2;2;1;3;930;01/02/2014
2014041330;1;2;9;1;4;930;03/02/2014
2014041331;5;2;1;1;2;930;13/02/2014
2014041332;1;2;1;8;2;930;14/02/2014
2014041333;5;1;1;1;6;930;20/02/2014
2014041334;5;2;2;1;3;930;03/03/2014
2014041335;5;2;1;1;6;930;10/03/2014
2014041336;1;2;2;1;1;930;11/03/2014
2014041337;1;2;1;1;3;930;13/03/2014
2014041338;1;2;1;1;6;930;15/03/2014
2014041339;1;2;2;1;6;930;17/03/2014
2014041340;1;2;1;1;6;930;17/03/2014
2014041341;1;1;1;1;6;930;18/03/2014
2014041342;5;2;1;1;3;930;18/03/2014
2014041343;1;2;2;2;3;930;25/03/2014
2014041344;1;2;1;1;3;930;01/04/2014
2014041345;2;2;1;1;6;930;03/04/2014
2014041346;1;2;1;1;4;930;07/04/2014
2014041347;1;2;1;1;6;930;09/04/2014
2014041348;1;2;1;1;6;930;11/04/2014
2014041349;5;2;1;1;6;930;14/04/2014
2014041350;1;2;1;1;6;930;17/04/2014
2014041351;5;2;1;1;3;930;19/04/2014
2014041352;5;2;2;1;3;930;20/04/2014
2014041353;1;2;1;1;3;930;25/04/2014
2014041354;1;2;3;2;3;930;26/04/2014
2014041355;1;2;8;1;6;930;28/04/2014
2014041356;1;2;1;1;3;930;28/04/2014
2014041357;1;2;1;2;2;930;29/04/2014
2014041358;1;2;1;1;6;930;05/05/2014
2014041359;1;2;1;1;6;930;06/05/2014
2014041360;1;2;1;1;6;930;09/05/2014
2014041361;1;2;1;1;3;930;14/05/2014
2014041362;1;2;1;1;3;930;14/05/2014
2014041363;1;2;1;1;3;930;14/05/2014
2014041364;1;2;1;1;6;930;15/05/2014
2014041365;1;2;2;1;1;930;16/05/2014
2014041366;1;2;1;1;6;930;22/05/2014
2014041367;5;2;2;1;3;930;23/05/2014
2014041368;1;2;1;8;3;930;24/05/2014
2014041369;1;2;1;2;3;930;26/05/2014
2014041370;1;2;1;8;3;930;28/05/2014
2014041371;1;2;1;8;6;930;29/05/2014
2014041372;1;2;1;1;3;930;30/05/2014
2014041373;1;2;1;1;7;930;30/05/2014
2014041374;1;2;6;1;4;930;31/05/2014
2014041375;1;1;1;2;7;930;04/06/2014
2014041376;5;2;2;1;3;930;05/06/2014
2014041377;1;2;1;1;3;930;06/06/2014
2014041378;1;2;1;1;6;930;06/06/2014
2014041379;5;2;1;1;3;930;07/06/2014
2014041380;1;2;1;1;2;930;08/06/2014
2014041381;1;2;2;1;3;930;09/06/2014
2014041382;5;2;2;1;3;930;13/06/2014
2014041383;5;2;2;1;3;930;14/06/2014
2014041384;1;2;2;1;3;930;16/06/2014
2014041385;1;2;1;1;6;930;17/06/2014
2014041386;1;2;1;1;5;930;19/06/2014
2014041387;2;2;1;1;2;930;19/06/2014
2014041388;1;2;1;1;2;930;23/06/2014
2014041389;1;2;1;1;5;930;24/06/2014
2014041390;1;2;1;1;6;930;02/07/2014
2014041391;1;2;3;1;3;930;02/07/2014
2014041392;1;2;1;1;6;930;03/07/2014
2014041393;5;2;1;1;6;930;05/07/2014
2014041394;1;2;1;1;3;930;06/07/2014
2014041395;5;2;1;1;6;930;02/07/2014
2014041396;1;2;1;2;6;930;10/07/2014
2014041397;1;2;3;1;3;930;10/07/2014
2014041398;1;2;1;1;6;930;15/07/2014
2014041399;1;2;1;1;3;930;16/07/2014
2014041400;1;2;2;1;3;930;20/07/2014
2014041401;1;2;1;1;7;930;20/07/2014
2014041402;1;2;1;1;6;930;20/07/2014
2014041403;1;2;2;1;1;930;21/07/2014
2014041404;5;2;3;1;3;930;22/07/2014
2014041405;1;2;1;1;6;930;30/07/2014
2014041406;1;2;1;1;6;930;04/08/2014
2014041407;1;2;1;1;6;930;05/08/2014
2014041408;1;2;1;1;2;930;12/08/2014
2014041409;5;2;3;8;3;930;13/08/2014
2014041410;1;2;1;1;6;930;13/08/2014
2014041411;1;2;1;1;2;930;14/08/2014
2014041412;1;2;2;1;3;930;19/08/2014
2014041413;1;2;1;1;6;930;19/08/2014
2014041414;1;2;2;2;3;930;22/08/2014
2014041415;2;2;1;3;2;930;25/08/2014
2014041416;1;2;1;1;3;930;26/08/2014
2014041417;5;2;1;2;2;930;26/08/2014
2014041418;1;2;1;1;6;930;27/08/2014
2014041419;1;2;1;1;6;930;27/08/2014
2014041420;1;2;1;1;1;930;29/08/2014
2014041421;1;2;1;1;6;930;29/08/2014
2014041422;5;2;2;1;2;930;30/08/2014
2014041423;1;2;1;1;6;930;01/09/2014
2014041424;1;2;1;1;6;930;04/09/2014
2014041425;1;2;2;1;6;930;05/09/2014
2014041426;1;2;9;1;3;930;15/09/2014
2014041427;5;2;1;1;6;930;16/09/2014
2014041428;1;2;1;1;6;930;16/09/2014
2014041429;1;2;1;1;6;930;16/09/2014
2014041430;1;2;1;1;2;930;18/09/2014
2014041431;1;2;1;1;2;930;18/09/2014
2014041432;1;2;1;1;6;930;24/09/2014
2014041433;5;2;1;1;3;930;27/09/2014
2014041434;1;2;1;1;6;930;01/10/2014
2014041435;1;2;1;1;6;930;02/10/2014
2014041436;1;2;2;3;3;930;08/10/2014
2014041437;1;2;1;3;6;930;08/10/2014
2014041438;1;2;1;1;3;930;09/10/2014
2014041439;5;2;1;1;6;930;15/10/2014
2014041440;1;2;3;2;6;930;15/10/2014
2014041441;1;2;1;2;6;930;15/10/2014
2014041442;1;2;1;1;6;930;18/10/2014
2014041443;1;2;1;1;6;930;21/10/2014
2014041444;5;2;2;1;3;930;22/10/2014
2014041445;1;2;1;1;3;930;23/10/2014
2014041446;1;2;3;1;3;930;26/10/2014
2014041447;1;2;1;1;3;930;30/10/2014
2014041448;5;2;1;1;3;930;01/11/2014
2014041449;1;2;4;1;3;930;05/11/2014
2014041450;5;2;1;1;6;930;06/11/2014
2014041451;2;2;2;2;6;930;07/11/2014
2014041452;5;2;1;1;2;930;08/11/2014
2014041453;5;2;3;1;2;930;10/11/2014
2014041454;1;2;2;1;3;930;14/11/2014
2014041455;5;2;2;1;3;930;16/11/2014
2014041456;1;2;3;8;3;930;19/11/2014
2014041457;5;2;1;1;6;930;19/11/2014
2014041458;5;2;1;1;3;930;19/11/2014
2014041459;5;2;1;1;6;930;19/11/2014
2014041460;1;2;4;9;3;930;27/11/2014
2014041461;1;2;3;2;3;930;08/12/2014
2014041462;5;2;0;1;1;930;11/12/2014
2014041463;3;2;4;2;3;930;15/12/2014
2014041464;1;2;0;2;6;930;19/12/2014
2014041465;1;2;2;1;3;930;20/12/2014
2014041466;5;2;2;2;3;930;20/12/2014
2014041467;5;2;2;1;3;930;21/12/2014
2014041468;4;2;0;2;6;930;24/12/2014
2014041469;1;2;0;1;3;930;26/12/2014
2014041470;1;2;0;1;6;930;31/12/2014
2014041471;5;2;1;2;3;930;01/01/2014
2014041472;2;2;0;2;3;930;16/12/2014
2014041473;5;2;3;1;2;930;05/01/2014
2014041474;1;2;6;1;1;930;04/01/2014
2014041475;1;2;2;1;3;930;07/01/2014
2014041476;1;2;1;1;6;930;07/01/2014
2014041477;2;2;1;2;5;930;07/01/2014
2014041478;1;2;1;2;2;930;09/01/2014
2014041479;5;2;1;1;2;930;02/02/2014
2014041480;1;2;1;1;2;930;11/01/2014
2014041481;1;2;2;1;3;930;08/02/2014
2014041482;1;2;1;1;2;930;13/01/2014
2014041483;1;2;2;1;3;930;17/02/2014
2014041484;5;2;1;2;6;930;14/01/2014
2014041485;1;2;1;2;6;930;15/01/2014
2014041486;1;2;1;2;2;930;15/01/2014
2014041487;5;2;1;2;2;930;15/01/2014
2014041488;1;2;6;1;3;930;18/01/2014
2014041489;5;2;1;1;2;930;12/03/2014
2014041490;5;2;1;1;3;930;18/01/2014
2014041491;1;1;1;1;6;930;28/03/2014
2014041492;1;2;1;1;2;930;19/01/2014
2014041493;1;2;1;1;6;930;01/04/2014
2014041494;1;2;1;1;3;930;22/01/2014
2014041495;1;2;1;1;6;930;03/04/2014
2014041496;5;2;1;2;6;930;28/01/2014
2014041497;1;2;1;1;6;930;06/04/2014
2014041498;1;1;1;1;7;930;31/01/2014
2014041499;1;2;1;1;6;930;10/04/2014
2014041500;1;2;3;1;6;930;10/04/2014
2014041501;1;2;1;1;3;930;02/02/2014
2014041502;1;2;1;1;6;930;10/04/2014
2014041503;1;2;1;1;2;930;03/02/2014
2014041504;1;2;1;1;1;930;13/04/2014
2014041505;1;2;1;2;1;930;06/02/2014
2014041506;1;2;1;1;2;930;19/04/2014
2014041507;2;2;7;8;3;930;26/04/2014
2014041508;5;2;1;8;2;930;08/02/2014
2014041509;2;2;1;1;6;930;13/05/2014
2014041510;5;2;1;1;3;930;10/02/2014
2014041511;2;2;1;3;6;930;13/02/2014
2014041512;1;2;6;2;6;930;13/02/2014
2014041513;1;2;3;2;6;930;03/03/2014
2014041514;1;2;1;1;3;930;04/03/2014
2014041515;5;2;1;1;2;930;04/03/2014
2014041516;1;2;1;1;2;930;08/03/2014
2014041517;1;2;1;1;3;930;10/03/2014
2014041518;1;2;1;1;3;930;12/03/2014
2014041519;1;2;3;1;1;930;16/03/2014
2014041520;1;2;1;1;3;930;16/03/2014
2014041521;1;2;1;1;2;930;18/03/2014
2014041522;5;2;1;1;6;930;24/03/2014
2014041523;1;2;1;1;3;930;24/03/2014
2014041524;1;2;1;1;6;930;27/03/2014
2014041525;5;2;1;1;3;930;27/03/2014
2014041526;1;2;4;1;3;930;28/03/2014
2014041527;2;2;2;1;3;930;03/04/2014
2014041528;5;2;1;1;4;930;05/04/2014
2014041529;1;2;6;1;6;930;10/04/2014
2014041530;1;2;1;1;6;930;11/04/2014
2014041531;4;2;1;1;1;930;13/04/2014
2014041532;1;2;1;1;6;930;14/04/2014
2014041533;1;2;2;1;1;930;16/04/2014
2014041534;1;2;1;1;2;930;19/04/2014
2014041535;5;2;1;1;3;930;26/04/2014
2014041536;2;2;3;2;3;930;29/04/2014
2014041537;1;2;1;1;4;930;02/05/2014
2014041538;1;2;6;1;6;930;03/05/2014
2014041539;1;2;3;1;3;930;04/05/2014
2014041540;1;2;1;1;3;930;05/05/2014
2014041541;5;2;1;1;3;930;05/05/2014
2014041542;1;2;1;2;6;930;07/05/2014
2014041543;5;2;1;2;7;930;08/05/2014
2014041544;1;2;2;1;3;930;09/05/2014
2014041545;1;2;3;1;6;930;09/05/2014
2014041546;1;2;1;2;6;930;12/05/2014
2014041547;5;2;2;1;3;930;17/05/2014
2014041548;1;2;3;7;6;930;18/05/2014
2014041549;1;2;1;1;6;930;19/05/2014
2014041550;1;2;2;1;6;930;19/05/2014
2014041551;5;2;3;1;3;930;19/05/2014
2014041552;5;2;1;1;6;930;22/05/2014
2014041553;1;2;1;1;6;930;24/05/2014
2014041554;1;2;1;1;6;930;25/05/2014
2014041555;5;2;3;8;6;930;02/06/2014
2014041556;5;2;2;1;5;930;05/06/2014
2014041557;1;2;1;1;2;930;06/06/2014
2014041558;1;2;1;1;6;930;06/06/2014
2014041559;1;2;1;1;6;930;06/06/2014
2014041560;1;2;1;1;6;930;07/06/2014
2014041561;1;2;3;2;3;930;10/06/2014
2014041562;1;2;1;1;6;930;11/06/2014
2014041563;1;2;1;1;2;930;13/06/2014
2014041564;1;2;4;1;1;930;15/06/2014
2014041565;1;1;6;1;6;930;15/06/2014
2014041566;1;2;2;1;3;930;18/06/2014
2014041567;1;2;1;1;6;930;21/06/2014
2014041568;1;2;2;1;3;930;24/06/2014
2014041569;1;2;1;1;6;930;26/06/2014
2014041570;1;2;1;1;6;930;01/07/2014
2014041571;1;2;2;1;7;930;01/07/2014
2014041572;1;2;1;1;6;930;01/07/2014
2014041573;1;2;1;1;6;930;04/07/2014
2014041574;1;2;2;1;3;930;08/07/2014
2014041575;1;2;3;3;2;930;09/07/2014
2014041576;5;2;3;1;4;930;13/07/2014
2014041577;1;2;1;1;7;930;17/07/2014
2014041578;1;2;1;1;6;930;19/07/2014
2014041579;2;2;6;2;6;930;20/07/2014
2014041580;5;2;1;1;3;930;23/07/2014
2014041581;1;2;3;1;6;930;24/07/2014
2014041582;5;2;1;1;6;930;26/07/2014
2014041583;1;2;3;1;3;930;28/07/2014
2014041584;1;2;1;1;3;930;28/07/2014
2014041585;1;2;1;1;1;930;30/07/2014
2014041586;1;2;3;1;1;930;31/07/2014
2014041587;1;2;1;1;2;930;01/08/2014
2014041588;2;2;1;1;7;930;01/08/2014
2014041589;5;2;1;1;2;930;06/08/2014
2014041590;1;2;1;1;2;930;06/08/2014
2014041591;1;2;3;1;3;930;08/08/2014
2014041592;1;2;3;1;6;930;09/08/2014
2014041593;5;2;1;1;6;930;11/08/2014
2014041594;1;2;2;2;3;930;12/08/2014
2014041595;1;2;1;1;7;930;15/08/2014
2014041596;1;2;2;1;3;930;20/08/2014
2014041597;1;2;1;1;6;930;28/07/2014
2014041598;1;2;1;1;6;930;26/08/2014
2014041599;1;2;1;1;6;930;06/09/2014
2014041600;5;2;3;1;1;930;08/09/2014
2014041601;1;2;2;1;3;930;10/09/2014
2014041602;1;2;3;1;3;930;12/09/2014
2014041603;1;2;1;1;3;930;13/09/2014
2014041604;1;2;1;1;3;930;13/09/2014
2014041605;1;2;1;1;2;930;13/09/2014
2014041606;5;2;9;2;6;930;18/09/2014
2014041607;5;2;6;1;3;930;24/09/2014
2014041608;2;2;2;2;3;930;06/10/2014
2014041609;1;2;1;3;6;930;08/10/2014
2014041610;1;2;1;2;6;930;08/10/2014
2014041611;5;2;1;8;6;930;08/10/2014
2014041612;1;1;4;2;6;930;08/10/2014
2014041613;1;2;1;3;4;930;11/10/2014
2014041614;1;2;1;1;6;930;13/10/2014
2014041615;1;2;1;1;6;930;14/10/2014
2014041616;1;2;1;1;3;930;14/10/2014
2014041617;2;2;6;2;6;930;15/10/2014
2014041618;5;2;1;2;3;930;17/10/2014
2014041619;1;2;2;1;3;930;18/10/2014
2014041620;1;2;5;1;1;930;18/10/2014
2014041621;1;2;1;2;6;930;21/10/2014
2014041622;1;2;2;1;6;930;22/10/2014
2014041623;1;2;1;1;6;930;25/10/2014
2014041624;1;2;1;1;2;930;26/10/2014
2014041625;5;2;3;1;1;930;31/10/2014
2014041626;1;2;2;9;6;930;06/11/2014
2014041627;5;2;2;1;3;930;07/11/2014
2014041628;5;2;2;1;3;930;07/11/2014
2014041629;2;2;1;2;2;930;14/11/2014
2014041630;5;2;6;2;3;930;14/11/2014
2014041631;1;2;1;1;6;930;15/11/2014
2014041632;4;2;2;2;2;930;17/11/2014
2014041633;1;2;6;2;6;930;27/11/2014
2014041634;1;2;2;8;1;930;30/11/2014
2014041635;1;2;0;1;4;930;01/12/2014
2014041636;1;2;0;8;6;930;01/12/2014
2014041637;2;2;0;1;6;930;04/12/2014
2014041638;2;2;0;1;3;930;06/12/2014
2014041639;5;2;0;1;2;930;06/12/2014
2014041640;5;2;0;2;3;930;07/12/2014
2014041641;1;2;6;2;2;930;08/12/2014
2014041642;1;2;0;2;1;930;08/12/2014
2014041643;1;2;2;9;7;930;09/12/2014
2014041644;1;2;3;1;2;930;09/12/2014
2014041645;1;2;1;1;6;930;11/12/2014
2014041646;1;2;0;2;6;930;12/12/2014
2014041647;1;2;6;1;3;930;14/12/2014
2014041648;5;2;1;2;3;930;15/12/2014
2014041649;1;2;1;8;2;930;18/12/2014
2014041650;5;2;1;1;6;930;25/12/2014
2014041651;5;2;6;2;6;930;26/12/2014
2014041652;5;2;1;2;6;930;27/12/2014
2014041653;1;2;1;1;5;930;29/12/2014
2014041654;5;2;1;1;1;930;30/12/2014
2014041655;1;2;1;1;1;930;01/01/2014
2014041656;1;2;1;1;3;930;02/01/2014
2014041657;5;2;2;2;3;930;05/01/2014
2014041658;2;2;1;1;3;930;18/01/2014
2014041659;5;2;1;2;6;930;23/01/2014
2014041660;1;2;1;1;3;930;25/01/2014
2014041661;5;2;1;2;6;930;27/01/2014
2014041662;2;2;1;2;6;930;01/02/2014
2014041663;1;2;1;1;4;930;03/02/2014
2014041664;1;2;3;2;3;930;05/02/2014
2014041665;1;2;1;1;6;930;07/02/2014
2014041666;1;2;1;1;6;930;07/02/2014
2014041667;1;2;2;2;3;930;08/02/2014
2014041668;1;2;1;1;6;930;09/02/2014
2014041669;5;2;1;1;2;930;19/02/2014
2014041670;1;2;3;1;1;930;11/02/2014
2014041671;5;2;1;2;2;930;12/02/2014
2014041672;1;2;2;3;3;930;27/02/2014
2014041673;1;2;2;1;3;930;01/03/2014
2014041674;1;2;9;1;6;930;09/03/2014
2014041675;1;2;1;1;3;930;11/03/2014
2014041676;1;2;1;1;6;930;27/03/2014
2014041677;1;2;3;1;3;930;05/04/2014
2014041678;1;2;1;1;3;930;17/04/2014
2014041679;1;2;1;1;6;930;17/04/2014
2014041680;5;2;2;1;3;930;20/04/2014
2014041681;1;2;2;1;3;930;24/04/2014
2014041682;1;2;3;2;3;930;02/05/2014
2014041683;1;2;2;1;3;930;02/05/2014
2014041684;1;2;1;1;6;930;03/05/2014
2014041685;1;2;1;1;6;930;05/05/2014
2014041686;1;2;2;2;3;930;08/05/2014
2014041687;1;2;2;2;2;930;13/05/2014
2014041688;1;2;1;1;5;930;15/05/2014
2014041689;1;2;1;1;7;930;22/05/2014
2014041690;1;2;2;1;2;930;07/06/2014
2014041691;1;2;3;7;5;930;21/06/2014
2014041692;1;2;3;1;1;930;27/06/2014
2014041693;1;2;1;1;6;930;30/06/2014
2014041694;1;2;1;1;6;930;30/06/2014
2014041695;5;2;1;1;3;930;01/07/2014
2014041696;1;2;1;1;7;930;10/07/2014
2014041697;5;2;3;1;4;930;04/08/2014
2014041698;1;2;3;1;3;930;16/08/2014
2014041699;1;2;1;1;7;930;25/09/2014
2014041700;2;2;1;1;7;930;25/09/2014
2014041701;3;2;3;1;1;930;25/09/2014
2014041702;1;2;2;1;6;930;03/10/2014
2014041703;1;2;3;1;2;930;03/10/2014
2014041704;2;2;1;1;7;930;04/10/2014
2014041705;1;2;1;1;3;930;07/10/2014
2014041706;1;2;3;1;3;930;23/10/2014
2014041707;1;2;1;1;6;930;24/10/2014
2014041708;5;2;3;2;1;930;03/11/2014
2014041709;2;2;1;2;7;930;18/11/2014
2014041710;5;2;1;2;6;930;20/11/2014
2014041711;1;2;1;1;2;930;21/11/2014
2014041712;1;2;1;8;6;930;26/11/2014
2014041713;1;2;1;1;6;930;28/11/2014
2014041714;2;2;1;8;3;930;02/12/2014
2014041715;5;2;1;2;6;930;05/12/2014
2014041716;1;2;0;2;6;930;10/12/2014
2014041717;1;2;0;1;6;930;16/12/2014
2014041718;3;2;8;3;6;930;17/12/2014
2014041719;5;2;3;1;3;930;22/12/2014
2014041720;5;2;1;1;3;930;28/12/2014
2014041721;1;2;1;1;2;930;30/12/2014
2014041722;5;2;6;2;7;930;01/01/2014
2014041723;5;2;1;1;6;930;03/01/2014
2014041724;1;2;9;2;1;930;06/01/2014
2014041725;1;2;9;1;3;930;13/01/2014
2014041726;5;2;1;2;6;930;15/01/2014
2014041727;1;2;9;1;7;930;17/01/2014
2014041728;5;2;9;1;6;930;21/01/2014
2014041729;5;2;1;3;4;930;25/01/2014
2014041730;1;2;3;8;3;930;27/01/2014
2014041731;5;2;1;1;6;930;02/02/2014
2014041732;5;2;1;1;5;930;02/02/2014
2014041733;1;2;1;1;3;930;08/02/2014
2014041734;5;2;6;2;3;930;11/02/2014
2014041735;5;2;6;2;6;930;21/02/2014
2014041736;1;2;6;2;2;930;23/02/2014
2014041737;1;2;1;1;2;930;04/03/2014
2014041738;1;2;3;8;3;930;25/03/2014
2014041739;1;2;1;1;6;930;03/04/2014
2014041740;4;2;2;1;3;930;19/04/2014
2014041741;5;2;1;1;3;930;02/05/2014
2014041742;1;2;1;2;7;930;07/05/2014
2014041743;1;2;1;1;1;930;18/05/2014
2014041744;1;2;0;1;5;930;26/05/2014
2014041745;1;2;1;1;1;930;27/05/2014
2014041746;2;2;1;1;3;930;31/05/2014
2014041747;1;2;1;1;6;930;08/06/2014
2014041748;1;2;0;1;3;930;12/06/2014
2014041749;1;2;2;1;3;930;15/06/2014
2014041750;1;2;3;1;2;930;18/06/2014
2014041751;1;2;1;1;3;930;21/06/2014
2014041752;2;2;3;1;6;930;21/06/2014
2014041753;1;2;1;8;3;930;29/07/2014
2014041754;1;2;1;2;3;930;28/06/2014
2014041755;1;2;1;2;2;930;04/07/2014
2014041756;5;2;1;1;3;930;04/07/2014
2014041757;1;2;2;1;3;930;16/07/2014
2014041758;1;2;1;1;6;930;18/07/2014
2014041759;1;2;6;9;4;930;21/07/2014
2014041760;1;2;3;1;6;930;26/07/2014
2014041761;1;2;1;1;6;930;27/07/2014
2014041762;2;2;3;2;3;930;03/08/2014
2014041763;1;2;1;1;2;930;16/08/2014
2014041764;5;2;1;1;2;930;28/08/2014
2014041765;5;2;1;1;7;930;29/08/2014
2014041766;5;2;3;1;4;930;08/09/2014
2014041767;1;2;6;7;6;930;18/09/2014
2014041768;1;2;1;1;3;930;18/09/2014
2014041769;5;2;3;2;2;930;20/09/2014
2014041770;1;2;1;1;4;930;22/09/2014
2014041771;5;2;1;1;6;930;27/09/2014
2014041772;1;2;1;3;3;930;29/09/2014
2014041773;2;2;1;1;2;930;02/10/2014
2014041774;1;2;1;7;3;930;03/10/2014
2014041775;1;2;1;1;3;930;03/10/2014
2014041776;5;2;6;2;7;930;05/10/2014
2014041777;1;2;1;1;2;930;06/10/2014
2014041778;5;2;1;2;7;930;06/10/2014
2014041779;1;2;1;2;6;930;07/10/2014
2014041780;1;2;1;2;6;930;07/10/2014
2014041781;1;2;1;1;6;930;09/10/2014
2014041782;5;2;1;1;6;930;11/10/2014
2014041783;5;2;3;1;6;930;20/10/2014
2014041784;1;2;1;1;3;930;20/10/2014
2014041785;1;2;1;1;3;930;22/10/2014
2014041786;5;2;1;1;6;930;29/10/2014
2014041787;1;2;1;1;2;930;04/11/2014
2014041788;5;2;1;1;6;930;04/11/2014
2014041789;5;2;1;1;6;930;04/11/2014
2014041790;1;2;1;1;6;930;07/11/2014
2014041791;5;2;1;1;6;930;07/11/2014
2014041792;1;2;4;1;5;930;11/11/2014
2014041793;5;2;1;2;7;930;16/11/2014
2014041794;5;2;6;2;3;930;03/12/2014
2014041795;5;2;0;1;1;930;06/12/2014
2014041796;5;2;3;2;2;930;12/12/2014
2014041797;1;2;1;2;2;930;13/12/2014
2014041798;5;2;1;2;6;930;14/12/2014
2014041799;5;2;3;1;3;930;14/12/2014
2014041800;5;2;1;1;3;930;17/12/2014
2014041801;1;2;1;1;3;930;22/12/2014
2014041802;1;2;2;1;3;930;25/12/2014
2014041803;1;2;1;2;1;930;25/12/2014
2014041804;5;2;0;1;6;930;28/12/2014
2014041805;5;2;0;2;4;930;29/12/2014
2014041806;1;2;9;1;3;930;20/12/2014
2014041807;5;2;1;2;2;930;27/12/2014
2014041808;1;2;1;1;6;930;03/01/2014
2014041809;1;2;1;1;3;930;05/01/2014
2014041810;1;2;2;8;3;930;09/01/2014
2014041811;5;2;3;1;1;930;09/01/2014
2014041812;5;2;1;8;6;930;29/01/2014
2014041813;1;2;1;1;6;930;01/02/2014
2014041814;1;2;1;8;6;930;10/02/2014
2014041815;1;2;1;2;6;930;14/02/2014
2014041816;1;2;5;1;3;930;19/02/2014
2014041817;5;2;6;2;3;930;01/03/2014
2014041818;1;1;1;1;3;930;07/03/2014
2014041819;5;2;1;1;1;930;08/03/2014
2014041820;1;2;1;1;6;930;09/03/2014
2014041821;1;2;1;1;1;930;10/03/2014
2014041822;1;2;3;1;1;930;12/03/2014
2014041823;1;2;1;1;1;930;11/03/2014
2014041824;1;2;1;1;2;930;13/03/2014
2014041825;1;2;1;1;4;930;16/03/2014
2014041826;1;2;1;1;2;930;20/03/2014
2014041827;5;2;1;1;3;930;24/03/2014
2014041828;1;2;1;1;6;930;24/03/2014
2014041829;1;2;0;1;6;930;26/03/2014
2014041830;1;2;1;1;6;930;26/03/2014
2014041831;1;2;8;1;6;930;02/04/2014
2014041832;1;2;3;1;3;930;04/04/2014
2014041833;5;2;1;1;2;930;07/04/2014
2014041834;1;2;8;1;6;930;14/04/2014
2014041835;1;2;9;1;3;930;12/04/2014
2014041836;1;2;1;1;6;930;19/04/2014
2014041837;1;2;1;1;6;930;23/04/2014
2014041838;1;2;1;1;6;930;30/04/2014
2014041839;1;2;1;1;3;930;03/05/2014
2014041840;1;2;1;1;6;930;15/05/2014
2014041841;1;2;1;1;7;930;16/05/2014
2014041842;1;2;4;1;6;930;20/05/2014
2014041843;1;2;3;1;3;930;25/05/2014
2014041844;1;2;1;2;3;930;26/05/2014
2014041845;1;2;1;2;3;930;10/06/2014
2014041846;1;1;1;1;2;930;25/06/2014
2014041847;1;2;2;1;3;930;30/06/2014
2014041848;1;2;5;1;3;930;30/06/2014
2014041849;1;2;2;2;7;930;06/07/2014
2014041850;1;2;3;2;3;930;11/07/2014
2014041851;1;2;1;3;2;930;13/07/2014
2014041852;1;2;1;1;6;930;14/07/2014
2014041853;1;2;3;1;6;930;17/07/2014
2014041854;1;2;2;1;3;930;19/07/2014
2014041855;1;2;3;2;3;930;19/07/2014
2014041856;1;2;1;1;5;930;22/07/2014
2014041857;1;1;3;1;1;930;25/07/2014
2014041858;1;2;3;1;3;930;27/07/2014
2014041859;1;2;1;1;6;930;28/07/2014
2014041860;1;2;1;1;3;930;05/08/2014
2014041861;1;2;3;1;6;930;06/08/2014
2014041862;1;2;1;1;3;930;15/08/2014
2014041863;1;2;8;1;6;930;20/08/2014
2014041864;1;2;3;2;1;930;27/08/2014
2014041865;1;2;1;1;6;930;01/09/2014
2014041866;1;2;2;1;1;930;10/09/2014