num_acc;lum;agg;inter;atm;col;dep;date
2014042447;1;2;1;1;2;930;18/09/2014
2014042448;1;2;1;1;3;930;20/09/2014
2014042449;1;2;1;1;6;930;23/09/2014
2014042450;5;2;3;2;3;930;24/09/2014
2014042451;1;2;1;1;3;930;28/09/2014
2014042452;1;2;1;1;3;930;29/09/2014
2014042453;1;2;1;1;3;930;30/09/2014
2014042454;1;2;1;1;6;930;03/10/2014
2014042455;5;2;1;2;3;930;06/10/2014
2014042456;5;2;1;1;3;930;19/10/2014
2014042457;1;2;2;1;1;930;23/10/2014
2014042458;5;2;1;1;7;930;23/10/2014
2014042459;5;2;2;1;3;930;28/10/2014
2014042460;5;2;1;1;6;930;29/10/2014
2014042461;1;2;1;1;3;930;31/10/2014
2014042462;1;2;1;1;3;930;31/10/2014
2014042463;1;2;1;1;6;930;31/10/2014
2014042464;1;2;1;1;3;930;02/11/2014
2014042465;1;2;1;8;6;930;03/11/2014
2014042466;1;2;5;1;6;930;05/11/2014
2014042467;1;2;1;1;2;930;08/11/2014
2014042468;5;2;6;1;3;930;27/11/2014
2014042469;5;2;1;2;1;930;30/11/2014
2014042470;5;2;1;2;2;930;01/12/2014
2014042471;1;2;9;1;6;930;07/12/2014
2014042472;5;2;1;1;4;930;08/12/2014
2014042473;5;2;3;2;3;930;13/12/2014
2014042474;1;2;0;1;2;930;14/12/2014
2014042475;5;2;1;1;2;930;16/12/2014
2014042476;1;2;1;2;6;930;19/12/2014
2014042477;5;2;1;3;3;930;19/12/2014
2014042478;1;2;1;1;6;930;11/04/2014
2014042479;5;2;1;1;6;930;05/05/2014
2014042480;5;2;1;1;6;930;06/11/2014
2014042481;5;2;3;2;3;930;11/08/2014
2014042482;5;1;1;3;6;930;16/11/2014
2014042483;5;1;3;2;3;930;16/11/2014
2014042484;5;2;1;1;6;930;17/08/2014
2014042485;5;2;2;1;2;930;17/08/2014
2014042486;5;2;2;1;3;930;23/08/2014
2014042487;1;2;1;1;2;930;04/09/2014
2014042488;1;2;1;1;6;930;09/09/2014
2014042489;5;2;4;1;6;930;09/09/2014
2014042490;5;2;1;1;3;930;18/11/2014
2014042491;5;2;4;1;6;930;22/11/2014
2014042492;1;2;3;8;7;930;25/11/2014
2014042493;1;2;1;8;4;930;03/01/2014
2014042494;5;2;4;1;6;930;06/01/2014
2014042495;1;2;3;1;3;930;08/01/2014
2014042496;5;2;2;2;6;930;15/01/2014
2014042497;1;2;4;1;3;930;12/01/2014
2014042498;1;2;1;1;3;930;22/01/2014
2014042499;1;2;1;2;3;930;23/01/2014
2014042500;5;2;1;3;4;930;26/01/2014
2014042501;5;2;2;1;1;930;03/02/2014
2014042502;2;1;1;1;6;930;03/02/2014
2014042503;1;2;1;1;6;930;08/02/2014
2014042504;1;2;1;8;6;930;13/02/2014
2014042505;1;2;1;2;7;930;25/02/2014
2014042506;1;2;1;2;6;930;28/02/2014
2014042507;5;2;1;2;6;930;01/03/2014
2014042508;1;2;1;1;3;930;05/03/2014
2014042509;1;2;2;1;3;930;06/03/2014
2014042510;1;2;3;1;3;930;16/03/2014
2014042511;1;2;1;1;6;930;16/03/2014
2014042512;1;2;1;1;6;930;17/03/2014
2014042513;1;2;1;1;6;930;17/03/2014
2014042514;1;2;1;1;3;930;18/03/2014
2014042515;5;2;3;1;7;930;23/03/2014
2014042516;1;2;1;1;3;930;24/03/2014
2014042517;1;2;2;1;3;930;26/03/2014
2014042518;1;1;1;1;2;930;29/03/2014
2014042519;1;2;2;1;6;930;31/03/2014
2014042520;1;2;1;1;6;930;01/04/2014
2014042521;1;2;1;1;2;930;05/04/2014
2014042522;1;2;1;1;2;930;12/04/2014
2014042523;5;2;2;2;3;930;26/04/2014
2014042524;5;2;8;2;2;930;23/04/2014
2014042525;5;2;1;8;2;930;30/04/2014
2014042526;1;2;5;1;3;930;02/05/2014
2014042527;5;2;1;1;2;930;04/05/2014
2014042528;5;2;1;1;2;930;09/05/2014
2014042529;1;2;1;3;3;930;10/05/2014
2014042530;1;2;3;1;2;930;04/05/2014
2014042531;1;2;1;7;2;930;14/05/2014
2014042532;5;2;1;1;6;930;15/05/2014
2014042533;3;2;2;1;3;930;16/05/2014
2014042534;1;2;2;1;6;930;19/05/2014
2014042535;5;2;1;3;3;930;21/05/2014
2014042536;1;2;1;1;6;930;22/05/2014
2014042537;1;2;1;1;6;930;22/05/2014
2014042538;1;2;1;2;2;930;28/05/2014
2014042539;5;2;2;1;1;930;31/05/2014
2014042540;1;2;1;1;6;930;02/06/2014
2014042541;1;2;1;1;7;930;02/06/2014
2014042542;1;2;6;1;3;930;02/06/2014
2014042543;1;2;6;7;6;930;06/06/2014
2014042544;5;2;2;1;3;930;13/06/2014
2014042545;1;1;1;1;2;930;16/06/2014
2014042546;1;2;1;1;3;930;23/06/2014
2014042547;1;2;2;1;3;930;26/06/2014
2014042548;1;2;1;1;6;930;27/06/2014
2014042549;1;2;6;1;3;930;30/06/2014
2014042550;1;2;2;1;3;930;03/07/2014
2014042551;1;2;1;2;6;930;21/07/2014
2014042552;1;2;1;1;6;930;26/07/2014
2014042553;1;2;1;1;6;930;28/07/2014
2014042554;5;2;2;1;3;930;05/08/2014
2014042555;1;2;1;2;6;930;06/08/2014
2014042556;5;2;1;2;3;930;08/08/2014
2014042557;1;2;5;1;3;930;14/08/2014
2014042558;2;2;5;1;1;930;18/08/2014
2014042559;5;2;2;1;1;930;30/08/2014
2014042560;5;2;3;1;7;930;01/09/2014
2014042561;2;2;2;1;3;930;01/09/2014
2014042562;5;2;2;1;3;930;03/09/2014
2014042563;1;2;2;1;6;930;07/08/2014
2014042564;1;2;3;1;3;930;12/09/2014
2014042565;1;2;1;1;3;930;16/09/2014
2014042566;1;2;1;1;6;930;12/09/2014
2014042567;5;2;3;1;1;930;17/09/2014
2014042568;2;1;1;1;2;930;18/09/2014
2014042569;5;2;2;2;1;930;21/09/2014
2014042570;1;2;3;1;6;930;23/09/2014
2014042571;1;2;2;1;2;930;24/09/2014
2014042572;2;2;2;1;3;930;25/09/2014
2014042573;1;1;1;1;3;930;26/09/2014
2014042574;1;2;1;1;2;930;26/09/2014
2014042575;1;1;2;1;3;930;28/09/2014
2014042576;1;2;1;1;7;930;09/10/2014
2014042577;1;2;1;1;3;930;10/10/2014
2014042578;5;2;1;2;2;930;12/10/2014
2014042579;1;2;1;1;6;930;14/10/2014
2014042580;5;2;3;2;3;930;15/10/2014
2014042581;1;2;2;2;1;930;17/10/2014
2014042582;1;2;2;1;3;930;30/10/2014
2014042583;3;2;3;1;1;930;31/10/2014
2014042584;1;2;2;1;6;930;01/11/2014
2014042585;5;2;2;2;3;930;03/11/2014
2014042586;1;2;1;9;6;930;15/11/2014
2014042587;5;2;9;2;6;930;16/11/2014
2014042588;5;2;2;2;3;930;16/11/2014
2014042589;1;2;1;1;6;930;19/11/2014
2014042590;1;2;1;1;6;930;20/11/2014
2014042591;5;2;7;1;3;930;25/11/2014
2014042592;1;2;2;1;3;930;26/11/2014
2014042593;3;1;1;5;6;930;27/11/2014
2014042594;1;2;6;1;3;930;29/11/2014
2014042595;1;2;2;1;2;930;29/11/2014
2014042596;1;2;3;2;6;930;02/12/2014
2014042597;5;2;7;8;6;930;02/12/2014
2014042598;2;2;6;1;2;930;04/12/2014
2014042599;5;2;2;1;6;930;04/12/2014
2014042600;1;2;2;1;4;930;05/12/2014
2014042601;1;2;1;8;4;930;05/12/2014
2014042602;2;2;8;1;3;930;06/12/2014
2014042603;5;2;0;5;6;930;07/12/2014
2014042604;2;1;1;9;6;930;09/12/2014
2014042605;1;2;3;8;3;930;10/12/2014
2014042606;5;2;1;2;1;930;10/12/2014
2014042607;2;2;1;8;6;930;11/12/2014
2014042608;1;2;2;1;3;930;16/12/2014
2014042609;1;1;1;1;3;930;16/12/2014
2014042610;5;2;3;2;2;930;19/12/2014
2014042611;5;2;0;8;1;930;19/12/2014
2014042612;1;2;1;8;2;930;21/12/2014
2014042613;1;2;3;2;6;930;24/12/2014
2014042614;5;2;9;9;3;930;26/12/2014
2014042615;1;1;1;9;5;930;30/12/2014
2014042616;3;2;2;2;3;930;05/01/2014
2014042617;5;2;1;2;6;930;06/01/2014
2014042618;3;2;3;8;3;930;09/01/2014
2014042619;5;2;5;2;3;930;11/01/2014
2014042620;5;2;2;2;3;930;12/01/2014
2014042621;1;2;1;2;6;930;16/01/2014
2014042622;1;2;1;1;2;930;18/01/2014
2014042623;5;2;1;8;6;930;21/01/2014
2014042624;5;2;2;1;3;930;23/01/2014
2014042625;2;2;2;1;2;930;28/01/2014
2014042626;1;2;1;1;7;930;04/02/2014
2014042627;5;2;2;2;1;930;05/02/2014
2014042628;1;2;1;1;2;930;10/02/2014
2014042629;1;2;1;1;6;930;12/02/2014
2014042630;5;2;8;2;6;930;12/02/2014
2014042631;5;2;9;3;6;930;12/02/2014
2014042632;5;2;2;1;3;930;14/02/2014
2014042633;5;2;8;2;6;930;15/02/2014
2014042634;1;2;3;1;3;930;17/02/2014
2014042635;1;2;1;1;6;930;04/03/2014
2014042636;5;2;1;1;6;930;06/03/2014
2014042637;1;2;2;1;3;930;08/03/2014
2014042638;1;2;1;1;6;930;16/03/2014
2014042639;1;2;1;1;3;930;18/03/2014
2014042640;1;2;2;1;6;930;18/03/2014
2014042641;1;2;2;1;6;930;18/03/2014
2014042642;1;2;1;1;2;930;22/03/2014
2014042643;1;2;1;2;4;930;23/03/2014
2014042644;5;2;1;1;1;930;22/03/2014
2014042645;1;2;1;1;6;930;27/03/2014
2014042646;3;2;6;1;2;930;31/03/2014
2014042647;1;2;1;1;6;930;05/04/2014
2014042648;1;2;1;1;6;930;11/04/2014
2014042649;1;2;1;1;3;930;14/04/2014
2014042650;1;2;2;1;3;930;16/04/2014
2014042651;1;2;2;1;3;930;18/04/2014
2014042652;1;2;1;1;5;930;22/04/2014
2014042653;1;2;1;1;6;930;30/04/2014
2014042654;1;2;1;1;7;930;05/05/2014
2014042655;1;2;1;1;6;930;09/05/2014
2014042656;1;2;3;1;1;930;16/05/2014
2014042657;1;2;1;1;6;930;16/05/2014
2014042658;1;2;1;1;6;930;20/05/2014
2014042659;1;2;2;3;1;930;24/05/2014
2014042660;1;2;1;1;6;930;26/05/2014
2014042661;1;2;3;2;3;930;28/05/2014
2014042662;1;2;1;1;6;930;30/05/2014
2014042663;1;2;2;1;3;930;01/06/2014
2014042664;1;2;1;1;6;930;06/06/2014
2014042665;1;2;1;1;6;930;08/06/2014
2014042666;1;2;1;1;3;930;09/06/2014
2014042667;1;2;1;1;6;930;11/06/2014
2014042668;1;2;1;1;6;930;12/06/2014
2014042669;1;2;2;1;3;930;13/06/2014
2014042670;1;2;2;1;3;930;17/06/2014
2014042671;1;2;3;1;3;930;20/06/2014
2014042672;1;1;1;1;2;930;20/06/2014
2014042673;1;2;1;1;3;930;21/06/2014
2014042674;5;2;1;1;2;930;21/06/2014
2014042675;1;2;2;1;1;930;22/06/2014
2014042676;1;2;1;1;6;930;23/06/2014
2014042677;1;2;1;1;6;930;24/06/2014
2014042678;1;2;3;1;3;930;28/06/2014
2014042679;1;2;1;1;2;930;30/06/2014
2014042680;1;2;1;1;3;930;03/07/2014
2014042681;1;2;1;1;6;930;15/07/2014
2014042682;1;2;1;1;3;930;15/07/2014
2014042683;1;2;1;1;2;930;16/07/2014
2014042684;1;2;2;1;6;930;17/07/2014
2014042685;1;2;1;1;6;930;17/07/2014
2014042686;1;2;3;1;6;930;21/07/2014
2014042687;1;2;1;1;6;930;01/08/2014
2014042688;1;2;1;1;6;930;18/08/2014
2014042689;1;2;2;2;3;930;25/08/2014
2014042690;1;2;2;1;1;930;09/09/2014
2014042691;1;2;1;1;2;930;09/09/2014
2014042692;1;2;2;1;6;930;10/09/2014
2014042693;1;2;9;1;6;930;11/09/2014
2014042694;5;2;0;1;6;930;16/09/2014
2014042695;1;2;3;1;7;930;17/09/2014
2014042696;1;2;2;2;6;930;06/10/2014
2014042697;5;2;1;3;6;930;06/10/2014
2014042698;1;2;2;1;3;930;07/10/2014
2014042699;5;2;9;3;1;930;08/10/2014
2014042700;1;2;3;1;6;930;10/10/2014
2014042701;1;2;3;1;6;930;18/10/2014
2014042702;1;2;1;8;6;930;21/10/2014
2014042703;5;2;1;1;6;930;23/10/2014
2014042704;1;2;2;1;3;930;31/10/2014
2014042705;5;2;1;3;3;930;03/11/2014
2014042706;1;2;2;8;6;930;12/11/2014
2014042707;5;2;1;2;3;930;17/11/2014
2014042708;1;2;3;1;3;930;25/11/2014
2014042709;5;2;2;1;3;930;29/11/2014
2014042710;2;2;1;1;3;930;09/12/2014
2014042711;5;2;1;1;3;930;09/12/2014
2014042712;5;2;1;2;1;930;13/12/2014
2014042713;5;2;1;2;6;930;17/12/2014
2014042714;5;2;9;1;6;930;21/12/2014
2014042715;5;2;2;2;3;930;27/12/2014
2014042716;3;1;0;1;6;930;30/12/2014
2014042717;5;2;1;5;6;930;12/01/2014
2014042718;1;2;1;1;6;930;06/01/2014
2014042719;5;2;2;2;3;930;13/01/2014
2014042720;2;2;2;1;3;930;18/01/2014
2014042721;5;2;1;2;6;930;19/01/2014
2014042722;1;2;1;1;6;930;31/01/2014
2014042723;1;2;1;2;6;930;22/01/2014
2014042724;1;2;1;1;7;930;23/01/2014
2014042725;1;2;2;8;6;930;28/01/2014
2014042726;5;2;1;2;6;930;28/01/2014
2014042727;5;2;1;1;6;930;20/02/2014
2014042728;2;2;2;1;3;930;16/02/2014
2014042729;1;2;3;1;6;930;04/02/2014
2014042730;5;2;2;2;1;930;12/02/2014
2014042731;1;2;2;1;3;930;21/02/2014
2014042732;1;2;2;3;3;930;27/02/2014
2014042733;1;2;1;2;2;930;27/02/2014
2014042734;5;2;1;1;3;930;28/02/2014
2014042735;5;2;1;2;6;930;28/02/2014
2014042736;1;2;1;1;6;930;10/03/2014
2014042737;2;2;2;1;3;930;22/03/2014
2014042738;5;2;1;1;6;930;23/03/2014
2014042739;5;2;2;1;3;930;12/04/2014
2014042740;1;2;6;1;3;930;01/04/2014
2014042741;1;2;1;1;2;930;01/04/2014
2014042742;1;2;1;1;6;930;02/04/2014
2014042743;1;2;1;1;3;930;02/04/2014
2014042744;1;2;3;1;3;930;09/04/2014
2014042745;1;2;3;1;3;930;09/04/2014
2014042746;5;2;1;1;6;930;27/04/2014
2014042747;1;2;1;1;7;930;28/04/2014
2014042748;1;2;2;3;3;930;01/05/2014
2014042749;1;2;1;1;3;930;05/05/2014
2014042750;1;2;9;1;3;930;05/05/2014
2014042751;1;2;1;1;3;930;08/05/2014
2014042752;1;2;2;2;6;930;26/05/2014
2014042753;5;2;3;1;3;930;29/05/2014
2014042754;1;2;1;8;2;930;04/06/2014
2014042755;1;2;1;1;6;930;16/06/2014
2014042756;1;2;2;1;2;930;18/06/2014
2014042757;1;2;1;1;1;930;21/06/2014
2014042758;1;2;3;1;3;930;22/06/2014
2014042759;1;2;9;1;6;930;24/06/2014
2014042760;1;2;1;1;6;930;25/06/2014
2014042761;1;2;1;1;1;930;02/07/2014
2014042762;1;2;1;1;3;930;03/07/2014
2014042763;1;2;1;2;5;930;06/07/2014
2014042764;5;2;1;1;3;930;21/07/2014
2014042765;1;2;1;1;7;930;23/07/2014
2014042766;1;2;1;1;6;930;30/07/2014
2014042767;5;2;1;1;3;930;01/08/2014
2014042768;1;2;1;1;7;930;15/08/2014
2014042769;1;2;1;1;6;930;22/08/2014
2014042770;1;2;1;1;6;930;14/09/2014
2014042771;5;2;1;2;6;930;26/08/2014
2014042772;1;2;1;7;2;930;01/09/2014
2014042773;1;2;1;1;6;930;01/09/2014
2014042774;1;1;1;1;5;930;01/09/2014
2014042775;1;2;1;1;1;930;30/09/2014
2014042776;1;2;2;1;3;930;20/09/2014
2014042777;2;2;1;1;6;930;26/09/2014
2014042778;1;2;2;1;3;930;03/10/2014
2014042779;1;2;1;1;5;930;05/10/2014
2014042780;1;2;1;1;1;930;05/10/2014
2014042781;1;2;1;1;3;930;06/10/2014
2014042782;4;2;3;2;7;930;08/10/2014
2014042783;1;2;1;1;2;930;17/10/2014
2014042784;1;2;2;1;3;930;20/10/2014
2014042785;1;2;1;1;2;930;22/10/2014
2014042786;5;2;1;1;2;930;24/10/2014
2014042787;1;2;3;1;3;930;05/11/2014
2014042788;4;2;2;1;1;930;11/11/2014
2014042789;1;2;2;3;6;930;07/11/2014
2014042790;5;2;1;1;7;930;08/11/2014
2014042791;1;2;2;3;6;930;14/11/2014
2014042792;1;2;1;2;2;930;15/11/2014
2014042793;5;2;3;2;6;930;18/11/2014
2014042794;1;2;1;5;6;930;19/11/2014
2014042795;1;2;0;1;6;930;20/11/2014
2014042796;1;2;1;1;6;930;25/11/2014
2014042797;5;2;1;1;1;930;03/12/2014
2014042798;2;2;1;1;2;930;05/12/2014
2014042799;5;2;2;1;3;930;09/12/2014
2014042800;2;2;1;1;1;930;09/12/2014
2014042801;1;2;1;2;6;930;16/12/2014
2014042802;5;2;0;3;6;930;17/12/2014
2014042803;3;2;1;2;2;930;07/01/2014
2014042804;1;2;2;1;6;930;09/01/2014
2014042805;1;2;2;2;7;930;15/01/2014
2014042806;1;2;1;1;6;930;24/01/2014
2014042807;2;2;1;1;5;930;24/01/2014
2014042808;5;2;1;3;3;930;26/01/2014
2014042809;5;2;2;2;3;930;28/01/2014
2014042810;5;2;1;1;6;930;02/02/2014
2014042811;1;2;1;2;6;930;13/02/2014
2014042812;5;2;1;1;4;930;15/02/2014
2014042813;5;2;6;1;2;930;16/02/2014
2014042814;1;2;1;2;6;930;19/02/2014
2014042815;1;2;3;1;3;930;24/02/2014
2014042816;1;2;1;1;3;930;02/03/2014
2014042817;1;2;1;1;2;930;05/03/2014
2014042818;4;2;1;1;3;930;07/03/2014
2014042819;1;2;3;1;2;930;10/03/2014
2014042820;1;2;1;1;6;930;10/03/2014
2014042821;5;2;1;1;2;930;11/03/2014
2014042822;1;2;2;1;3;930;15/03/2014
2014042823;5;2;1;1;6;930;16/03/2014
2014042824;1;2;6;1;6;930;16/03/2014
2014042825;1;2;1;1;2;930;17/03/2014
2014042826;1;2;1;1;5;930;22/03/2014
2014042827;1;2;2;1;3;930;24/03/2014
2014042828;2;2;1;2;6;930;25/03/2014
2014042829;4;2;1;1;3;930;27/03/2014
2014042830;1;2;1;1;5;930;29/03/2014
2014042831;1;2;1;1;7;930;06/04/2014
2014042832;5;2;1;1;2;930;11/04/2014
2014042833;1;2;1;1;6;930;15/04/2014
2014042834;5;2;2;1;6;930;15/04/2014
2014042835;1;2;3;1;3;930;03/05/2014
2014042836;1;2;2;2;3;930;07/05/2014
2014042837;1;2;1;3;1;930;08/05/2014
2014042838;1;2;1;2;3;930;12/05/2014
2014042839;1;2;1;1;6;930;19/05/2014
2014042840;1;2;2;1;3;930;23/05/2014
2014042841;1;2;1;1;4;930;24/05/2014
2014042842;2;2;1;1;6;930;02/06/2014
2014042843;1;2;1;8;6;930;04/06/2014
2014042844;1;2;3;1;6;930;05/06/2014
2014042845;1;2;3;1;6;930;19/06/2014
2014042846;1;2;4;1;6;930;20/06/2014
2014042847;5;2;9;1;3;930;21/06/2014
2014042848;1;2;1;2;2;930;28/06/2014
2014042849;5;2;1;1;6;930;05/07/2014
2014042850;1;2;4;1;2;930;08/07/2014
2014042851;1;1;1;1;2;930;16/07/2014
2014042852;1;2;1;1;6;930;19/07/2014
2014042853;5;2;1;8;6;930;21/07/2014
2014042854;1;1;1;1;3;930;22/07/2014
2014042855;1;2;3;1;3;930;27/07/2014
2014042856;1;2;1;1;6;930;28/07/2014
2014042857;5;2;2;1;7;930;30/07/2014
2014042858;1;2;1;1;6;930;31/07/2014
2014042859;1;2;6;1;2;930;02/08/2014
2014042860;1;2;2;1;3;930;18/08/2014
2014042861;1;2;1;1;3;930;01/09/2014
2014042862;1;2;1;1;1;930;01/09/2014
2014042863;4;2;1;1;3;930;06/09/2014
2014042864;1;2;1;1;6;930;11/09/2014
2014042865;5;2;1;1;6;930;13/09/2014
2014042866;5;2;1;1;2;930;18/09/2014
2014042867;1;2;2;1;3;930;19/09/2014
2014042868;5;2;2;1;3;930;25/09/2014
2014042869;1;2;2;3;6;930;29/09/2014
2014042870;1;2;1;2;2;930;29/09/2014
2014042871;1;2;1;2;2;930;29/09/2014
2014042872;2;2;2;1;3;930;02/10/2014
2014042873;5;2;6;2;7;930;06/10/2014
2014042874;1;2;1;2;7;930;08/10/2014
2014042875;5;2;1;1;6;930;19/10/2014
2014042876;5;2;1;2;6;930;20/10/2014
2014042877;1;2;6;1;3;930;27/10/2014
2014042878;5;2;2;1;2;930;22/11/2014
2014042879;5;2;1;2;1;930;26/11/2014
2014042880;5;2;1;1;6;930;27/11/2014
2014042881;5;2;1;1;3;930;11/12/2014
2014042882;2;2;1;3;7;930;17/12/2014
2014042883;1;2;3;8;3;930;20/12/2014
2014042884;5;2;1;2;6;930;22/12/2014
2014042885;5;2;1;1;3;930;23/12/2014
2014042886;1;2;1;8;6;930;30/12/2014
2014042887;1;2;1;1;1;930;03/01/2014
2014042888;5;2;1;1;6;930;13/01/2014
2014042889;5;2;3;1;6;930;26/01/2014
2014042890;1;2;1;8;6;930;05/02/2014
2014042891;5;2;1;2;6;930;08/02/2014
2014042892;1;2;4;8;5;930;08/02/2014
2014042893;5;2;1;1;6;930;08/02/2014
2014042894;1;2;1;1;7;930;16/02/2014
2014042895;5;2;1;1;6;930;18/02/2014
2014042896;1;2;6;1;3;930;19/02/2014
2014042897;5;2;1;2;6;930;20/02/2014
2014042898;1;2;3;1;2;930;23/02/2014
2014042899;2;2;1;8;1;930;25/02/2014
2014042900;1;2;2;1;1;930;06/03/2014
2014042901;1;2;1;1;6;930;15/03/2014
2014042902;1;2;3;1;3;930;20/03/2014
2014042903;1;2;1;1;3;930;06/03/2014
2014042904;1;2;1;1;5;930;28/03/2014
2014042905;5;2;1;1;3;930;30/03/2014
2014042906;5;2;1;1;7;930;02/04/2014
2014042907;1;2;2;1;3;930;09/04/2014
2014042908;2;2;1;1;6;930;21/04/2014
2014042909;1;2;1;1;2;930;09/05/2014
2014042910;2;2;1;1;6;930;14/05/2014
2014042911;1;2;9;1;2;930;15/05/2014
2014042912;1;2;1;8;6;930;23/05/2014
2014042913;1;2;6;2;3;930;28/05/2014
2014042914;1;2;1;1;3;930;30/05/2014
2014042915;1;2;1;1;6;930;01/06/2014
2014042916;1;2;1;1;7;930;15/06/2014
2014042917;1;2;1;1;6;930;17/06/2014
2014042918;1;2;5;9;3;930;24/06/2014
2014042919;1;2;3;1;6;930;01/07/2014
2014042920;1;2;1;1;6;930;03/07/2014
2014042921;1;2;1;2;3;930;08/07/2014
2014042922;5;2;1;1;2;930;12/07/2014
2014042923;1;2;1;8;3;930;12/07/2014
2014042924;5;2;7;1;3;930;23/07/2014
2014042925;5;2;1;1;4;930;28/07/2014
2014042926;1;2;8;1;2;930;16/08/2014
2014042927;5;2;1;1;3;930;28/08/2014
2014042928;1;2;1;1;4;930;29/08/2014
2014042929;1;2;1;1;2;930;04/09/2014
2014042930;5;2;2;1;2;930;09/09/2014
2014042931;1;2;1;1;3;930;12/09/2014
2014042932;1;2;4;1;6;930;18/09/2014
2014042933;1;2;4;1;3;930;26/09/2014
2014042934;5;2;1;2;6;930;07/10/2014
2014042935;1;2;1;2;1;930;07/10/2014
2014042936;1;2;3;1;3;930;07/10/2014
2014042937;1;2;3;1;2;930;20/10/2014
2014042938;5;2;2;1;3;930;01/11/2014
2014042939;1;2;1;1;2;930;08/11/2014
2014042940;1;2;3;8;6;930;26/11/2014
2014042941;5;2;6;2;6;930;26/11/2014
2014042942;5;2;0;2;2;930;26/11/2014
2014042943;5;2;1;2;3;930;28/11/2014
2014042944;1;2;1;1;6;930;28/11/2014
2014042945;5;2;1;1;2;930;28/11/2014
2014042946;1;2;3;1;6;930;01/12/2014
2014042947;5;2;1;1;7;930;18/12/2014
2014042948;5;2;2;1;3;930;21/12/2014
2014042949;5;2;0;2;2;930;24/12/2014
2014042950;1;2;0;1;3;930;31/12/2014
2014042951;5;2;1;2;1;930;04/01/2014
2014042952;1;2;1;8;6;930;11/01/2014
2014042953;3;2;1;1;3;930;12/01/2014
2014042954;5;2;1;8;3;930;17/01/2014
2014042955;1;2;1;8;7;930;21/01/2014
2014042956;4;2;1;2;2;930;23/01/2014
2014042957;1;2;1;1;6;930;27/01/2014
2014042958;1;2;1;1;7;930;03/02/2014
2014042959;5;2;1;2;7;930;12/02/2014
2014042960;1;2;1;1;6;930;17/02/2014
2014042961;2;2;1;1;1;930;06/03/2014
2014042962;1;2;1;2;6;930;28/02/2014
2014042963;1;2;1;1;3;930;10/03/2014
2014042964;1;2;1;1;6;930;13/03/2014
2014042965;1;2;1;1;3;930;08/04/2014
2014042966;1;2;1;1;7;930;08/04/2014
2014042967;1;2;1;1;6;930;12/04/2014
2014042968;3;2;1;1;6;930;12/04/2014
2014042969;1;2;1;1;6;930;09/05/2014
2014042970;5;2;3;1;3;930;17/05/2014
2014042971;1;2;1;1;6;930;19/05/2014
2014042972;1;2;1;2;3;930;23/05/2014
2014042973;1;2;1;1;6;930;17/06/2014
2014042974;5;2;3;3;6;930;09/06/2014
2014042975;1;2;1;1;6;930;11/06/2014
2014042976;2;2;1;1;1;930;18/06/2014
2014042977;1;2;1;1;3;930;24/06/2014
2014042978;1;2;1;1;6;930;25/06/2014
2014042979;1;2;1;3;7;930;28/06/2014
2014042980;1;2;1;1;2;930;01/07/2014
2014042981;4;2;1;3;2;930;09/07/2014
2014042982;1;2;1;2;7;930;10/07/2014
2014042983;1;2;1;3;6;930;11/07/2014
2014042984;1;2;1;1;6;930;15/07/2014
2014042985;1;2;1;1;6;930;17/07/2014
2014042986;5;2;1;1;6;930;04/08/2014
2014042987;1;2;1;1;6;930;13/08/2014
2014042988;1;2;2;1;3;930;26/08/2014
2014042989;1;2;2;1;6;930;27/08/2014
2014042990;1;2;1;1;6;930;03/09/2014
2014042991;5;2;1;1;6;930;03/09/2014
2014042992;1;2;1;1;4;930;04/09/2014
2014042993;5;2;3;1;3;930;05/09/2014
2014042994;1;2;1;1;2;930;09/09/2014
2014042995;1;2;4;1;3;930;10/09/2014
2014042996;2;2;1;1;6;930;12/09/2014
2014042997;5;2;3;1;3;930;14/09/2014
2014042998;1;2;1;1;3;930;16/09/2014
2014042999;1;2;1;1;3;930;17/09/2014
2014043000;2;2;1;2;3;930;24/09/2014
2014043001;1;2;1;8;6;930;13/10/2014
2014043002;1;2;1;1;3;930;13/10/2014
2014043003;1;2;1;1;5;930;19/10/2014
2014043004;1;2;1;2;2;930;20/10/2014
2014043005;1;2;1;2;6;930;21/10/2014
2014043006;5;2;1;1;6;930;27/10/2014
2014043007;1;2;1;1;6;930;08/11/2014
2014043008;5;2;1;1;6;930;09/11/2014
2014043009;3;2;1;2;6;930;14/11/2014
2014043010;4;2;0;2;6;930;17/11/2014
2014043011;5;2;1;2;7;930;18/11/2014
2014043012;1;2;1;8;6;930;27/11/2014
2014043013;2;2;3;8;1;930;01/12/2014
2014043014;5;2;0;1;3;930;23/12/2014
2014043015;5;2;4;2;1;930;27/12/2014
2014043016;5;2;9;1;3;930;31/12/2014
2014043017;1;2;2;1;3;930;03/01/2014
2014043018;5;2;2;1;3;930;03/01/2014
2014043019;5;2;1;1;6;930;08/01/2014
2014043020;1;2;2;1;3;930;08/01/2014
2014043021;1;2;2;8;3;930;09/01/2014
2014043022;1;2;1;2;6;930;09/01/2014
2014043023;5;2;5;2;6;930;09/01/2014
2014043024;5;2;3;1;3;930;09/01/2014
2014043025;2;2;4;5;3;930;10/01/2014
2014043026;5;2;2;9;6;930;16/01/2014