num_acc;lum;agg;inter;atm;col;dep;date
2014043607;1;2;1;1;6;930;21/04/2014
2014043608;1;1;0;2;2;930;12/05/2014
2014043609;5;2;3;1;1;930;14/05/2014
2014043610;1;2;1;1;2;930;15/05/2014
2014043611;1;1;6;1;2;930;17/05/2014
2014043612;1;2;2;1;3;930;17/05/2014
2014043613;1;2;1;2;1;930;21/05/2014
2014043614;1;2;1;1;2;930;25/05/2014
2014043615;1;2;1;1;3;930;25/05/2014
2014043616;1;2;1;1;2;930;03/06/2014
2014043617;5;2;1;1;6;930;06/06/2014
2014043618;1;2;1;1;6;930;06/06/2014
2014043619;1;2;1;1;1;930;11/06/2014
2014043620;1;2;1;1;6;930;06/06/2014
2014043621;1;2;1;1;6;930;13/06/2014
2014043622;1;2;1;1;1;930;13/06/2014
2014043623;1;2;1;1;6;930;20/06/2014
2014043624;1;2;1;1;6;930;21/06/2014
2014043625;1;2;1;1;6;930;23/06/2014
2014043626;1;2;1;1;3;930;25/06/2014
2014043627;1;2;5;1;3;930;27/06/2014
2014043628;1;2;1;2;6;930;06/07/2014
2014043629;1;2;2;1;6;930;15/07/2014
2014043630;1;2;1;1;6;930;15/07/2014
2014043631;1;2;1;1;3;930;19/07/2014
2014043632;1;2;1;1;3;930;20/07/2014
2014043633;1;2;2;9;3;930;23/07/2014
2014043634;1;2;3;1;3;930;03/08/2014
2014043635;1;2;1;1;6;930;05/08/2014
2014043636;1;2;6;1;3;930;12/08/2014
2014043637;1;2;1;1;3;930;26/08/2014
2014043638;1;2;4;1;3;930;30/08/2014
2014043639;1;2;1;1;2;930;03/09/2014
2014043640;1;2;9;1;1;930;17/09/2014
2014043641;1;2;1;1;6;930;25/09/2014
2014043642;1;2;2;1;2;930;27/09/2014
2014043643;1;2;3;5;3;930;30/09/2014
2014043644;1;2;1;1;6;930;03/10/2014
2014043645;1;2;1;1;6;930;13/10/2014
2014043646;1;2;6;1;2;930;14/10/2014
2014043647;1;2;6;1;2;930;14/10/2014
2014043648;1;2;2;1;3;930;18/10/2014
2014043649;1;2;6;1;3;930;21/10/2014
2014043650;1;2;3;1;2;930;22/10/2014
2014043651;5;2;1;2;2;930;05/11/2014
2014043652;3;2;1;1;6;930;12/11/2014
2014043653;5;2;1;1;4;930;13/11/2014
2014043654;5;2;0;1;1;930;14/11/2014
2014043655;3;2;1;1;4;930;19/11/2014
2014043656;1;2;2;1;5;930;21/11/2014
2014043657;1;2;1;1;2;930;22/11/2014
2014043658;1;2;1;1;6;930;25/11/2014
2014043659;5;2;1;1;1;930;04/12/2014
2014043660;5;2;0;1;1;930;04/12/2014
2014043661;5;2;0;1;6;930;08/12/2014
2014043662;1;2;6;5;2;930;14/12/2014
2014043663;1;2;1;1;6;930;16/12/2014
2014043664;1;2;3;1;6;930;16/12/2014
2014043665;5;2;0;1;6;930;16/12/2014
2014043666;1;2;0;3;6;930;17/12/2014
2014043667;5;2;1;8;3;940;03/01/2014
2014043668;5;2;1;1;2;940;21/01/2014
2014043669;1;2;3;1;2;940;24/01/2014
2014043670;5;2;1;2;3;940;28/01/2014
2014043671;5;2;2;1;3;940;13/02/2014
2014043672;1;2;1;2;6;940;14/02/2014
2014043673;5;2;3;2;3;940;20/02/2014
2014043674;3;2;1;1;3;940;20/02/2014
2014043675;5;2;2;1;3;940;05/03/2014
2014043676;1;2;1;1;3;940;17/03/2014
2014043677;5;2;3;1;3;940;21/04/2014
2014043678;1;2;2;2;3;940;29/04/2014
2014043679;2;2;3;3;3;940;29/04/2014
2014043680;1;2;2;2;2;940;11/05/2014
2014043681;1;2;2;1;6;940;12/05/2014
2014043682;2;2;1;2;2;940;28/05/2014
2014043683;1;2;3;1;3;940;19/06/2014
2014043684;1;2;1;1;2;940;02/07/2014
2014043685;1;2;3;1;3;940;19/07/2014
2014043686;1;2;3;1;2;940;21/07/2014
2014043687;1;2;3;1;2;940;29/07/2014
2014043688;1;2;2;2;3;940;06/08/2014
2014043689;1;2;3;1;3;940;21/08/2014
2014043690;1;2;2;1;3;940;22/08/2014
2014043691;1;2;3;1;3;940;27/08/2014
2014043692;1;2;2;1;6;940;11/09/2014
2014043693;1;2;3;1;1;940;15/09/2014
2014043694;1;2;3;1;6;940;18/09/2014
2014043695;1;2;1;1;6;940;18/10/2014
2014043696;5;2;1;1;6;940;22/10/2014
2014043697;5;2;1;9;6;940;16/11/2014
2014043698;1;2;1;1;6;940;19/11/2014
2014043699;5;2;3;1;3;940;01/12/2014
2014043700;2;2;3;2;3;940;03/12/2014
2014043701;5;2;9;2;6;940;10/12/2014
2014043702;5;2;9;1;2;940;14/12/2014
2014043703;5;2;1;2;2;940;17/12/2014
2014043704;2;2;1;1;6;940;18/12/2014
2014043705;1;2;1;1;3;940;02/10/2014
2014043706;1;2;1;1;6;940;03/10/2014
2014043707;1;2;3;1;6;940;30/05/2014
2014043708;1;2;9;2;6;940;08/10/2014
2014043709;2;2;1;1;6;940;11/10/2014
2014043710;1;2;3;9;4;940;30/12/2014
2014043711;5;2;1;1;6;940;12/10/2014
2014043712;1;2;1;1;3;940;16/10/2014
2014043713;1;2;1;1;1;940;18/10/2014
2014043714;5;2;1;1;6;940;19/10/2014
2014043715;5;2;6;1;7;940;19/10/2014
2014043716;1;1;2;1;4;940;20/10/2014
2014043717;2;2;1;1;2;940;27/10/2014
2014043718;1;2;3;1;3;940;30/10/2014
2014043719;1;2;3;1;1;940;31/10/2014
2014043720;3;2;1;8;6;940;01/01/2014
2014043721;5;2;1;1;1;940;05/11/2014
2014043722;2;2;1;1;3;940;06/11/2014
2014043723;1;2;1;1;2;940;06/11/2014
2014043724;1;2;3;1;7;940;31/07/2014
2014043725;5;2;1;1;3;940;07/01/2014
2014043726;5;2;3;1;6;940;09/11/2014
2014043727;2;2;3;8;6;940;09/01/2014
2014043728;1;2;3;1;6;940;11/11/2014
2014043729;1;2;1;8;6;940;14/01/2014
2014043730;5;2;2;1;3;940;17/01/2014
2014043731;5;2;1;1;1;940;17/01/2014
2014043732;5;2;1;1;6;940;19/11/2014
2014043733;1;2;1;1;6;940;19/01/2014
2014043734;1;2;6;1;1;940;12/01/2014
2014043735;5;2;1;1;7;940;23/11/2014
2014043736;1;2;6;1;6;940;23/01/2014
2014043737;1;2;1;2;1;940;25/11/2014
2014043738;5;2;2;1;3;940;25/01/2014
2014043739;1;2;1;1;6;940;29/11/2014
2014043740;1;2;1;1;5;940;29/11/2014
2014043741;5;2;1;2;3;940;02/12/2014
2014043742;1;2;1;1;6;940;03/02/2014
2014043743;1;2;2;1;2;940;06/02/2014
2014043744;2;2;1;1;6;940;05/12/2014
2014043745;5;2;3;1;7;940;09/12/2014
2014043746;1;2;1;1;6;940;10/02/2014
2014043747;5;2;2;1;3;940;12/10/2014
2014043748;5;2;6;1;6;940;10/12/2014
2014043749;1;2;3;2;3;940;10/12/2014
2014043750;1;2;3;2;3;940;11/02/2014
2014043751;5;2;3;2;5;940;02/12/2014
2014043752;1;2;3;1;3;940;14/02/2014
2014043753;5;2;1;1;6;940;15/02/2014
2014043754;5;2;1;3;6;940;17/12/2014
2014043755;5;2;1;3;6;940;17/12/2014
2014043756;1;2;9;8;3;940;19/12/2014
2014043757;1;1;3;1;2;940;21/02/2014
2014043758;3;1;1;2;7;940;21/12/2014
2014043759;1;2;1;1;6;940;22/12/2014
2014043760;1;2;2;2;7;940;23/12/2014
2014043761;4;2;2;3;6;940;24/12/2014
2014043762;2;2;2;2;1;940;26/12/2014
2014043763;5;2;1;1;7;940;13/03/2014
2014043764;5;2;2;1;3;940;01/03/2014
2014043765;1;2;4;1;3;940;02/03/2014
2014043766;1;2;1;1;3;940;02/04/2014
2014043767;1;2;3;1;6;940;05/03/2014
2014043768;1;2;2;1;7;940;07/03/2014
2014043769;1;2;1;1;6;940;07/03/2014
2014043770;1;2;1;1;4;940;08/03/2014
2014043771;2;2;1;1;6;940;14/11/2014
2014043772;1;2;1;1;6;940;14/03/2014
2014043773;5;2;4;1;3;940;14/03/2014
2014043774;1;2;3;1;3;940;15/03/2014
2014043775;1;2;3;1;3;940;17/03/2014
2014043776;2;2;3;1;6;940;21/03/2014
2014043777;1;2;3;1;3;940;31/03/2014
2014043778;1;2;3;1;4;940;27/03/2014
2014043779;1;2;6;1;7;940;24/05/2014
2014043780;1;2;4;1;3;940;08/04/2014
2014043781;1;2;2;1;2;940;09/04/2014
2014043782;1;2;4;1;3;940;10/04/2014
2014043783;1;2;1;1;7;940;14/10/2014
2014043784;5;2;2;1;1;940;21/11/2014
2014043785;1;2;3;1;3;940;04/12/2014
2014043786;1;2;3;1;6;940;14/04/2014
2014043787;5;2;1;1;6;940;15/04/2014
2014043788;1;2;1;1;6;940;22/04/2014
2014043789;1;2;1;8;7;940;25/04/2014
2014043790;1;2;6;8;6;940;25/04/2014
2014043791;1;2;3;1;2;940;28/04/2014
2014043792;5;2;6;1;6;940;16/07/2014
2014043793;1;2;1;1;3;940;02/05/2014
2014043794;1;2;1;1;2;940;02/05/2014
2014043795;2;2;4;2;2;940;25/03/2014
2014043796;1;2;1;1;3;940;07/05/2014
2014043797;1;2;1;1;3;940;18/05/2014
2014043798;1;1;2;1;2;940;19/05/2014
2014043799;2;2;3;2;2;940;23/05/2014
2014043800;1;2;1;1;2;940;02/06/2014
2014043801;1;2;1;2;2;940;04/06/2014
2014043802;1;2;1;2;6;940;26/05/2014
2014043803;5;2;1;1;6;940;07/06/2014
2014043804;1;2;2;1;3;940;26/08/2014
2014043805;5;2;2;3;3;940;16/10/2014
2014043806;1;2;1;2;6;940;26/11/2014
2014043807;5;2;1;1;6;940;12/06/2014
2014043808;1;2;1;1;4;940;18/06/2014
2014043809;1;2;1;1;5;940;19/06/2014
2014043810;1;2;1;1;6;940;24/06/2014
2014043811;5;2;5;2;6;940;28/06/2014
2014043812;3;2;1;2;6;940;29/06/2014
2014043813;1;2;1;1;2;940;02/07/2014
2014043814;5;2;2;1;1;940;17/03/2014
2014043815;1;2;5;2;2;940;04/07/2014
2014043816;1;2;1;2;3;940;05/07/2014
2014043817;1;2;3;1;6;940;07/08/2014
2014043818;1;2;1;1;6;940;17/09/2014
2014043819;3;2;6;1;6;940;17/10/2014
2014043820;5;2;7;2;3;940;07/12/2014
2014043821;1;2;3;1;4;940;14/07/2014
2014043822;1;2;4;1;1;940;15/07/2014
2014043823;1;2;1;1;6;940;17/07/2014
2014043824;1;2;1;1;6;940;17/07/2014
2014043825;1;2;1;1;7;940;25/07/2014
2014043826;1;2;1;1;6;940;25/07/2014
2014043827;1;2;1;1;6;940;26/07/2014
2014043828;1;2;1;1;6;940;26/07/2014
2014043829;1;2;2;1;3;940;29/07/2014
2014043830;1;2;2;1;3;940;07/08/2014
2014043831;1;2;2;1;2;940;18/07/2014
2014043832;1;2;6;1;2;940;18/07/2014
2014043833;1;2;1;1;6;940;19/08/2014
2014043834;1;2;2;1;2;940;09/09/2014
2014043835;1;2;2;1;2;940;11/09/2014
2014043836;2;2;3;1;2;940;11/09/2014
2014043837;1;2;2;1;3;940;12/09/2014
2014043838;2;2;3;2;2;940;19/12/2014
2014043839;2;1;1;1;2;940;15/09/2014
2014043840;1;2;2;1;3;940;23/09/2014
2014043841;1;2;3;1;3;940;25/09/2014
2014043842;5;2;2;1;4;940;30/09/2014
2014043843;5;2;1;2;3;940;01/01/2014
2014043844;1;2;6;1;6;940;03/01/2014
2014043845;1;2;2;1;6;940;07/01/2014
2014043846;1;2;2;1;3;940;08/01/2014
2014043847;1;2;2;1;6;940;10/01/2014
2014043848;3;2;1;5;4;940;11/01/2014
2014043849;2;2;1;1;2;940;17/01/2014
2014043850;1;2;1;1;6;940;18/01/2014
2014043851;1;2;1;1;1;940;18/01/2014
2014043852;5;2;1;1;3;940;20/01/2014
2014043853;5;2;1;1;4;940;22/01/2014
2014043854;2;2;1;1;6;940;24/01/2014
2014043855;1;2;3;1;6;940;25/01/2014
2014043856;5;2;6;8;3;940;26/01/2014
2014043857;5;2;2;2;3;940;27/01/2014
2014043858;5;2;1;1;1;940;02/02/2014
2014043859;5;2;2;1;3;940;02/02/2014
2014043860;1;2;1;1;6;940;03/02/2014
2014043861;1;2;6;1;3;940;04/02/2014
2014043862;1;2;1;1;6;940;04/02/2014
2014043863;5;2;2;1;3;940;08/02/2014
2014043864;1;2;1;1;6;940;17/02/2014
2014043865;1;2;3;1;3;940;17/02/2014
2014043866;1;2;1;2;6;940;28/02/2014
2014043867;1;2;3;1;6;940;02/03/2014
2014043868;5;2;3;1;3;940;08/03/2014
2014043869;2;2;3;1;6;940;09/03/2014
2014043870;1;2;1;1;6;940;10/03/2014
2014043871;1;2;1;1;6;940;11/03/2014
2014043872;1;2;3;1;6;940;15/03/2014
2014043873;5;2;4;1;4;940;15/03/2014
2014043874;1;2;1;1;3;940;16/03/2014
2014043875;1;2;1;1;6;940;18/03/2014
2014043876;1;2;1;1;6;940;19/03/2014
2014043877;2;2;1;1;6;940;19/03/2014
2014043878;4;2;1;1;4;940;19/03/2014
2014043879;2;2;2;2;3;940;20/02/2014
2014043880;1;2;1;1;1;940;21/03/2014
2014043881;5;2;1;1;3;940;22/03/2014
2014043882;1;2;1;1;3;940;25/03/2014
2014043883;5;2;1;1;6;940;25/03/2014
2014043884;1;2;2;1;1;940;03/04/2014
2014043885;5;2;2;1;3;940;06/04/2014
2014043886;1;2;6;1;2;940;13/04/2014
2014043887;1;2;6;1;3;940;15/04/2014
2014043888;1;2;1;1;6;940;16/04/2014
2014043889;1;2;1;1;1;940;18/04/2014
2014043890;5;2;2;1;3;940;20/04/2014
2014043891;1;2;3;2;3;940;22/04/2014
2014043892;1;2;1;1;6;940;23/04/2014
2014043893;1;2;2;2;3;940;26/04/2014
2014043894;1;2;3;2;3;940;29/04/2014
2014043895;1;2;3;1;3;940;03/05/2014
2014043896;1;2;1;1;6;940;30/04/2014
2014043897;1;2;2;2;3;940;11/05/2014
2014043898;1;2;1;1;4;940;13/05/2014
2014043899;1;2;2;1;3;940;16/05/2014
2014043900;1;2;2;1;3;940;19/05/2014
2014043901;1;2;4;1;2;940;24/05/2014
2014043902;1;2;3;1;2;940;25/05/2014
2014043903;1;2;6;2;6;940;04/06/2014
2014043904;1;2;2;1;6;940;08/06/2014
2014043905;1;2;1;1;6;940;10/06/2014
2014043906;5;2;2;1;3;940;14/06/2014
2014043907;1;2;1;1;3;940;20/06/2014
2014043908;1;2;2;1;3;940;26/06/2014
2014043909;1;2;1;1;6;940;28/06/2014
2014043910;1;2;1;1;6;940;30/06/2014
2014043911;1;2;3;1;3;940;03/07/2014
2014043912;1;2;1;2;4;940;06/07/2014
2014043913;1;2;1;1;6;940;18/07/2014
2014043914;5;2;3;1;3;940;20/07/2014
2014043915;1;2;2;1;1;940;21/07/2014
2014043916;1;2;1;1;3;940;23/07/2014
2014043917;1;2;1;1;6;940;24/07/2014
2014043918;1;2;3;1;6;940;24/07/2014
2014043919;1;2;1;1;2;940;30/07/2014
2014043920;5;2;2;2;3;940;03/08/2014
2014043921;5;1;2;1;2;940;07/08/2014
2014043922;1;2;1;2;3;940;07/08/2014
2014043923;1;2;4;1;2;940;14/08/2014
2014043924;1;2;1;1;4;940;21/08/2014
2014043925;1;2;2;1;6;940;25/08/2014
2014043926;1;2;2;1;3;940;28/08/2014
2014043927;1;2;2;1;3;940;01/09/2014
2014043928;1;2;1;1;3;940;05/09/2014
2014043929;2;2;1;1;3;940;06/09/2014
2014043930;1;2;1;1;6;940;09/09/2014
2014043931;1;2;1;1;4;940;11/09/2014
2014043932;4;2;1;1;1;940;12/09/2014
2014043933;1;2;3;1;4;940;18/09/2014
2014043934;1;2;1;1;3;940;29/09/2014
2014043935;1;2;1;2;3;940;03/10/2014
2014043936;1;2;2;1;3;940;04/10/2014
2014043937;5;2;1;1;6;940;10/10/2014
2014043938;2;2;6;2;3;940;16/10/2014
2014043939;5;2;1;1;6;940;22/10/2014
2014043940;1;2;1;1;6;940;23/10/2014
2014043941;1;2;2;1;3;940;23/10/2014
2014043942;5;1;1;1;1;940;25/10/2014
2014043943;5;2;1;1;3;940;25/10/2014
2014043944;1;2;1;1;4;940;27/10/2014
2014043945;2;2;1;1;3;940;03/11/2014
2014043946;1;2;1;1;6;940;05/11/2014
2014043947;1;2;1;1;6;940;15/11/2014
2014043948;1;2;1;1;2;940;26/11/2014
2014043949;1;2;1;1;6;940;27/11/2014
2014043950;2;2;2;2;3;940;01/12/2014
2014043951;1;2;1;1;6;940;06/12/2014
2014043952;5;2;6;1;6;940;09/12/2014
2014043953;1;2;1;2;6;940;10/12/2014
2014043954;5;2;2;3;3;940;12/12/2014
2014043955;5;2;1;1;6;940;21/12/2014
2014043956;5;2;2;1;3;940;25/12/2014
2014043957;2;2;1;1;3;940;28/12/2014
2014043958;1;2;1;1;6;940;30/12/2014
2014043959;1;2;2;1;3;940;03/01/2014
2014043960;1;2;3;2;1;940;06/01/2014
2014043961;5;2;3;1;7;940;08/03/2014
2014043962;5;2;1;1;2;940;31/10/2014
2014043963;1;2;3;1;3;940;31/01/2014
2014043964;1;2;3;1;3;940;10/02/2014
2014043965;1;2;1;2;7;940;11/02/2014
2014043966;5;2;2;1;3;940;14/02/2014
2014043967;1;2;1;2;3;940;03/03/2014
2014043968;2;2;3;2;1;940;03/03/2014
2014043969;1;2;1;1;3;940;09/03/2014
2014043970;5;2;2;1;3;940;11/03/2014
2014043971;5;2;1;1;3;940;23/03/2014
2014043972;1;2;2;2;1;940;25/03/2014
2014043973;1;1;1;1;6;940;06/04/2014
2014043974;1;2;2;1;3;940;16/04/2014
2014043975;2;2;2;3;3;940;25/04/2014
2014043976;1;2;3;1;2;940;25/04/2014
2014043977;1;2;1;2;6;940;26/04/2014
2014043978;1;2;2;2;2;940;06/05/2014
2014043979;1;2;1;2;3;940;12/05/2014
2014043980;1;2;2;1;6;940;16/05/2014
2014043981;1;2;1;1;6;940;23/05/2014
2014043982;1;2;2;1;2;940;03/06/2014
2014043983;1;2;2;1;2;940;14/06/2014
2014043984;1;2;1;1;6;940;27/06/2014
2014043985;1;2;1;1;6;940;30/06/2014
2014043986;1;2;3;1;2;940;11/07/2014
2014043987;1;2;1;1;6;940;12/07/2014
2014043988;2;2;1;8;6;940;10/08/2014
2014043989;1;2;2;1;3;940;22/09/2014
2014043990;1;2;1;1;6;940;26/09/2014
2014043991;1;2;1;1;6;940;28/09/2014
2014043992;1;2;2;1;6;940;03/10/2014
2014043993;1;2;2;1;3;940;03/10/2014
2014043994;1;2;1;1;1;940;04/10/2014
2014043995;1;2;3;1;3;940;08/10/2014
2014043996;1;2;1;1;4;940;12/10/2014
2014043997;1;2;1;1;5;940;13/10/2014
2014043998;1;2;1;1;6;940;14/10/2014
2014043999;1;2;3;8;3;940;17/10/2014
2014044000;1;2;3;1;3;940;21/10/2014
2014044001;1;2;1;8;2;940;27/10/2014
2014044002;5;2;1;3;6;940;03/11/2014
2014044003;5;2;3;1;6;940;04/11/2014
2014044004;1;2;3;8;2;940;07/11/2014
2014044005;2;2;2;8;1;940;09/11/2014
2014044006;1;2;1;1;7;940;11/11/2014
2014044007;1;2;1;1;3;940;13/11/2014
2014044008;5;2;3;1;3;940;13/11/2014
2014044009;1;2;2;2;3;940;16/11/2014
2014044010;2;2;2;2;6;940;17/11/2014
2014044011;5;2;2;2;3;940;17/11/2014
2014044012;2;2;1;2;6;940;18/11/2014
2014044013;5;2;1;2;3;940;17/12/2014
2014044014;5;2;1;1;6;940;18/12/2014
2014044015;1;2;1;2;1;940;23/12/2014
2014044016;5;2;6;1;3;940;29/12/2014
2014044017;5;2;2;2;3;940;01/01/2014
2014044018;5;2;2;1;3;940;02/01/2014
2014044019;1;2;6;1;6;940;03/01/2014
2014044020;5;2;1;1;3;940;10/01/2014
2014044021;1;2;2;1;6;940;17/01/2014
2014044022;5;2;3;3;3;940;23/01/2014
2014044023;5;2;1;1;6;940;25/01/2014
2014044024;1;2;1;1;6;940;30/01/2014
2014044025;5;2;3;1;6;940;30/01/2014
2014044026;2;2;1;5;2;940;31/01/2014
2014044027;1;2;2;1;3;940;31/01/2014
2014044028;1;2;6;1;3;940;02/02/2014
2014044029;5;2;3;2;3;940;08/02/2014
2014044030;5;2;3;1;3;940;09/02/2014
2014044031;5;2;3;1;2;940;10/02/2014
2014044032;1;2;4;1;1;940;16/02/2014
2014044033;5;2;1;1;2;940;06/03/2014
2014044034;1;2;1;1;2;940;09/03/2014
2014044035;1;2;3;1;3;940;09/03/2014
2014044036;1;2;2;1;6;940;10/03/2014
2014044037;1;2;2;7;6;940;13/03/2014
2014044038;5;2;6;1;6;940;14/03/2014
2014044039;1;2;1;1;3;940;15/03/2014
2014044040;5;2;2;1;3;940;23/03/2014
2014044041;5;2;3;1;3;940;27/03/2014
2014044042;5;2;2;1;3;940;28/03/2014
2014044043;3;2;6;1;3;940;04/04/2014
2014044044;1;2;1;8;6;940;04/04/2014
2014044045;1;2;6;1;3;940;14/04/2014
2014044046;1;2;3;1;3;940;19/04/2014
2014044047;1;2;1;3;3;940;22/04/2014
2014044048;1;1;1;1;5;940;09/05/2014
2014044049;5;2;3;2;4;940;26/04/2014
2014044050;5;2;2;1;3;940;10/05/2014
2014044051;2;2;4;1;1;940;16/05/2014
2014044052;1;2;3;1;4;940;22/05/2014
2014044053;1;2;2;2;3;940;26/05/2014
2014044054;1;1;1;2;2;940;26/05/2014
2014044055;1;2;1;1;4;940;26/05/2014
2014044056;1;2;3;1;6;940;31/05/2014
2014044057;1;2;2;1;3;940;06/06/2014
2014044058;1;2;3;1;3;940;11/06/2014
2014044059;1;2;2;1;6;940;12/06/2014
2014044060;1;2;1;1;3;940;13/06/2014
2014044061;1;2;2;1;3;940;13/06/2014
2014044062;1;2;3;1;2;940;14/06/2014
2014044063;1;2;1;1;1;940;21/06/2014
2014044064;1;2;2;1;3;940;21/06/2014
2014044065;1;2;2;1;3;940;22/06/2014
2014044066;1;2;6;1;3;940;25/06/2014
2014044067;5;2;1;2;1;940;29/06/2014
2014044068;2;2;1;1;6;940;03/07/2014
2014044069;1;2;3;1;3;940;04/07/2014
2014044070;1;1;1;3;6;940;06/07/2014
2014044071;1;2;3;1;3;940;19/07/2014
2014044072;1;2;1;1;4;940;25/07/2014
2014044073;1;2;3;1;3;940;28/07/2014
2014044074;2;2;3;1;2;940;07/08/2014
2014044075;1;2;3;2;6;940;08/08/2014
2014044076;1;2;2;1;3;940;11/08/2014
2014044077;5;2;1;1;6;940;13/08/2014
2014044078;1;2;5;1;3;940;27/08/2014
2014044079;1;1;1;1;5;940;28/08/2014
2014044080;5;2;2;1;2;940;29/08/2014
2014044081;1;2;1;1;6;940;30/08/2014
2014044082;1;2;3;1;3;940;04/09/2014
2014044083;5;2;2;1;3;940;10/09/2014
2014044084;1;2;6;1;3;940;12/09/2014
2014044085;1;2;2;1;3;940;19/09/2014
2014044086;1;2;1;1;3;940;26/09/2014
2014044087;1;2;1;1;3;940;02/10/2014
2014044088;1;2;4;1;3;940;02/10/2014
2014044089;1;2;1;1;6;940;03/10/2014
2014044090;1;2;1;1;3;940;13/10/2014
2014044091;1;2;2;1;6;940;14/10/2014
2014044092;1;2;1;8;6;940;16/10/2014
2014044093;5;2;1;1;6;940;18/10/2014
2014044094;2;2;2;1;1;940;21/10/2014
2014044095;1;2;2;1;3;940;01/11/2014
2014044096;1;2;2;8;6;940;04/11/2014
2014044097;1;2;1;1;2;940;04/11/2014
2014044098;5;2;1;1;7;940;15/11/2014
2014044099;1;2;1;2;6;940;16/11/2014
2014044100;1;2;1;1;2;940;12/11/2014
2014044101;2;2;5;1;3;940;13/11/2014
2014044102;5;2;5;1;3;940;13/11/2014
2014044103;2;2;1;9;6;940;16/11/2014
2014044104;1;2;1;1;6;940;20/11/2014
2014044105;2;2;1;1;6;940;26/11/2014
2014044106;2;2;6;2;6;940;26/11/2014
2014044107;1;2;1;1;6;940;28/11/2014
2014044108;1;2;1;1;6;940;30/11/2014
2014044109;1;2;1;1;1;940;23/11/2014
2014044110;1;2;2;1;6;940;05/11/2014
2014044111;1;2;1;1;6;940;05/12/2014
2014044112;1;2;1;1;6;940;05/12/2014
2014044113;2;2;1;2;6;940;10/12/2014
2014044114;5;2;2;8;3;940;11/12/2014
2014044115;5;2;3;2;6;940;12/12/2014
2014044116;1;2;1;2;6;940;13/12/2014
2014044117;1;2;1;8;6;940;16/12/2014
2014044118;1;2;1;2;6;940;18/12/2014
2014044119;2;2;1;2;5;940;20/12/2014
2014044120;5;2;1;2;2;940;26/12/2014
2014044121;5;2;5;2;6;940;24/12/2014
2014044122;5;2;2;1;5;940;18/04/2014
2014044123;1;2;1;1;6;940;19/04/2014
2014044124;1;2;1;1;2;940;30/12/2014
2014044125;1;2;6;1;3;940;20/04/2014
2014044126;1;2;3;2;3;940;11/02/2014
2014044127;1;2;1;1;6;940;06/01/2014
2014044128;5;2;2;1;6;940;24/04/2014
2014044129;1;2;3;2;6;940;25/04/2014
2014044130;1;1;3;2;3;940;26/04/2014
2014044131;1;2;3;1;6;940;16/08/2014
2014044132;2;2;2;2;6;940;10/12/2014
2014044133;3;2;1;2;2;940;10/12/2014
2014044134;5;2;1;2;4;940;13/01/2014
2014044135;2;2;9;2;6;940;11/12/2014
2014044136;2;2;2;1;3;940;17/01/2014
2014044137;1;2;2;1;3;940;22/05/2014
2014044138;1;2;1;1;6;940;04/05/2014
2014044139;5;2;1;1;2;940;13/04/2014
2014044140;1;2;1;1;6;940;26/08/2014
2014044141;5;2;1;2;3;940;17/12/2014
2014044142;1;2;5;1;6;940;20/06/2014
2014044143;1;2;6;1;6;940;06/05/2014
2014044144;1;2;2;2;3;940;07/05/2014
2014044145;1;2;2;1;6;940;22/01/2014
2014044146;5;2;2;1;3;940;20/12/2014
2014044147;5;2;1;2;6;940;22/01/2014
2014044148;1;2;3;1;6;940;23/01/2014
2014044149;2;2;3;1;3;940;22/12/2014
2014044150;1;2;3;1;3;940;01/08/2014
2014044151;5;2;3;9;6;940;06/08/2014
2014044152;5;2;1;1;3;940;25/12/2014
2014044153;1;2;2;1;6;940;06/05/2014
2014044154;1;2;1;1;6;940;04/09/2014
2014044155;1;2;1;1;7;940;28/12/2014
2014044156;1;2;1;1;6;940;15/09/2014
2014044157;5;2;2;1;3;940;28/12/2014
2014044158;1;2;3;1;6;940;05/09/2014
2014044159;1;2;3;1;3;940;05/09/2014
2014044160;5;2;3;2;1;940;29/12/2014
2014044161;1;2;2;1;3;940;26/09/2014
2014044162;1;1;2;1;2;940;27/09/2014
2014044163;1;2;1;1;3;940;16/05/2014
2014044164;1;2;1;1;6;940;17/05/2014
2014044165;1;2;2;8;3;940;23/10/2014
2014044166;1;2;6;2;6;940;20/05/2014
2014044167;5;2;1;2;6;940;01/12/2014
2014044168;1;2;3;1;6;940;07/02/2014
2014044169;1;2;1;1;6;940;27/05/2014
2014044170;1;2;1;1;3;940;19/09/2014
2014044171;1;2;1;1;3;940;16/02/2014
2014044172;1;2;1;1;6;940;25/09/2014
2014044173;5;2;2;1;3;940;20/02/2014
2014044174;1;2;1;1;4;940;01/10/2014
2014044175;1;2;3;1;3;940;01/10/2014
2014044176;1;2;3;1;2;940;24/02/2014
2014044177;1;2;2;1;6;940;10/06/2014
2014044178;1;2;1;1;6;940;03/10/2014
2014044179;1;2;1;1;5;940;04/10/2014
2014044180;1;1;2;3;2;940;27/02/2014
2014044181;1;2;3;8;2;940;28/02/2014
2014044182;5;2;3;3;3;940;08/10/2014
2014044183;1;2;2;1;6;940;11/02/2014
2014044184;1;2;3;1;3;940;17/06/2014
2014044185;1;2;3;1;1;940;10/10/2014
2014044186;1;2;1;8;6;940;11/10/2014
2014044187;1;2;2;1;3;940;05/03/2014