num_acc;lum;agg;inter;atm;col;dep;date
2014044768;1;2;1;2;6;940;18/11/2014
2014044769;1;1;1;8;3;940;18/11/2014
2014044770;2;2;9;1;7;940;21/11/2014
2014044771;2;2;9;1;6;940;22/11/2014
2014044772;5;2;9;1;3;940;22/11/2014
2014044773;1;2;1;1;6;940;23/11/2014
2014044774;5;2;1;1;5;940;23/11/2014
2014044775;5;2;3;1;6;940;24/11/2014
2014044776;5;2;1;1;3;940;26/11/2014
2014044777;5;2;1;1;6;940;26/11/2014
2014044778;1;2;1;1;6;940;28/11/2014
2014044779;2;1;1;1;6;940;30/11/2014
2014044780;1;1;9;2;2;940;03/12/2014
2014044781;5;2;2;1;3;940;05/12/2014
2014044782;5;2;1;1;1;940;06/12/2014
2014044783;1;1;9;2;6;940;07/12/2014
2014044784;2;2;1;1;6;940;09/12/2014
2014044785;1;2;1;1;6;940;09/12/2014
2014044786;2;2;1;1;3;940;11/12/2014
2014044787;5;2;1;3;2;940;12/12/2014
2014044788;1;2;1;2;2;940;16/12/2014
2014044789;5;2;2;1;1;940;16/12/2014
2014044790;1;2;1;2;6;940;17/12/2014
2014044791;5;1;9;1;2;940;17/12/2014
2014044792;1;1;6;9;3;940;18/12/2014
2014044793;1;2;3;1;3;940;22/12/2014
2014044794;2;2;1;1;3;940;28/12/2014
2014044795;5;2;1;1;4;940;28/12/2014
2014044796;2;1;9;1;3;940;29/12/2014
2014044797;5;2;2;1;3;940;30/12/2014
2014044798;1;2;2;1;6;940;31/12/2014
2014044799;2;2;2;1;3;940;10/01/2014
2014044800;1;2;4;1;3;940;10/01/2014
2014044801;5;2;1;2;7;940;07/01/2014
2014044802;3;2;2;8;7;940;09/01/2014
2014044803;5;2;1;1;6;940;21/01/2014
2014044804;1;2;1;1;7;940;10/01/2014
2014044805;1;2;3;2;2;940;29/01/2014
2014044806;5;2;3;1;3;940;11/08/2014
2014044807;5;2;2;1;3;940;01/02/2014
2014044808;5;2;3;1;3;940;03/02/2014
2014044809;5;2;1;8;6;940;05/02/2014
2014044810;1;2;2;1;3;940;05/02/2014
2014044811;2;2;3;2;6;940;11/02/2014
2014044812;1;2;2;1;3;940;12/02/2014
2014044813;1;2;1;2;6;940;14/02/2014
2014044814;1;2;3;1;2;940;14/02/2014
2014044815;3;2;1;1;3;940;25/02/2014
2014044816;1;2;1;8;2;940;23/01/2014
2014044817;1;2;2;1;3;940;24/08/2014
2014044818;1;2;3;1;3;940;02/03/2014
2014044819;5;2;3;1;2;940;07/03/2014
2014044820;5;1;1;1;2;940;08/03/2014
2014044821;1;2;1;1;3;940;28/08/2014
2014044822;1;2;3;1;6;940;13/03/2014
2014044823;1;2;1;2;3;940;28/10/2014
2014044824;5;2;1;1;6;940;19/03/2014
2014044825;5;2;1;3;2;940;03/11/2014
2014044826;5;2;1;1;1;940;09/11/2014
2014044827;1;2;2;1;3;940;31/01/2014
2014044828;1;2;2;2;2;940;21/03/2014
2014044829;5;2;1;1;3;940;29/11/2014
2014044830;1;2;2;2;6;940;25/03/2014
2014044831;1;2;3;1;3;940;04/09/2014
2014044832;1;1;1;9;3;940;28/03/2014
2014044833;5;2;2;1;3;940;04/02/2014
2014044834;1;2;1;1;6;940;28/03/2014
2014044835;5;2;1;1;3;940;31/03/2014
2014044836;5;2;2;1;3;940;07/09/2014
2014044837;1;2;3;1;6;940;07/02/2014
2014044838;1;2;1;1;6;940;05/04/2014
2014044839;1;2;1;1;3;940;09/09/2014
2014044840;5;2;1;1;6;940;09/04/2014
2014044841;1;2;1;1;7;940;08/04/2014
2014044842;5;2;3;2;6;940;11/02/2014
2014044843;1;2;1;2;2;940;26/04/2014
2014044844;1;2;2;1;3;940;15/09/2014
2014044845;1;2;2;1;2;940;17/09/2014
2014044846;2;2;2;2;3;940;08/05/2014
2014044847;1;2;3;3;6;940;07/05/2014
2014044848;5;1;3;1;7;940;12/05/2014
2014044849;1;2;1;1;3;940;19/09/2014
2014044850;1;2;2;1;3;940;18/05/2014
2014044851;1;2;3;1;3;940;16/05/2014
2014044852;2;2;3;2;6;940;20/09/2014
2014044853;1;2;1;1;3;940;19/05/2014
2014044854;5;2;3;2;3;940;21/09/2014
2014044855;1;2;1;1;6;940;24/09/2014
2014044856;1;2;3;8;6;940;26/02/2014
2014044857;1;2;3;1;1;940;26/02/2014
2014044858;1;2;1;2;2;940;28/02/2014
2014044859;1;2;5;1;3;940;27/09/2014
2014044860;2;2;6;7;1;940;12/06/2014
2014044861;1;2;1;1;6;940;02/03/2014
2014044862;1;2;7;1;6;940;02/10/2014
2014044863;1;2;2;1;6;940;16/07/2014
2014044864;1;2;1;7;6;940;18/07/2014
2014044865;1;2;2;1;6;940;18/07/2014
2014044866;1;2;3;1;3;940;19/07/2014
2014044867;1;2;3;1;3;940;30/07/2014
2014044868;1;2;1;1;1;940;14/10/2014
2014044869;1;2;2;1;2;940;01/08/2014
2014044870;1;2;1;1;3;940;16/10/2014
2014044871;1;2;1;1;6;940;14/08/2014
2014044872;5;2;9;1;6;940;19/10/2014
2014044873;5;2;1;1;7;940;27/10/2014
2014044874;5;2;1;1;6;940;27/10/2014
2014044875;5;2;2;1;6;940;18/09/2014
2014044876;2;2;1;1;2;940;31/10/2014
2014044877;1;2;1;2;6;940;15/10/2014
2014044878;5;2;1;1;3;940;08/11/2014
2014044879;2;2;2;1;3;940;12/04/2014
2014044880;5;2;1;1;3;940;10/11/2014
2014044881;1;2;1;1;1;940;14/04/2014
2014044882;5;2;1;1;2;940;06/11/2014
2014044883;5;2;2;1;1;940;19/11/2014
2014044884;1;2;1;1;6;940;10/10/2014
2014044885;5;2;3;1;1;940;03/12/2014
2014044886;1;2;1;1;6;940;28/04/2014
2014044887;5;1;2;2;6;940;08/12/2014
2014044888;5;2;1;2;6;940;02/12/2014
2014044889;5;2;6;2;7;940;12/12/2014
2014044890;1;2;1;1;6;940;03/05/2014
2014044891;5;2;1;2;2;940;19/12/2014
2014044892;5;2;3;2;1;940;20/12/2014
2014044893;1;2;8;1;6;940;05/12/2014
2014044894;5;2;1;1;5;940;28/12/2014
2014044895;5;2;2;1;3;940;15/12/2014
2014044896;1;2;1;8;6;940;22/05/2014
2014044897;1;2;1;1;6;940;22/05/2014
2014044898;1;2;1;2;6;940;23/05/2014
2014044899;1;2;1;1;6;940;23/05/2014
2014044900;5;2;1;1;5;940;22/12/2014
2014044901;1;2;1;1;2;940;27/12/2014
2014044902;5;2;1;1;2;940;28/12/2014
2014044903;1;2;3;1;3;940;06/06/2014
2014044904;3;2;1;1;2;940;09/06/2014
2014044905;1;2;1;1;3;940;16/06/2014
2014044906;1;2;3;1;3;940;20/06/2014
2014044907;1;2;6;3;3;940;28/06/2014
2014044908;1;2;1;1;3;940;02/07/2014
2014044909;1;2;1;2;3;940;09/07/2014
2014044910;5;2;2;2;3;940;09/07/2014
2014044911;1;2;2;1;2;940;12/07/2014
2014044912;1;2;1;1;2;940;24/07/2014
2014044913;1;2;3;1;2;940;24/07/2014
2014044914;1;2;2;1;3;940;25/07/2014
2014044915;1;2;1;1;6;940;27/07/2014
2014044916;1;2;1;1;3;940;24/03/2014
2014044917;1;2;1;1;6;940;05/12/2014
2014044918;5;2;2;1;3;940;05/11/2014
2014044919;5;2;3;3;3;940;11/02/2014
2014044920;2;2;2;2;3;940;22/01/2014
2014044921;1;2;2;1;3;940;21/08/2014
2014044922;1;2;3;1;6;940;19/06/2014
2014044923;1;2;2;1;3;940;20/06/2014
2014044924;1;2;1;1;6;940;28/06/2014
2014044925;1;2;1;1;3;940;14/10/2014
2014044926;2;2;1;2;6;940;16/01/2014
2014044927;2;2;2;1;3;940;29/11/2014
2014044928;1;2;2;2;2;940;27/01/2014
2014044929;1;2;2;1;3;940;01/10/2014
2014044930;1;2;1;2;2;940;15/10/2014
2014044931;5;2;3;2;3;940;07/12/2014
2014044932;1;2;3;1;3;940;05/04/2014
2014044933;1;2;2;1;6;940;04/04/2014
2014044934;1;2;3;1;3;940;09/04/2014
2014044935;1;2;2;1;3;940;26/02/2014
2014044936;1;2;1;1;6;940;30/04/2014
2014044937;5;2;2;1;6;940;09/12/2014
2014044938;1;2;4;1;2;940;16/05/2014
2014044939;1;2;1;1;6;940;06/06/2014
2014044940;1;2;2;1;3;940;01/09/2014
2014044941;1;2;3;2;2;940;07/07/2014
2014044942;1;2;1;1;3;940;07/04/2014
2014044943;3;2;2;1;3;940;07/04/2014
2014044944;1;2;2;1;6;940;19/07/2014
2014044945;1;1;1;1;6;940;24/02/2014
2014044946;1;2;1;1;2;940;11/07/2014
2014044947;5;2;2;1;6;940;05/08/2014
2014044948;1;2;3;2;3;940;16/01/2014
2014044949;5;2;1;1;3;940;27/10/2014
2014044950;1;2;3;1;6;940;09/04/2014
2014044951;1;2;3;1;6;940;23/05/2014
2014044952;2;2;2;1;3;940;21/07/2014
2014044953;1;2;2;1;3;940;17/02/2014
2014044954;1;2;3;1;3;940;01/10/2014
2014044955;1;2;2;1;6;940;28/09/2014
2014044956;1;2;1;2;3;940;07/10/2014
2014044957;5;2;1;2;6;940;20/01/2014
2014044958;1;2;1;1;6;940;18/11/2014
2014044959;2;2;3;1;3;940;12/04/2014
2014044960;1;2;1;1;1;940;16/07/2014
2014044961;1;2;1;1;2;940;24/11/2014
2014044962;2;2;2;1;3;940;15/04/2014
2014044963;1;2;1;1;4;940;05/12/2014
2014044964;1;2;1;2;7;940;04/07/2014
2014044965;2;2;3;1;6;940;18/01/2014
2014044966;2;2;5;1;3;940;04/06/2014
2014044967;5;2;1;2;6;940;18/12/2014
2014044968;1;2;1;1;6;940;15/12/2014
2014044969;5;2;1;1;3;940;22/12/2014
2014044970;5;2;1;1;6;940;23/12/2014
2014044971;1;1;2;1;3;940;06/03/2014
2014044972;3;2;2;1;3;940;13/06/2014
2014044973;1;2;1;1;3;940;26/03/2014
2014044974;1;2;2;1;3;940;27/09/2014
2014044975;1;2;3;1;6;940;30/12/2014
2014044976;1;2;3;1;6;940;26/01/2014
2014044977;1;2;1;1;6;940;06/06/2014
2014044978;1;2;2;2;3;940;09/06/2014
2014044979;1;2;3;1;6;940;10/06/2014
2014044980;1;2;3;1;3;940;16/09/2014
2014044981;1;2;1;1;2;940;21/04/2014
2014044982;1;2;2;1;3;940;12/03/2014
2014044983;5;2;1;1;2;940;27/09/2014
2014044984;1;2;1;1;6;940;07/08/2014
2014044985;1;2;1;1;6;940;02/05/2014
2014044986;1;2;1;1;2;940;02/10/2014
2014044987;1;2;3;1;6;940;11/09/2014
2014044988;1;2;1;1;2;940;06/10/2014
2014044989;1;2;3;1;3;940;24/06/2014
2014044990;1;2;1;1;3;940;20/06/2014
2014044991;1;2;1;1;6;940;10/11/2014
2014044992;5;2;1;1;6;940;11/11/2014
2014044993;1;2;1;1;6;940;17/11/2014
2014044994;5;2;2;1;3;940;26/11/2014
2014044995;5;2;1;1;6;940;27/11/2014
2014044996;1;2;1;1;3;940;11/06/2014
2014044997;1;2;1;1;2;940;11/06/2014
2014044998;1;2;2;1;3;940;03/01/2014
2014044999;1;2;2;1;6;940;12/06/2014
2014045000;5;2;1;1;3;940;13/06/2014
2014045001;3;2;1;1;3;940;27/11/2014
2014045002;1;2;1;1;2;940;08/02/2014
2014045003;1;2;1;1;2;940;28/11/2014
2014045004;5;2;2;2;6;940;11/01/2014
2014045005;1;2;1;8;6;940;05/12/2014
2014045006;5;2;1;2;6;940;07/12/2014
2014045007;5;2;9;2;3;940;08/12/2014
2014045008;2;2;4;1;7;940;09/12/2014
2014045009;5;2;2;1;3;940;22/05/2014
2014045010;1;2;1;2;6;940;15/01/2014
2014045011;5;2;1;1;6;940;09/12/2014
2014045012;1;2;2;1;6;940;24/06/2014
2014045013;1;2;2;1;2;940;25/06/2014
2014045014;1;2;2;1;6;940;27/06/2014
2014045015;1;2;2;1;3;940;18/01/2014
2014045016;5;2;1;3;6;940;13/12/2014
2014045017;1;2;1;1;3;940;27/06/2014
2014045018;1;2;1;2;2;940;28/06/2014
2014045019;5;2;1;5;6;940;14/12/2014
2014045020;2;2;5;2;6;940;15/12/2014
2014045021;1;2;3;1;1;940;29/06/2014
2014045022;1;2;1;3;3;940;17/12/2014
2014045023;5;2;4;2;4;940;22/01/2014
2014045024;1;2;1;1;3;940;19/12/2014
2014045025;5;2;5;1;2;940;03/07/2014
2014045026;1;2;3;1;3;940;03/07/2014
2014045027;1;2;2;1;3;940;01/09/2014
2014045028;5;2;3;1;6;940;20/12/2014
2014045029;1;1;1;1;6;940;04/07/2014
2014045030;1;2;3;1;1;940;27/01/2014
2014045031;2;2;3;2;1;940;29/01/2014
2014045032;1;2;1;1;6;940;08/07/2014
2014045033;1;2;3;1;6;940;30/01/2014
2014045034;2;2;2;1;3;940;23/10/2014
2014045035;1;2;2;1;6;940;14/07/2014
2014045036;1;2;2;1;2;940;15/07/2014
2014045037;1;2;3;1;6;940;04/02/2014
2014045038;5;2;2;1;6;940;04/02/2014
2014045039;5;2;5;1;2;940;04/02/2014
2014045040;1;2;1;1;3;940;18/07/2014
2014045041;1;2;1;1;3;940;12/02/2014
2014045042;1;2;1;8;2;940;15/02/2014
2014045043;1;2;2;1;6;940;16/02/2014
2014045044;5;2;3;1;3;940;22/02/2014
2014045045;1;2;2;1;3;940;23/02/2014
2014045046;1;2;2;1;6;940;24/02/2014
2014045047;1;2;2;1;3;940;14/08/2014
2014045048;1;2;1;1;6;940;04/03/2014
2014045049;1;2;3;1;6;940;05/03/2014
2014045050;1;2;1;8;3;940;20/08/2014
2014045051;1;2;3;1;2;940;24/08/2014
2014045052;1;2;2;1;6;940;10/03/2014
2014045053;5;2;2;1;3;940;10/03/2014
2014045054;1;2;2;1;1;940;27/08/2014
2014045055;1;2;3;1;3;940;01/09/2014
2014045056;1;2;1;1;6;940;17/03/2014
2014045057;1;2;1;1;2;940;18/03/2014
2014045058;1;2;3;1;3;940;03/09/2014
2014045059;1;2;2;1;2;940;19/03/2014
2014045060;2;2;3;1;6;940;20/03/2014
2014045061;1;2;3;1;4;940;08/09/2014
2014045062;1;2;1;2;1;940;25/03/2014
2014045063;2;2;1;1;6;940;10/09/2014
2014045064;2;2;2;9;3;940;25/03/2014
2014045065;1;2;1;1;6;940;26/03/2014
2014045066;1;2;3;1;3;940;12/09/2014
2014045067;1;2;2;1;3;940;28/03/2014
2014045068;1;2;1;1;6;940;28/03/2014
2014045069;5;2;2;1;3;940;29/03/2014
2014045070;1;2;1;1;3;940;16/09/2014
2014045071;1;2;2;1;5;940;18/09/2014
2014045072;1;2;3;1;3;940;03/04/2014
2014045073;1;2;1;1;3;940;04/04/2014
2014045074;1;2;2;1;3;940;04/04/2014
2014045075;1;2;3;8;2;940;21/09/2014
2014045076;1;2;3;1;3;940;22/09/2014
2014045077;1;2;2;1;3;940;05/04/2014
2014045078;1;2;1;1;3;940;23/09/2014
2014045079;1;2;2;1;6;940;08/04/2014
2014045080;1;2;1;1;6;940;08/04/2014
2014045081;1;2;2;1;6;940;26/09/2014
2014045082;1;2;3;1;6;940;27/09/2014
2014045083;1;2;3;1;3;940;10/04/2014
2014045084;1;2;1;1;2;940;28/09/2014
2014045085;1;2;2;1;3;940;14/04/2014
2014045086;5;2;2;1;1;940;18/04/2014
2014045087;5;2;2;1;3;940;19/04/2014
2014045088;1;2;2;1;3;940;20/04/2014
2014045089;1;2;1;3;6;940;08/10/2014
2014045090;1;2;9;1;6;940;08/10/2014
2014045091;1;2;1;1;3;940;09/10/2014
2014045092;1;2;1;1;3;940;10/10/2014
2014045093;5;2;1;1;3;940;14/10/2014
2014045094;1;2;3;1;6;940;14/10/2014
2014045095;1;2;1;1;3;940;16/05/2014
2014045096;1;2;1;1;3;940;30/04/2014
2014045097;5;2;5;2;2;940;01/05/2014
2014045098;5;2;1;1;3;940;17/10/2014
2014045099;1;2;6;1;3;940;19/10/2014
2014045100;1;2;1;1;6;940;20/10/2014
2014045101;5;2;2;8;6;940;21/10/2014
2014045102;2;2;3;8;3;940;21/10/2014
2014045103;5;2;2;1;3;940;06/05/2014
2014045104;1;2;1;2;6;940;06/05/2014
2014045105;1;2;2;1;3;940;12/05/2014
2014045106;1;2;3;1;2;940;30/10/2014
2014045107;1;2;1;1;6;940;31/10/2014
2014045108;5;2;1;1;4;940;31/10/2014
2014045109;1;2;2;1;3;940;16/05/2014
2014045110;1;2;2;1;3;940;03/11/2014
2014045111;1;2;3;1;6;940;04/11/2014
2014045112;1;1;1;1;6;940;04/11/2014
2014045113;1;2;1;1;3;940;22/05/2014
2014045114;1;2;1;1;3;940;05/11/2014
2014045115;1;2;1;1;3;940;22/05/2014
2014045116;1;2;2;1;2;940;06/11/2014
2014045117;5;2;6;2;4;940;23/05/2014
2014045118;1;2;1;2;2;940;26/05/2014
2014045119;1;2;7;1;3;940;30/05/2014
2014045120;1;2;1;1;3;940;30/05/2014
2014045121;1;2;3;1;6;940;01/06/2014
2014045122;1;2;2;3;3;940;04/06/2014
2014045123;1;2;1;1;6;940;05/06/2014
2014045124;1;2;3;1;4;940;07/06/2014
2014045125;1;2;2;1;6;940;08/01/2014
2014045126;5;2;2;8;3;940;11/01/2014
2014045127;5;2;1;1;2;940;14/01/2014
2014045128;5;2;1;2;3;940;16/01/2014
2014045129;5;2;2;1;3;940;17/01/2014
2014045130;1;1;2;1;3;940;20/01/2014
2014045131;1;2;1;1;3;940;21/01/2014
2014045132;1;2;2;1;5;940;22/01/2014
2014045133;1;2;1;1;6;940;23/01/2014
2014045134;5;2;1;2;6;940;23/01/2014
2014045135;1;2;2;1;3;940;10/02/2014
2014045136;5;2;1;2;6;940;12/02/2014
2014045137;1;2;2;1;3;940;17/02/2014
2014045138;5;2;5;2;3;940;01/03/2014
2014045139;1;2;3;1;6;940;04/03/2014
2014045140;1;2;5;1;3;940;06/03/2014
2014045141;1;2;3;1;3;940;08/03/2014
2014045142;1;2;1;1;2;940;11/03/2014
2014045143;5;2;1;1;3;940;11/03/2014
2014045144;5;2;2;1;3;940;11/03/2014
2014045145;1;2;3;1;2;940;12/03/2014
2014045146;1;2;4;1;3;940;14/03/2014
2014045147;5;2;3;1;3;940;19/03/2014
2014045148;1;2;3;1;3;940;21/03/2014
2014045149;1;2;3;1;3;940;02/04/2014
2014045150;1;2;1;1;3;940;05/04/2014
2014045151;1;2;3;1;6;940;08/04/2014
2014045152;1;2;2;1;3;940;11/04/2014
2014045153;5;2;1;1;6;940;12/04/2014
2014045154;1;2;1;1;6;940;12/04/2014
2014045155;1;2;2;1;3;940;22/04/2014
2014045156;1;2;1;2;3;940;26/04/2014
2014045157;1;2;1;1;6;940;04/05/2014
2014045158;5;2;2;2;3;940;26/04/2014
2014045159;1;2;2;1;2;940;15/05/2014
2014045160;1;2;1;1;3;940;17/05/2014
2014045161;1;2;3;1;3;940;18/05/2014
2014045162;2;2;2;1;3;940;22/05/2014
2014045163;1;2;1;1;3;940;24/05/2014
2014045164;1;2;3;1;2;940;02/06/2014
2014045165;1;2;6;1;6;940;12/06/2014
2014045166;1;2;1;1;3;940;13/06/2014
2014045167;1;2;3;1;6;940;17/06/2014
2014045168;1;2;1;1;6;940;18/06/2014
2014045169;1;2;4;1;2;940;19/06/2014
2014045170;1;2;3;1;3;940;27/06/2014
2014045171;5;2;2;1;3;940;27/06/2014
2014045172;1;2;2;2;3;940;04/07/2014
2014045173;1;2;1;1;3;940;04/07/2014
2014045174;1;2;2;3;2;940;10/07/2014
2014045175;1;2;2;1;3;940;12/07/2014
2014045176;1;2;1;1;3;940;18/07/2014
2014045177;1;2;2;1;3;940;22/07/2014
2014045178;1;2;2;1;3;940;24/07/2014
2014045179;1;2;2;1;3;940;01/08/2014
2014045180;1;2;1;1;6;940;15/08/2014
2014045181;5;2;2;1;3;940;17/08/2014
2014045182;1;2;2;2;3;940;23/08/2014
2014045183;1;2;1;1;6;940;28/08/2014
2014045184;1;2;2;1;3;940;31/08/2014
2014045185;1;2;3;1;3;940;01/09/2014
2014045186;1;2;1;1;3;940;01/09/2014
2014045187;1;2;2;1;3;940;05/09/2014
2014045188;1;2;2;1;3;940;12/09/2014
2014045189;1;2;2;1;3;940;12/09/2014
2014045190;1;2;2;1;6;940;14/09/2014
2014045191;1;2;2;1;3;940;16/09/2014
2014045192;1;2;2;1;3;940;18/09/2014
2014045193;5;2;1;1;5;940;19/09/2014
2014045194;1;2;4;2;3;940;21/09/2014
2014045195;1;2;2;1;3;940;22/09/2014
2014045196;1;2;1;1;6;940;22/09/2014
2014045197;1;2;5;1;3;940;26/09/2014
2014045198;5;2;1;1;6;940;27/09/2014
2014045199;1;2;1;1;6;940;03/10/2014
2014045200;1;2;9;1;3;940;10/10/2014
2014045201;1;2;2;1;3;940;10/10/2014
2014045202;5;2;2;1;3;940;10/10/2014
2014045203;1;2;2;1;3;940;13/10/2014
2014045204;1;2;2;2;3;940;17/10/2014
2014045205;1;2;3;1;3;940;21/10/2014
2014045206;1;2;2;1;3;940;22/10/2014
2014045207;5;2;2;1;3;940;23/10/2014
2014045208;1;2;1;1;6;940;28/10/2014
2014045209;1;2;2;1;3;940;29/10/2014
2014045210;1;2;1;1;4;940;03/11/2014
2014045211;5;2;1;1;6;940;12/11/2014
2014045212;2;2;2;1;3;940;13/11/2014
2014045213;5;2;2;1;3;940;14/11/2014
2014045214;5;2;9;2;6;940;17/11/2014
2014045215;1;2;1;1;6;940;19/11/2014
2014045216;1;2;1;1;3;940;21/11/2014
2014045217;5;2;2;1;3;940;21/11/2014
2014045218;1;2;1;1;3;940;22/11/2014
2014045219;1;2;2;1;3;940;24/11/2014
2014045220;5;2;1;1;4;940;25/11/2014
2014045221;1;2;1;8;3;940;27/11/2014
2014045222;5;2;9;2;3;940;01/12/2014
2014045223;5;2;2;1;6;940;03/12/2014
2014045224;5;2;2;1;3;940;04/12/2014
2014045225;5;2;2;1;6;940;08/12/2014
2014045226;5;2;1;2;6;940;13/12/2014
2014045227;5;2;2;2;3;940;13/12/2014
2014045228;1;2;1;2;6;940;17/12/2014
2014045229;1;2;4;2;3;940;17/12/2014
2014045230;5;2;1;2;6;940;17/12/2014
2014045231;1;2;1;2;5;940;19/12/2014
2014045232;5;2;1;1;3;940;23/12/2014
2014045233;1;2;2;1;3;940;29/12/2014
2014045234;1;2;3;1;3;940;16/01/2014
2014045235;2;2;2;1;3;940;20/01/2014
2014045236;5;2;4;2;5;940;22/01/2014
2014045237;5;2;2;1;3;940;26/01/2014
2014045238;5;2;3;1;3;940;15/03/2014
2014045239;5;2;4;1;3;940;22/03/2014
2014045240;5;2;2;1;3;940;08/05/2014
2014045241;1;2;1;1;2;940;09/05/2014
2014045242;5;2;4;1;3;940;06/06/2014
2014045243;1;2;1;1;3;940;07/07/2014
2014045244;1;2;1;1;6;940;12/07/2014
2014045245;1;2;1;1;3;940;16/07/2014
2014045246;1;2;1;1;1;940;25/07/2014
2014045247;1;2;1;9;6;940;03/08/2014
2014045248;1;2;2;1;4;940;20/08/2014
2014045249;1;2;6;1;3;940;23/08/2014
2014045250;5;2;1;1;6;940;20/09/2014
2014045251;5;2;6;1;6;940;24/09/2014
2014045252;1;2;1;1;6;940;05/10/2014
2014045253;5;2;1;2;6;940;20/10/2014
2014045254;1;2;3;1;2;940;30/10/2014
2014045255;1;2;1;1;6;940;17/11/2014
2014045256;1;2;1;1;6;940;18/11/2014
2014045257;3;2;1;2;6;940;18/11/2014
2014045258;5;2;2;1;3;940;28/11/2014
2014045259;5;1;4;1;6;940;07/12/2014
2014045260;5;2;1;3;6;940;12/12/2014
2014045261;5;2;4;1;3;940;02/01/2014
2014045262;5;2;2;1;3;940;23/12/2014
2014045263;5;2;2;2;3;940;23/12/2014
2014045264;1;2;4;8;7;940;24/12/2014
2014045265;1;2;1;8;7;940;07/04/2014
2014045266;5;2;1;1;3;940;10/01/2014
2014045267;1;2;3;1;6;940;25/04/2014
2014045268;5;2;1;1;2;940;03/08/2014
2014045269;1;2;1;1;6;940;23/05/2014
2014045270;5;2;2;2;3;940;15/01/2014
2014045271;5;2;1;2;6;940;15/01/2014
2014045272;3;2;1;2;6;940;16/01/2014
2014045273;1;2;5;2;4;940;29/06/2014
2014045274;5;2;1;2;6;940;19/01/2014
2014045275;1;2;2;2;2;940;13/07/2014
2014045276;1;2;3;2;3;940;21/01/2014
2014045277;1;2;3;2;5;940;25/01/2014
2014045278;1;2;3;1;3;940;19/06/2014
2014045279;5;2;1;1;2;940;01/11/2014
2014045280;1;2;3;1;7;940;31/01/2014
2014045281;5;2;1;1;6;940;02/02/2014
2014045282;5;2;3;2;6;940;15/12/2014
2014045283;1;2;3;1;3;940;28/01/2014
2014045284;1;2;2;1;3;940;28/01/2014
2014045285;1;1;1;1;1;940;03/02/2014
2014045286;4;2;1;1;5;940;06/02/2014
2014045287;1;2;3;1;6;940;07/02/2014
2014045288;5;2;3;1;5;940;28/06/2014
2014045289;1;2;1;1;6;940;18/02/2014
2014045290;2;2;1;1;6;940;21/02/2014
2014045291;1;2;1;2;6;940;22/02/2014
2014045292;1;2;3;1;3;940;04/03/2014
2014045293;1;2;6;1;2;940;06/03/2014
2014045294;5;2;1;1;6;940;14/03/2014
2014045295;1;2;1;1;6;940;14/03/2014
2014045296;2;2;3;1;1;940;15/03/2014
2014045297;1;2;1;1;6;940;18/03/2014
2014045298;1;2;1;1;6;940;19/03/2014
2014045299;1;2;2;1;3;940;20/03/2014
2014045300;5;2;1;1;7;940;22/03/2014
2014045301;5;2;3;1;4;940;22/03/2014
2014045302;1;2;1;1;2;940;24/03/2014
2014045303;1;2;1;2;2;940;25/03/2014
2014045304;1;2;1;1;6;940;28/03/2014
2014045305;1;2;3;1;4;940;01/04/2014
2014045306;1;2;2;1;6;940;10/04/2014
2014045307;1;2;1;1;6;940;10/04/2014
2014045308;1;2;1;1;2;940;11/04/2014
2014045309;1;2;3;1;2;940;11/04/2014
2014045310;1;2;2;1;2;940;14/04/2014
2014045311;1;2;2;1;3;940;17/04/2014
2014045312;1;2;1;1;6;940;20/04/2014
2014045313;5;2;1;1;6;940;24/04/2014
2014045314;1;2;3;2;3;940;26/04/2014
2014045315;1;2;3;2;2;940;26/04/2014
2014045316;5;2;1;1;1;940;27/04/2014
2014045317;1;2;2;1;2;940;29/04/2014
2014045318;1;2;2;2;3;940;01/05/2014
2014045319;1;2;3;1;7;940;05/03/2014
2014045320;2;2;3;1;3;940;05/05/2014
2014045321;2;2;1;2;6;940;06/05/2014
2014045322;5;2;2;1;2;940;10/05/2014
2014045323;1;2;6;1;5;940;12/05/2014
2014045324;1;2;3;8;2;940;13/05/2014
2014045325;1;2;1;1;6;940;13/05/2014
2014045326;1;2;3;1;6;940;14/05/2014
2014045327;1;2;2;1;2;940;15/05/2014
2014045328;1;2;2;1;2;940;16/05/2014
2014045329;1;2;2;1;2;940;19/05/2014
2014045330;1;2;1;2;6;940;24/05/2014
2014045331;1;2;1;8;6;940;26/05/2014
2014045332;1;2;1;1;2;940;29/05/2014
2014045333;4;2;3;2;3;940;10/06/2014
2014045334;1;2;2;1;5;940;05/06/2014
2014045335;1;2;1;1;6;940;14/06/2014
2014045336;1;2;3;1;2;940;14/06/2014
2014045337;1;2;1;1;6;940;15/06/2014
2014045338;1;2;3;1;2;940;19/06/2014
2014045339;1;2;1;1;7;940;21/06/2014
2014045340;1;2;3;1;2;940;24/06/2014
2014045341;1;2;1;1;2;940;30/06/2014
2014045342;1;2;1;1;6;940;01/07/2014
2014045343;1;2;4;1;1;940;01/07/2014
2014045344;1;2;4;9;3;940;03/07/2014
2014045345;2;2;4;2;2;940;05/07/2014
2014045346;1;2;3;3;6;940;09/07/2014
2014045347;1;2;1;3;7;940;09/07/2014