num_acc;lum;agg;inter;atm;col;dep;date
2014046509;1;1;1;1;3;930;17/04/2014
2014046510;1;1;1;1;5;940;18/04/2014
2014046511;1;1;1;1;2;940;18/04/2014
2014046512;3;1;1;1;2;940;19/04/2014
2014046513;1;1;1;1;7;940;20/04/2014
2014046514;1;1;1;1;4;940;20/04/2014
2014046515;3;1;1;1;6;770;22/04/2014
2014046516;1;1;1;1;2;940;22/04/2014
2014046517;1;1;1;1;7;770;22/04/2014
2014046518;1;1;1;2;4;770;26/04/2014
2014046519;1;1;1;8;7;770;27/04/2014
2014046520;1;1;1;1;7;770;27/04/2014
2014046521;1;1;1;2;5;940;28/04/2014
2014046522;1;1;1;1;7;940;28/04/2014
2014046523;3;1;1;1;6;940;29/04/2014
2014046524;1;1;1;1;4;940;29/04/2014
2014046525;2;1;1;2;5;940;29/04/2014
2014046526;3;1;1;1;7;940;30/04/2014
2014046527;2;1;1;1;2;770;04/05/2014
2014046528;1;1;1;1;6;770;04/05/2014
2014046529;1;1;1;1;7;770;05/05/2014
2014046530;1;1;1;1;5;770;05/05/2014
2014046531;1;1;1;1;6;770;05/05/2014
2014046532;1;1;1;1;4;770;05/05/2014
2014046533;2;1;1;1;2;750;06/05/2014
2014046534;1;1;1;2;2;940;07/05/2014
2014046535;1;1;1;8;5;940;07/05/2014
2014046536;1;1;1;1;2;940;07/05/2014
2014046537;2;1;1;2;5;770;08/05/2014
2014046538;1;1;1;2;6;770;09/05/2014
2014046539;1;1;1;1;5;940;09/05/2014
2014046540;1;1;1;1;2;940;10/05/2014
2014046541;1;1;1;1;4;770;12/05/2014
2014046542;1;1;1;1;6;770;12/05/2014
2014046543;1;1;1;1;7;940;14/05/2014
2014046544;1;1;1;1;6;940;14/05/2014
2014046545;1;1;1;1;4;770;15/05/2014
2014046546;1;1;1;1;3;930;15/05/2014
2014046547;1;1;1;1;2;940;15/05/2014
2014046548;3;1;1;1;6;770;16/05/2014
2014046549;3;1;1;1;6;770;16/05/2014
2014046550;1;1;1;1;5;930;16/05/2014
2014046551;1;1;1;1;5;940;16/05/2014
2014046552;1;1;1;1;5;940;16/05/2014
2014046553;1;1;1;1;2;940;17/05/2014
2014046554;1;1;1;1;2;940;17/05/2014
2014046555;1;1;1;1;4;930;18/05/2014
2014046556;1;1;1;1;2;770;18/05/2014
2014046557;1;1;1;1;5;940;18/05/2014
2014046558;1;1;1;1;3;940;19/05/2014
2014046559;1;1;1;1;5;940;19/05/2014
2014046560;1;1;1;3;2;940;20/05/2014
2014046561;2;1;1;2;2;940;21/05/2014
2014046562;1;1;1;1;6;770;21/05/2014
2014046563;1;1;1;2;7;770;21/05/2014
2014046564;5;1;1;3;6;940;21/05/2014
2014046565;1;1;1;1;5;770;22/05/2014
2014046566;1;1;1;2;3;770;22/05/2014
2014046567;1;1;1;1;2;940;22/05/2014
2014046568;3;1;1;8;3;940;24/05/2014
2014046569;1;1;1;1;6;940;24/05/2014
2014046570;5;1;1;1;2;940;25/05/2014
2014046571;1;1;1;1;6;940;25/05/2014
2014046572;2;1;1;2;3;940;26/05/2014
2014046573;1;1;1;1;2;940;27/05/2014
2014046574;1;1;1;3;3;770;28/05/2014
2014046575;1;1;1;1;3;770;28/05/2014
2014046576;1;1;1;1;4;940;29/05/2014
2014046577;1;1;1;1;4;940;31/05/2014
2014046578;1;1;1;1;2;940;03/06/2014
2014046579;1;1;1;1;6;770;03/06/2014
2014046580;1;1;1;3;6;940;04/06/2014
2014046581;1;1;1;3;2;930;04/06/2014
2014046582;1;1;1;1;3;940;05/06/2014
2014046583;1;1;1;1;2;770;05/06/2014
2014046584;1;1;1;1;2;940;05/06/2014
2014046585;2;1;1;1;6;940;05/06/2014
2014046586;1;1;1;1;6;770;06/06/2014
2014046587;1;1;1;1;3;770;06/06/2014
2014046588;1;1;1;1;2;770;06/06/2014
2014046589;3;1;1;1;7;770;07/06/2014
2014046590;1;1;1;1;2;940;08/06/2014
2014046591;1;1;1;1;7;770;08/06/2014
2014046592;5;1;1;2;6;940;27/06/2014
2014046593;1;1;1;1;5;940;11/06/2014
2014046594;1;1;1;1;5;940;12/06/2014
2014046595;1;1;1;1;2;940;12/06/2014
2014046596;1;1;1;1;7;940;12/06/2014
2014046597;2;1;1;1;6;770;13/06/2014
2014046598;1;1;1;1;5;940;13/06/2014
2014046599;1;1;1;1;2;770;13/06/2014
2014046600;1;1;1;1;2;770;13/06/2014
2014046601;3;1;1;1;2;940;13/06/2014
2014046602;1;1;1;1;3;770;14/06/2014
2014046603;1;1;1;1;3;940;15/06/2014
2014046604;1;1;1;1;7;750;16/06/2014
2014046605;1;1;1;1;2;770;16/06/2014
2014046606;1;1;1;1;6;940;16/06/2014
2014046607;1;1;1;1;3;940;16/06/2014
2014046608;1;1;1;1;2;940;16/06/2014
2014046609;1;1;1;1;2;940;17/06/2014
2014046610;1;1;1;1;5;940;18/06/2014
2014046611;1;1;1;1;6;770;19/06/2014
2014046612;5;1;1;1;6;940;20/06/2014
2014046613;1;1;1;1;2;940;20/06/2014
2014046614;1;1;1;1;6;770;21/06/2014
2014046615;1;1;1;1;6;770;22/06/2014
2014046616;1;1;1;1;2;770;23/06/2014
2014046617;1;1;1;1;2;940;23/06/2014
2014046618;1;1;1;1;5;930;24/06/2014
2014046619;1;1;1;1;2;940;25/06/2014
2014046620;1;1;1;1;3;940;25/06/2014
2014046621;1;1;1;1;3;940;25/06/2014
2014046622;1;1;1;1;4;940;26/06/2014
2014046623;4;1;1;2;6;770;29/06/2014
2014046624;1;1;1;1;2;770;30/06/2014
2014046625;3;1;1;1;7;770;01/07/2014
2014046626;1;1;1;1;7;770;01/07/2014
2014046627;1;1;1;1;4;940;01/07/2014
2014046628;1;1;1;1;5;940;02/07/2014
2014046629;1;1;1;1;4;770;02/07/2014
2014046630;1;1;1;1;5;750;02/07/2014
2014046631;1;1;1;1;5;770;03/07/2014
2014046632;1;1;1;1;4;940;03/07/2014
2014046633;1;1;1;1;3;940;03/07/2014
2014046634;1;1;1;1;4;770;03/07/2014
2014046635;1;1;1;1;4;770;03/07/2014
2014046636;1;1;1;1;7;770;06/07/2014
2014046637;1;1;1;1;7;750;07/07/2014
2014046638;1;1;1;2;2;940;07/07/2014
2014046639;5;1;1;2;6;940;07/07/2014
2014046640;1;1;1;1;5;770;08/07/2014
2014046641;1;1;1;2;3;940;08/07/2014
2014046642;1;1;1;1;3;770;09/07/2014
2014046643;2;1;1;2;6;940;10/07/2014
2014046644;3;1;1;2;6;770;10/07/2014
2014046645;1;1;1;2;7;770;10/07/2014
2014046646;1;1;1;2;7;940;10/07/2014
2014046647;1;1;1;2;5;940;11/07/2014
2014046648;1;1;1;2;3;940;11/07/2014
2014046649;1;1;1;2;3;940;11/07/2014
2014046650;1;1;1;1;4;940;11/07/2014
2014046651;5;1;1;1;6;940;12/07/2014
2014046652;1;1;1;1;5;940;12/07/2014
2014046653;1;1;1;2;2;770;13/07/2014
2014046654;1;1;1;1;5;770;13/07/2014
2014046655;1;1;1;1;2;770;15/07/2014
2014046656;1;1;1;1;3;940;15/07/2014
2014046657;4;1;1;1;6;770;17/07/2014
2014046658;1;1;1;1;7;770;18/07/2014
2014046659;1;1;1;1;7;940;18/07/2014
2014046660;1;1;1;1;6;770;18/07/2014
2014046661;3;1;1;1;4;930;19/07/2014
2014046662;1;1;1;1;4;940;19/07/2014
2014046663;1;1;1;1;2;940;21/07/2014
2014046664;2;1;1;1;6;940;22/07/2014
2014046665;1;1;1;1;3;750;23/07/2014
2014046666;1;1;1;1;5;770;23/07/2014
2014046667;3;1;1;1;6;930;24/07/2014
2014046668;1;1;1;1;3;940;26/07/2014
2014046669;1;1;1;1;3;940;26/07/2014
2014046670;1;1;1;1;3;940;29/07/2014
2014046671;2;1;1;1;5;770;30/07/2014
2014046672;1;1;1;1;6;940;30/07/2014
2014046673;1;1;1;1;3;940;01/08/2014
2014046674;1;1;1;1;3;940;01/08/2014
2014046675;1;1;1;1;7;770;01/08/2014
2014046676;5;1;1;1;2;940;02/08/2014
2014046677;3;1;1;1;6;770;06/08/2014
2014046678;1;1;1;2;5;940;06/08/2014
2014046679;1;1;1;1;2;940;06/08/2014
2014046680;1;1;1;2;4;940;09/08/2014
2014046681;1;1;1;1;4;940;07/08/2014
2014046682;1;1;1;2;4;940;08/08/2014
2014046683;1;1;1;1;6;940;09/08/2014
2014046684;5;1;1;3;2;940;10/08/2014
2014046685;2;1;1;2;2;940;10/08/2014
2014046686;1;1;1;1;3;770;13/08/2014
2014046687;1;1;1;1;2;770;15/08/2014
2014046688;1;1;1;1;3;940;17/08/2014
2014046689;1;1;1;1;6;770;19/08/2014
2014046690;1;1;1;1;3;940;20/08/2014
2014046691;2;1;1;1;7;940;20/08/2014
2014046692;1;1;1;1;5;940;21/08/2014
2014046693;1;1;1;1;7;770;23/08/2014
2014046694;5;1;1;1;3;940;25/08/2014
2014046695;1;1;1;2;7;770;25/08/2014
2014046696;5;1;1;1;5;940;25/08/2014
2014046697;1;1;1;2;6;940;26/08/2014
2014046698;1;1;1;1;3;940;27/08/2014
2014046699;1;1;1;1;2;770;29/08/2014
2014046700;5;1;1;1;6;940;30/08/2014
2014046701;1;1;1;1;5;770;30/08/2014
2014046702;1;1;1;1;4;770;30/08/2014
2014046703;1;1;1;1;3;940;31/08/2014
2014046704;5;1;1;1;7;940;01/09/2014
2014046705;1;1;1;1;4;770;01/09/2014
2014046706;1;1;1;1;3;940;02/09/2014
2014046707;1;1;1;1;2;940;02/09/2014
2014046708;1;1;1;1;2;770;03/09/2014
2014046709;1;1;1;1;1;770;04/09/2014
2014046710;1;1;1;2;4;770;05/09/2014
2014046711;3;1;1;1;6;940;06/09/2014
2014046712;1;1;1;1;5;940;06/09/2014
2014046713;5;1;1;1;3;940;07/09/2014
2014046714;2;1;1;1;2;770;07/09/2014
2014046715;1;1;1;2;3;770;08/09/2014
2014046716;1;1;1;1;6;940;09/09/2014
2014046717;2;1;1;1;7;940;09/09/2014
2014046718;3;1;1;1;7;940;10/09/2014
2014046719;1;1;1;1;2;940;11/09/2014
2014046720;1;1;1;1;2;940;11/09/2014
2014046721;1;1;1;1;6;940;11/09/2014
2014046722;1;1;1;1;2;770;12/09/2014
2014046723;1;1;1;1;3;940;12/09/2014
2014046724;1;1;1;1;3;940;12/09/2014
2014046725;1;1;1;1;2;940;13/09/2014
2014046726;1;1;1;1;5;940;14/09/2014
2014046727;4;1;1;1;6;940;15/09/2014
2014046728;1;1;1;1;5;940;15/09/2014
2014046729;1;1;1;1;3;770;15/09/2014
2014046730;1;1;1;1;5;940;15/09/2014
2014046731;1;1;1;1;4;940;15/09/2014
2014046732;3;1;1;1;2;770;15/09/2014
2014046733;1;1;1;1;5;940;16/09/2014
2014046734;1;1;1;1;3;940;16/09/2014
2014046735;1;1;1;1;3;940;16/09/2014
2014046736;1;1;1;1;4;770;16/09/2014
2014046737;1;1;1;1;4;770;17/09/2014
2014046738;1;1;1;1;6;940;18/09/2014
2014046739;3;1;1;1;3;940;18/09/2014
2014046740;4;1;1;1;5;940;20/09/2014
2014046741;1;1;1;1;3;940;21/09/2014
2014046742;1;1;1;1;4;770;22/09/2014
2014046743;1;1;1;1;2;770;22/09/2014
2014046744;1;1;1;1;2;940;22/09/2014
2014046745;1;1;1;1;4;940;23/09/2014
2014046746;1;1;1;1;2;940;23/09/2014
2014046747;1;1;1;1;2;770;24/09/2014
2014046748;1;1;1;1;3;770;25/09/2014
2014046749;1;1;1;1;2;940;26/09/2014
2014046750;1;1;1;1;4;930;26/09/2014
2014046751;1;1;1;1;7;770;28/09/2014
2014046752;1;1;1;1;3;940;28/09/2014
2014046753;1;1;1;1;7;940;29/09/2014
2014046754;1;1;1;9;7;940;29/09/2014
2014046755;3;1;1;1;2;770;02/10/2014
2014046756;2;1;1;1;3;770;02/10/2014
2014046757;1;1;1;1;2;940;03/10/2014
2014046758;5;1;1;1;2;940;03/10/2014
2014046759;1;1;1;1;7;770;04/10/2014
2014046760;1;1;1;2;7;940;07/10/2014
2014046761;1;1;1;1;2;940;07/10/2014
2014046762;1;1;1;2;4;770;08/10/2014
2014046763;1;1;1;2;5;770;08/10/2014
2014046764;5;1;1;3;6;940;08/10/2014
2014046765;3;1;1;2;6;940;09/10/2014
2014046766;1;1;1;1;3;940;08/10/2014
2014046767;1;1;1;1;7;940;10/10/2014
2014046768;3;1;1;1;2;770;12/10/2014
2014046769;3;1;1;1;6;770;12/10/2014
2014046770;3;1;1;1;5;770;12/10/2014
2014046771;5;1;1;2;2;750;12/10/2014
2014046772;1;1;1;2;2;770;13/10/2014
2014046773;5;1;1;1;5;940;14/10/2014
2014046774;1;1;1;1;4;770;14/10/2014
2014046775;3;1;1;1;4;770;14/10/2014
2014046776;2;1;1;2;6;940;15/10/2014
2014046777;1;1;1;1;4;770;16/10/2014
2014046778;1;1;1;2;6;940;16/10/2014
2014046779;3;1;1;2;3;940;16/10/2014
2014046780;1;1;1;2;2;770;17/10/2014
2014046781;1;1;1;1;5;940;18/10/2014
2014046782;1;1;1;1;2;940;20/10/2014
2014046783;1;1;1;1;3;940;21/10/2014
2014046784;5;1;1;2;2;940;21/10/2014
2014046785;5;1;1;1;2;940;22/10/2014
2014046786;4;1;1;1;2;770;23/10/2014
2014046787;5;1;1;1;6;940;25/10/2014
2014046788;1;1;1;1;2;940;28/10/2014
2014046789;2;1;1;1;6;750;28/10/2014
2014046790;4;1;1;1;3;940;28/10/2014
2014046791;4;1;1;1;3;770;28/10/2014
2014046792;3;1;1;1;7;770;30/10/2014
2014046793;1;1;1;1;2;770;31/10/2014
2014046794;1;1;1;1;6;770;31/10/2014
2014046795;2;1;1;1;3;770;31/10/2014
2014046796;5;1;1;1;7;940;01/11/2014
2014046797;3;1;1;1;6;770;02/11/2014
2014046798;3;1;1;2;2;940;03/11/2014
2014046799;3;1;1;2;2;770;04/11/2014
2014046800;1;1;1;2;2;940;04/11/2014
2014046801;1;1;1;1;5;750;05/11/2014
2014046802;1;1;1;1;3;940;06/11/2014
2014046803;3;1;1;1;5;770;07/11/2014
2014046804;3;1;1;1;4;770;07/11/2014
2014046805;4;1;1;1;6;940;08/11/2014
2014046806;1;1;1;1;5;940;08/11/2014
2014046807;1;1;1;1;6;940;08/11/2014
2014046808;1;1;1;1;4;940;10/11/2014
2014046809;1;1;1;1;2;930;12/11/2014
2014046810;1;1;1;1;5;940;12/11/2014
2014046811;3;1;1;1;4;770;13/11/2014
2014046812;1;1;1;1;4;770;13/11/2014
2014046813;3;1;1;2;3;770;14/11/2014
2014046814;3;1;1;3;2;940;15/11/2014
2014046815;5;1;1;1;6;940;16/11/2014
2014046816;1;1;1;1;4;770;17/11/2014
2014046817;1;1;1;1;3;940;18/11/2014
2014046818;1;1;1;1;5;940;18/11/2014
2014046819;1;1;1;5;2;770;19/11/2014
2014046820;3;1;1;1;5;940;20/11/2014
2014046821;1;1;1;1;3;770;20/11/2014
2014046822;1;1;1;1;2;940;20/11/2014
2014046823;3;1;1;1;7;940;21/11/2014
2014046824;4;1;1;1;3;940;21/11/2014
2014046825;5;1;1;1;6;940;23/11/2014
2014046826;1;1;1;1;5;940;24/11/2014
2014046827;3;1;1;1;6;770;25/11/2014
2014046828;1;1;1;1;7;940;25/11/2014
2014046829;1;1;1;1;5;770;26/11/2014
2014046830;1;1;1;1;3;770;26/11/2014
2014046831;5;1;1;1;2;940;26/11/2014
2014046832;1;1;1;1;4;940;27/11/2014
2014046833;1;1;1;1;4;940;27/11/2014
2014046834;3;1;1;1;5;940;27/11/2014
2014046835;3;1;1;1;2;770;27/11/2014
2014046836;3;1;1;1;2;770;28/11/2014
2014046837;3;1;1;1;2;940;28/11/2014
2014046838;3;1;1;1;5;770;28/11/2014
2014046839;3;1;1;1;4;770;03/12/2014
2014046840;1;1;1;1;7;940;05/12/2014
2014046841;3;1;1;1;2;940;05/12/2014
2014046842;3;1;1;3;6;940;07/12/2014
2014046843;1;1;1;1;3;940;08/12/2014
2014046844;1;1;1;2;2;770;08/12/2014
2014046845;3;1;1;1;4;940;09/12/2014
2014046846;5;1;1;2;7;750;10/12/2014
2014046847;3;1;1;2;7;770;10/12/2014
2014046848;2;1;1;1;2;940;11/12/2014
2014046849;1;1;1;2;3;770;11/12/2014
2014046850;3;1;1;2;5;940;12/12/2014
2014046851;3;1;1;2;2;940;12/12/2014
2014046852;3;1;1;1;7;940;12/12/2014
2014046853;3;1;1;2;2;770;12/12/2014
2014046854;5;1;1;1;3;940;13/12/2014
2014046855;1;1;1;2;5;940;13/12/2014
2014046856;3;1;1;2;2;770;13/12/2014
2014046857;1;1;1;2;7;940;13/12/2014
2014046858;1;1;1;2;2;770;15/12/2014
2014046859;1;1;1;1;2;940;15/12/2014
2014046860;5;1;1;1;6;750;15/12/2014
2014046861;1;1;1;2;5;940;16/12/2014
2014046862;2;1;1;2;7;940;16/12/2014
2014046863;1;1;1;2;3;940;16/12/2014
2014046864;1;1;1;2;5;940;17/12/2014
2014046865;3;1;1;2;2;940;17/12/2014
2014046866;3;1;1;2;5;940;18/12/2014
2014046867;1;1;1;1;4;940;18/12/2014
2014046868;5;1;1;1;2;940;12/12/2014
2014046869;2;1;1;1;7;770;19/12/2014
2014046870;3;1;1;1;3;940;19/12/2014
2014046871;3;1;1;1;5;940;20/12/2014
2014046872;3;1;9;1;7;770;21/12/2014
2014046873;5;1;1;2;4;770;22/12/2014
2014046874;3;1;1;1;6;770;25/12/2014
2014046875;3;1;1;1;6;940;27/12/2014
2014046876;1;1;1;2;6;770;27/12/2014
2014046877;2;1;1;1;7;770;28/12/2014
2014046878;3;1;1;1;7;940;29/12/2014
2014046879;3;1;1;2;2;930;29/01/2014
2014046880;3;1;1;1;5;930;01/01/2014
2014046881;3;1;1;2;7;930;01/01/2014
2014046882;4;1;1;1;2;920;01/01/2014
2014046883;4;1;1;2;2;930;01/01/2014
2014046884;4;1;1;1;7;930;01/01/2014
2014046885;1;1;1;1;6;930;02/01/2014
2014046886;1;1;1;1;2;950;02/01/2014
2014046887;1;1;1;1;6;950;02/01/2014
2014046888;1;1;1;2;6;950;02/01/2014
2014046889;3;1;1;1;2;950;03/01/2014
2014046890;1;1;1;1;3;930;03/01/2014
2014046891;2;1;1;2;6;950;03/01/2014
2014046892;2;1;1;1;3;930;04/01/2014
2014046893;1;1;1;2;6;950;05/01/2014
2014046894;1;1;1;1;3;950;06/01/2014
2014046895;4;1;1;1;6;950;06/01/2014
2014046896;1;1;1;1;4;930;07/01/2014
2014046897;3;1;1;1;6;930;08/01/2014
2014046898;4;1;1;1;6;930;08/01/2014
2014046899;3;1;1;1;7;930;09/01/2014
2014046900;1;1;1;1;6;950;10/01/2014
2014046901;3;1;1;1;3;930;10/01/2014
2014046902;1;1;1;2;3;930;11/01/2014
2014046903;1;1;1;2;6;930;11/01/2014
2014046904;1;1;1;2;3;930;11/01/2014
2014046905;3;1;1;1;5;950;11/01/2014
2014046906;4;1;1;5;6;950;12/01/2014
2014046907;1;1;1;1;2;930;13/01/2014
2014046908;1;1;1;1;6;950;13/01/2014
2014046909;1;1;1;8;6;950;14/01/2014
2014046910;1;1;1;2;6;930;14/01/2014
2014046911;1;1;1;1;6;950;14/01/2014
2014046912;1;1;1;1;6;950;14/01/2014
2014046913;2;1;1;2;4;950;15/01/2014
2014046914;3;1;1;1;2;920;15/01/2014
2014046915;3;1;1;2;3;950;15/01/2014
2014046916;1;1;1;2;4;930;16/01/2014
2014046917;1;1;1;1;6;930;16/01/2014
2014046918;1;1;1;1;7;930;16/01/2014
2014046919;5;1;1;1;2;930;16/01/2014
2014046920;3;1;1;1;2;950;16/01/2014
2014046921;4;1;1;1;2;950;17/01/2014
2014046922;4;1;1;1;4;930;18/01/2014
2014046923;3;1;1;1;4;950;18/01/2014
2014046924;3;1;1;1;3;950;19/01/2014
2014046925;3;1;1;1;3;950;20/01/2014
2014046926;1;1;1;2;7;950;21/01/2014
2014046927;3;1;1;1;3;920;21/01/2014
2014046928;1;1;1;2;7;920;23/01/2014
2014046929;1;1;1;1;6;920;23/01/2014
2014046930;1;1;1;1;6;930;23/01/2014
2014046931;2;1;1;2;5;930;23/01/2014
2014046932;3;1;1;1;6;930;24/01/2014
2014046933;1;1;1;1;6;950;24/01/2014
2014046934;4;1;1;1;2;930;25/01/2014
2014046935;3;1;1;1;6;930;27/01/2014
2014046936;1;1;1;2;6;950;29/01/2014
2014046937;2;1;1;1;2;930;29/01/2014
2014046938;3;1;1;2;6;950;29/01/2014
2014046939;4;1;1;1;7;930;30/01/2014
2014046940;1;1;1;3;6;950;30/01/2014
2014046941;1;1;1;1;3;930;30/01/2014
2014046942;5;1;1;1;6;950;30/01/2014
2014046943;3;1;1;1;2;930;31/01/2014
2014046944;1;1;1;1;2;930;31/01/2014
2014046945;3;1;1;1;4;920;31/01/2014
2014046946;1;1;1;1;2;930;05/03/2014
2014046947;5;1;1;3;2;600;01/02/2014
2014046948;1;1;1;2;6;950;01/02/2014
2014046949;1;1;1;3;6;950;01/02/2014
2014046950;1;1;1;2;6;930;01/02/2014
2014046951;1;1;1;1;2;930;01/02/2014
2014046952;1;1;1;1;5;930;01/02/2014
2014046953;1;1;1;1;4;930;01/02/2014
2014046954;3;1;1;1;2;950;02/02/2014
2014046955;1;1;1;1;1;930;02/02/2014
2014046956;4;1;1;1;6;930;02/02/2014
2014046957;1;1;1;1;3;930;04/02/2014
2014046958;5;1;1;1;6;930;05/02/2014
2014046959;3;1;1;3;2;950;05/02/2014
2014046960;2;1;1;1;2;930;05/02/2014
2014046961;3;1;1;1;6;950;06/02/2014
2014046962;1;1;1;2;6;950;08/02/2014
2014046963;1;1;1;1;4;930;09/02/2014
2014046964;1;1;1;1;6;950;09/02/2014
2014046965;3;1;1;1;4;920;09/02/2014
2014046966;4;1;1;1;2;930;09/02/2014
2014046967;1;1;1;1;3;930;07/02/2014
2014046968;1;1;1;1;2;930;07/02/2014
2014046969;1;1;1;1;4;930;07/02/2014
2014046970;1;1;1;1;7;930;10/02/2014
2014046971;1;1;1;1;6;950;10/02/2014
2014046972;3;1;1;1;6;950;10/02/2014
2014046973;1;1;1;1;7;920;11/02/2014
2014046974;1;1;1;1;7;930;11/02/2014
2014046975;4;1;1;2;7;930;11/02/2014
2014046976;5;1;1;2;6;950;11/02/2014
2014046977;3;1;1;1;6;950;11/02/2014
2014046978;3;1;1;1;3;930;12/02/2014
2014046979;1;1;1;1;2;950;12/02/2014
2014046980;1;1;1;1;4;950;13/02/2014
2014046981;1;1;1;2;4;950;13/02/2014
2014046982;1;1;1;1;2;950;13/02/2014
2014046983;3;1;1;2;6;950;14/02/2014
2014046984;1;1;1;2;6;950;14/02/2014
2014046985;1;1;1;1;7;930;14/02/2014
2014046986;1;1;1;1;6;950;14/02/2014
2014046987;3;1;1;1;1;930;14/02/2014
2014046988;3;1;1;1;6;950;14/02/2014
2014046989;1;1;1;1;6;930;15/02/2014
2014046990;1;1;1;1;6;950;15/02/2014
2014046991;1;1;1;1;2;930;17/02/2014
2014046992;3;1;1;1;5;930;18/02/2014
2014046993;1;1;1;2;3;950;19/02/2014
2014046994;1;1;1;1;4;930;19/02/2014
2014046995;3;1;1;1;4;930;19/02/2014
2014046996;1;1;1;2;6;930;20/02/2014
2014046997;1;1;1;2;4;930;20/02/2014
2014046998;1;1;1;3;5;950;20/02/2014
2014046999;3;1;1;1;6;920;21/02/2014
2014047000;1;1;1;1;3;930;21/02/2014
2014047001;3;1;1;1;2;930;21/02/2014
2014047002;1;1;1;1;3;950;22/02/2014
2014047003;1;1;1;1;6;930;23/02/2014
2014047004;1;1;1;1;2;950;23/02/2014
2014047005;3;1;1;1;6;930;24/02/2014
2014047006;3;1;1;1;5;920;24/02/2014
2014047007;1;1;1;1;2;930;25/02/2014
2014047008;1;1;1;1;6;930;27/02/2014
2014047009;3;1;1;1;2;930;26/02/2014
2014047010;1;1;1;2;3;930;27/02/2014
2014047011;1;1;1;1;4;930;27/02/2014
2014047012;1;1;1;1;2;930;27/02/2014
2014047013;1;1;1;1;2;930;27/02/2014
2014047014;1;1;1;2;7;950;28/02/2014
2014047015;1;1;1;2;6;930;28/02/2014
2014047016;1;1;1;2;3;950;28/02/2014
2014047017;1;1;1;1;7;950;28/02/2014
2014047018;1;1;1;1;6;930;02/03/2014
2014047019;3;1;1;1;2;930;02/03/2014
2014047020;3;1;1;2;7;920;03/03/2014
2014047021;1;1;1;1;2;930;03/03/2014
2014047022;1;1;1;1;3;950;03/03/2014
2014047023;3;1;1;1;3;930;03/03/2014
2014047024;3;1;1;8;2;950;03/03/2014
2014047025;4;1;1;1;6;950;03/03/2014
2014047026;4;1;1;1;6;950;04/03/2014
2014047027;2;1;1;1;6;950;04/03/2014
2014047028;3;1;1;1;4;950;04/03/2014
2014047029;3;1;1;1;3;930;04/03/2014
2014047030;1;1;1;1;2;930;05/03/2014
2014047031;1;1;1;1;6;950;05/03/2014
2014047032;1;1;1;1;3;950;05/03/2014
2014047033;1;1;1;1;2;930;07/03/2014
2014047034;3;1;1;5;3;950;08/03/2014
2014047035;2;1;1;1;6;930;08/03/2014
2014047036;1;1;1;1;4;930;08/03/2014
2014047037;5;1;1;1;6;930;09/03/2014
2014047038;3;1;1;1;2;930;09/03/2014
2014047039;1;1;1;1;6;930;10/03/2014
2014047040;1;1;1;1;3;930;10/03/2014
2014047041;1;1;1;1;4;950;10/03/2014
2014047042;1;1;1;1;2;950;11/03/2014
2014047043;3;1;1;1;2;950;11/03/2014
2014047044;1;1;1;1;7;920;12/03/2014
2014047045;1;1;1;1;6;950;12/03/2014
2014047046;1;1;1;1;3;930;13/03/2014
2014047047;1;1;1;1;6;950;13/03/2014
2014047048;1;1;1;1;6;930;13/03/2014
2014047049;3;1;1;1;6;930;13/03/2014
2014047050;4;1;1;1;6;600;15/03/2014
2014047051;1;1;1;1;2;930;15/03/2014
2014047052;1;1;1;1;6;950;15/03/2014
2014047053;2;1;1;1;6;950;16/03/2014
2014047054;1;1;1;1;2;930;16/03/2014
2014047055;4;1;1;1;2;930;16/03/2014
2014047056;1;1;1;1;7;930;17/03/2014
2014047057;2;1;1;1;4;950;18/03/2014
2014047058;1;1;1;1;7;930;18/03/2014
2014047059;1;1;1;1;2;950;18/03/2014
2014047060;1;1;1;1;3;930;18/03/2014
2014047061;1;1;1;1;2;950;19/03/2014
2014047062;1;1;1;1;6;930;19/03/2014
2014047063;1;1;1;1;2;930;20/03/2014
2014047064;1;1;1;1;7;950;20/03/2014
2014047065;1;1;1;1;6;920;20/03/2014
2014047066;1;1;1;1;4;930;20/03/2014
2014047067;3;1;1;1;2;950;21/03/2014
2014047068;1;1;1;1;2;930;21/03/2014
2014047069;1;1;1;1;6;930;22/03/2014
2014047070;1;1;1;1;2;950;23/03/2014
2014047071;1;1;1;1;7;930;24/03/2014
2014047072;1;1;1;1;2;930;24/03/2014
2014047073;1;1;1;2;4;930;25/03/2014
2014047074;1;1;1;2;3;930;25/03/2014
2014047075;1;1;1;1;5;930;29/03/2014
2014047076;1;1;1;1;3;930;26/03/2014
2014047077;1;1;1;1;4;950;27/03/2014
2014047078;1;1;1;1;6;930;27/03/2014
2014047079;1;1;1;1;2;950;27/03/2014
2014047080;5;1;1;1;6;930;28/03/2014
2014047081;1;1;1;1;6;930;28/03/2014
2014047082;1;1;1;1;4;930;28/03/2014
2014047083;3;1;1;1;6;950;29/03/2014
2014047084;4;1;1;1;3;950;29/03/2014
2014047085;5;1;1;1;6;930;30/03/2014
2014047086;2;1;1;1;4;950;30/03/2014
2014047087;1;1;1;1;6;930;30/03/2014
2014047088;3;1;1;1;5;930;30/03/2014