num_acc;lum;agg;inter;atm;col;dep;date
2014047669;1;1;1;1;4;950;14/10/2014
2014047670;3;1;1;1;2;930;15/10/2014
2014047671;1;1;1;1;2;950;15/10/2014
2014047672;1;1;1;1;7;930;15/10/2014
2014047673;1;1;1;2;6;950;15/10/2014
2014047674;3;1;1;1;3;930;16/10/2014
2014047675;1;1;1;1;6;930;16/10/2014
2014047676;1;1;1;1;6;950;16/10/2014
2014047677;1;1;1;1;3;930;17/10/2014
2014047678;4;1;1;1;4;930;17/10/2014
2014047679;3;1;1;1;6;920;17/10/2014
2014047680;2;1;1;1;6;930;17/10/2014
2014047681;1;1;1;1;7;950;18/10/2014
2014047682;3;1;1;1;1;930;18/10/2014
2014047683;4;1;1;1;4;920;18/10/2014
2014047684;3;1;1;1;6;930;18/10/2014
2014047685;1;1;1;1;6;950;19/10/2014
2014047686;3;1;1;1;3;930;19/10/2014
2014047687;1;1;1;1;4;930;20/10/2014
2014047688;1;1;1;1;6;950;20/10/2014
2014047689;5;1;1;1;3;930;21/10/2014
2014047690;4;1;1;1;6;930;21/10/2014
2014047691;1;1;1;1;4;920;22/10/2014
2014047692;1;1;1;1;4;950;22/10/2014
2014047693;1;1;1;1;6;950;22/10/2014
2014047694;1;1;1;1;4;930;23/10/2014
2014047695;1;1;1;1;4;930;23/10/2014
2014047696;1;1;1;1;3;930;23/10/2014
2014047697;1;1;1;1;4;930;23/10/2014
2014047698;3;1;1;1;6;950;26/10/2014
2014047699;1;1;1;1;3;930;26/10/2014
2014047700;3;1;1;1;6;950;26/10/2014
2014047701;1;1;1;1;3;930;28/10/2014
2014047702;3;1;1;1;4;920;28/10/2014
2014047703;3;1;1;1;4;600;28/10/2014
2014047704;1;1;1;1;2;600;29/10/2014
2014047705;1;1;1;1;3;930;29/10/2014
2014047706;1;1;1;1;6;930;29/10/2014
2014047707;4;1;1;1;7;930;29/10/2014
2014047708;3;1;1;1;6;930;30/10/2014
2014047709;1;1;1;1;6;950;30/10/2014
2014047710;3;1;1;1;5;930;30/10/2014
2014047711;1;1;1;1;6;930;31/10/2014
2014047712;3;1;1;1;4;930;31/10/2014
2014047713;3;1;1;1;4;950;31/10/2014
2014047714;3;1;1;1;4;920;31/10/2014
2014047715;3;1;1;1;1;930;31/10/2014
2014047716;3;1;1;1;5;950;01/11/2014
2014047717;3;1;1;1;5;950;01/11/2014
2014047718;3;1;1;1;7;950;02/11/2014
2014047719;1;1;1;1;6;950;02/11/2014
2014047720;2;1;1;1;6;950;02/11/2014
2014047721;3;1;1;1;3;920;02/11/2014
2014047722;4;1;1;2;2;950;02/11/2014
2014047723;3;1;1;2;6;930;03/11/2014
2014047724;1;1;1;1;7;950;03/11/2014
2014047725;3;1;1;2;5;930;03/11/2014
2014047726;1;1;1;1;6;950;04/11/2014
2014047727;1;1;1;1;6;950;04/11/2014
2014047728;3;1;1;1;2;930;04/11/2014
2014047729;3;1;1;1;6;930;05/11/2014
2014047730;1;1;1;1;3;930;05/11/2014
2014047731;1;1;1;1;4;950;04/11/2014
2014047732;4;1;1;1;5;930;05/11/2014
2014047733;1;1;1;1;2;930;05/11/2014
2014047734;1;1;1;1;3;930;06/11/2014
2014047735;1;1;1;1;6;950;06/11/2014
2014047736;1;1;1;1;3;950;06/11/2014
2014047737;3;1;1;1;3;930;06/11/2014
2014047738;1;1;1;2;6;950;07/11/2014
2014047739;1;1;1;1;2;930;07/11/2014
2014047740;1;1;1;1;7;600;08/11/2014
2014047741;3;1;1;1;4;950;09/11/2014
2014047742;4;1;1;1;6;930;09/11/2014
2014047743;1;1;1;1;4;930;08/11/2014
2014047744;4;1;1;1;2;930;10/11/2014
2014047745;4;1;1;2;2;950;12/11/2014
2014047746;1;1;1;1;4;950;12/11/2014
2014047747;1;1;1;1;3;930;12/11/2014
2014047748;3;1;1;1;2;930;12/11/2014
2014047749;3;1;1;1;5;930;12/11/2014
2014047750;3;1;1;1;7;930;12/11/2014
2014047751;2;1;1;1;7;950;13/11/2014
2014047752;1;1;1;1;3;950;13/11/2014
2014047753;3;1;1;1;2;950;14/11/2014
2014047754;3;1;1;1;2;950;14/11/2014
2014047755;1;1;1;1;3;930;14/11/2014
2014047756;1;1;1;1;2;930;15/11/2014
2014047757;3;1;1;2;6;950;14/11/2014
2014047758;3;1;1;1;3;600;14/11/2014
2014047759;4;1;1;2;3;930;14/11/2014
2014047760;1;1;1;2;2;950;15/11/2014
2014047761;1;1;1;2;2;950;15/11/2014
2014047762;1;1;1;2;6;950;15/11/2014
2014047763;4;1;1;1;6;930;16/11/2014
2014047764;1;1;1;2;7;920;16/11/2014
2014047765;3;1;1;2;6;930;16/11/2014
2014047766;3;1;1;2;3;950;16/11/2014
2014047767;1;1;1;2;4;950;17/11/2014
2014047768;1;1;1;2;7;930;17/11/2014
2014047769;1;1;1;2;7;930;17/11/2014
2014047770;3;1;1;2;3;930;17/11/2014
2014047771;3;1;1;2;4;930;17/11/2014
2014047772;2;1;1;1;2;950;18/11/2014
2014047773;1;1;1;1;7;920;18/11/2014
2014047774;1;1;1;1;2;950;18/11/2014
2014047775;1;1;1;1;6;950;18/11/2014
2014047776;1;1;1;2;6;950;18/11/2014
2014047777;2;1;1;2;6;930;18/11/2014
2014047778;1;1;1;5;2;950;19/11/2014
2014047779;3;1;1;1;3;930;19/11/2014
2014047780;3;1;1;1;2;950;19/11/2014
2014047781;3;1;1;1;4;930;19/11/2014
2014047782;3;1;1;1;6;950;20/11/2014
2014047783;5;1;1;2;6;950;20/11/2014
2014047784;1;1;1;1;5;930;21/11/2014
2014047785;1;1;1;1;2;950;21/11/2014
2014047786;1;1;1;1;6;950;21/11/2014
2014047787;1;1;1;1;5;930;24/11/2014
2014047788;1;1;1;1;5;930;22/11/2014
2014047789;2;1;1;1;6;930;22/11/2014
2014047790;3;1;1;1;2;920;22/11/2014
2014047791;4;1;1;1;2;930;22/11/2014
2014047792;1;1;1;1;7;930;23/11/2014
2014047793;3;1;1;1;4;950;23/11/2014
2014047794;1;1;1;2;2;930;24/11/2014
2014047795;1;1;1;1;5;930;24/11/2014
2014047796;3;1;1;2;2;950;25/11/2014
2014047797;3;1;1;2;2;930;26/11/2014
2014047798;3;1;1;2;2;950;26/11/2014
2014047799;1;1;1;2;6;950;27/11/2014
2014047800;1;1;1;1;2;930;27/11/2014
2014047801;3;1;1;1;3;950;27/11/2014
2014047802;3;1;1;1;5;930;27/11/2014
2014047803;1;1;1;1;7;950;27/11/2014
2014047804;3;1;1;1;3;950;27/11/2014
2014047805;5;1;1;1;4;920;27/11/2014
2014047806;1;1;1;1;4;930;28/11/2014
2014047807;1;1;1;1;6;930;28/11/2014
2014047808;1;1;1;1;2;930;28/11/2014
2014047809;1;1;1;1;6;930;28/11/2014
2014047810;3;1;1;1;5;950;28/11/2014
2014047811;3;1;1;1;6;930;28/11/2014
2014047812;2;1;1;1;6;950;01/12/2014
2014047813;1;1;1;1;2;920;01/12/2014
2014047814;3;1;1;1;4;930;01/12/2014
2014047815;3;1;1;2;2;930;01/12/2014
2014047816;4;1;1;8;3;920;01/12/2014
2014047817;1;1;1;1;3;930;02/12/2014
2014047818;1;1;1;1;5;930;02/12/2014
2014047819;4;1;1;1;7;930;03/12/2014
2014047820;3;1;1;1;4;950;03/12/2014
2014047821;1;1;1;8;4;950;03/12/2014
2014047822;3;1;1;1;2;950;03/12/2014
2014047823;4;1;1;2;4;950;04/12/2014
2014047824;3;1;1;1;6;930;05/12/2014
2014047825;3;1;1;1;6;930;05/12/2014
2014047826;3;1;1;1;6;930;06/12/2014
2014047827;1;1;1;1;3;930;06/12/2014
2014047828;4;1;1;1;6;920;07/12/2014
2014047829;2;1;1;9;6;950;07/12/2014
2014047830;2;1;1;1;6;950;07/12/2014
2014047831;1;1;1;2;2;930;07/12/2014
2014047832;1;1;1;1;3;930;07/12/2014
2014047833;3;1;1;2;6;950;07/12/2014
2014047834;4;1;1;1;7;930;07/12/2014
2014047835;3;1;1;2;7;950;07/12/2014
2014047836;1;1;1;1;2;930;08/12/2014
2014047837;1;1;1;2;6;930;08/12/2014
2014047838;5;1;1;1;3;930;08/12/2014
2014047839;1;1;1;1;6;950;09/12/2014
2014047840;1;1;1;3;3;950;10/12/2014
2014047841;1;1;1;1;2;950;09/12/2014
2014047842;2;1;1;2;4;930;10/12/2014
2014047843;1;1;1;2;2;930;10/12/2014
2014047844;3;1;1;8;2;930;10/12/2014
2014047845;1;1;1;2;6;950;10/12/2014
2014047846;4;1;1;1;3;920;11/12/2014
2014047847;3;1;1;1;6;950;12/12/2014
2014047848;1;1;1;2;3;930;12/12/2014
2014047849;3;1;1;2;6;950;12/12/2014
2014047850;3;1;1;3;6;930;13/12/2014
2014047851;3;1;1;2;6;930;13/12/2014
2014047852;3;1;1;2;6;930;13/12/2014
2014047853;1;1;1;3;6;950;13/12/2014
2014047854;3;1;1;5;6;950;14/12/2014
2014047855;1;1;1;1;6;950;14/12/2014
2014047856;1;1;1;5;6;930;14/12/2014
2014047857;2;1;1;1;4;950;14/12/2014
2014047858;3;1;1;2;5;930;14/12/2014
2014047859;1;1;1;1;7;930;15/12/2014
2014047860;3;1;1;1;3;920;15/12/2014
2014047861;3;1;1;2;6;930;15/12/2014
2014047862;3;1;1;2;6;950;15/12/2014
2014047863;1;1;1;2;6;930;16/12/2014
2014047864;1;1;1;1;2;950;16/12/2014
2014047865;1;1;1;2;2;920;16/12/2014
2014047866;1;1;1;1;6;930;16/12/2014
2014047867;1;1;1;2;2;930;16/12/2014
2014047868;1;1;1;2;2;950;17/12/2014
2014047869;1;1;1;2;2;600;17/12/2014
2014047870;4;1;1;3;6;950;17/12/2014
2014047871;5;1;1;2;2;920;18/12/2014
2014047872;3;1;1;2;6;930;18/12/2014
2014047873;1;1;1;2;6;950;19/12/2014
2014047874;1;1;1;2;2;950;19/12/2014
2014047875;1;1;1;1;2;930;20/12/2014
2014047876;3;1;1;1;6;920;20/12/2014
2014047877;3;1;1;1;6;930;21/12/2014
2014047878;3;1;1;1;2;930;21/12/2014
2014047879;4;1;1;1;6;950;22/12/2014
2014047880;1;1;1;1;3;930;22/12/2014
2014047881;5;1;1;1;2;920;22/12/2014
2014047882;1;1;1;1;2;950;23/12/2014
2014047883;3;1;1;1;3;930;24/12/2014
2014047884;1;1;1;2;7;950;24/12/2014
2014047885;3;1;1;2;6;950;24/12/2014
2014047886;1;1;1;1;4;930;25/12/2014
2014047887;1;1;1;1;2;950;26/12/2014
2014047888;4;1;1;3;7;920;27/12/2014
2014047889;1;1;1;2;6;950;27/12/2014
2014047890;1;1;1;1;6;950;27/12/2014
2014047891;1;1;1;2;6;920;27/12/2014
2014047892;4;1;1;1;6;950;27/12/2014
2014047893;4;1;1;2;7;950;27/12/2014
2014047894;3;1;1;8;2;930;27/12/2014
2014047895;3;1;1;1;2;930;28/12/2014
2014047896;3;1;1;1;6;930;28/12/2014
2014047897;3;1;1;1;6;950;28/12/2014
2014047898;1;1;1;1;6;950;28/12/2014
2014047899;1;1;1;1;2;930;30/12/2014
2014047900;3;1;1;1;2;930;30/12/2014
2014047901;1;1;1;1;3;930;31/12/2014
2014047902;3;1;1;1;6;950;31/12/2014
2014047903;3;1;1;1;2;950;31/12/2014
2014047904;3;1;1;1;4;930;21/07/2014
2014047905;3;1;1;1;6;950;15/08/2014
2014047906;3;1;1;1;6;950;21/09/2014
2014047907;3;1;1;2;7;930;07/10/2014
2014047908;3;1;1;1;2;930;19/10/2014
2014047909;3;1;1;1;6;930;01/12/2014
2014047910;3;1;1;1;5;930;11/12/2014
2014047911;3;1;1;1;6;950;21/12/2014
2014047912;3;1;1;1;6;920;02/01/2014
2014047913;1;1;1;1;4;920;02/01/2014
2014047914;1;1;1;1;2;780;05/01/2014
2014047915;1;1;1;1;5;920;06/01/2014
2014047916;1;1;1;1;2;780;06/01/2014
2014047917;1;1;1;1;7;920;07/01/2014
2014047918;1;1;1;1;4;780;07/01/2014
2014047919;3;1;1;2;4;780;08/01/2014
2014047920;3;1;1;8;3;920;09/01/2014
2014047921;1;1;1;1;4;780;09/01/2014
2014047922;2;1;1;1;4;920;10/01/2014
2014047923;3;1;1;5;2;920;12/01/2014
2014047924;5;1;1;1;2;920;14/01/2014
2014047925;1;1;1;1;2;780;14/01/2014
2014047926;1;1;1;2;5;920;14/01/2014
2014047927;1;1;1;8;7;920;14/01/2014
2014047928;3;1;1;1;2;780;14/01/2014
2014047929;1;1;1;1;5;780;15/01/2014
2014047930;3;1;1;3;2;780;16/01/2014
2014047931;1;1;1;1;5;780;17/01/2014
2014047932;4;1;1;1;2;780;17/01/2014
2014047933;1;1;1;1;5;780;20/01/2014
2014047934;3;1;1;1;7;920;20/01/2014
2014047935;3;1;1;1;2;780;20/01/2014
2014047936;3;1;1;1;6;920;20/01/2014
2014047937;2;1;1;5;3;920;21/01/2014
2014047938;1;1;1;2;3;780;22/01/2014
2014047939;1;1;1;2;7;780;24/01/2014
2014047940;1;1;1;1;3;920;24/01/2014
2014047941;3;1;1;1;2;780;24/01/2014
2014047942;4;1;1;8;7;920;26/01/2014
2014047943;1;1;1;8;2;920;28/01/2014
2014047944;3;1;1;1;2;780;30/01/2014
2014047945;3;1;1;8;2;780;31/01/2014
2014047946;1;1;1;1;7;780;01/02/2014
2014047947;1;1;1;1;2;780;01/02/2014
2014047948;1;1;1;1;4;920;01/02/2014
2014047949;1;1;1;1;3;920;04/02/2014
2014047950;1;1;1;1;5;780;04/02/2014
2014047951;1;1;1;1;7;780;05/02/2014
2014047952;1;1;1;1;2;780;05/02/2014
2014047953;1;1;1;1;2;780;06/02/2014
2014047954;1;1;1;6;7;780;08/02/2014
2014047955;2;1;1;1;5;780;09/02/2014
2014047956;1;1;1;1;5;780;09/02/2014
2014047957;3;1;4;1;7;780;12/02/2014
2014047958;1;1;1;1;5;780;12/02/2014
2014047959;1;1;1;8;6;920;13/02/2014
2014047960;3;1;1;2;6;780;13/02/2014
2014047961;1;1;1;1;7;780;14/02/2014
2014047962;3;1;1;1;3;920;14/02/2014
2014047963;3;1;1;1;5;780;16/02/2014
2014047964;5;1;1;1;7;780;17/02/2014
2014047965;1;1;1;1;2;920;18/02/2014
2014047966;5;1;1;1;6;780;18/02/2014
2014047967;1;1;1;2;2;780;20/02/2014
2014047968;3;1;1;2;4;780;20/02/2014
2014047969;3;1;1;2;6;920;20/02/2014
2014047970;3;1;1;2;6;920;21/02/2014
2014047971;1;1;1;1;3;920;21/02/2014
2014047972;4;1;1;1;3;920;21/02/2014
2014047973;5;1;1;1;6;780;24/02/2014
2014047974;1;1;1;2;7;920;25/02/2014
2014047975;1;1;1;1;5;920;25/02/2014
2014047976;1;1;1;1;4;750;26/02/2014
2014047977;1;1;1;1;4;920;26/02/2014
2014047978;3;1;1;2;3;920;26/02/2014
2014047979;1;1;1;3;4;780;27/02/2014
2014047980;1;1;1;2;2;920;27/02/2014
2014047981;1;1;1;1;7;780;27/02/2014
2014047982;1;1;1;2;7;920;28/02/2014
2014047983;1;1;1;1;2;750;28/02/2014
2014047984;4;1;1;1;2;750;02/03/2014
2014047985;2;1;1;1;3;780;04/03/2014
2014047986;1;1;1;1;5;920;05/03/2014
2014047987;1;1;1;1;5;780;05/03/2014
2014047988;1;1;1;7;7;780;05/03/2014
2014047989;3;1;1;1;2;780;07/03/2014
2014047990;1;1;1;1;5;920;08/03/2014
2014047991;1;1;1;1;2;920;10/03/2014
2014047992;1;1;1;1;2;780;10/03/2014
2014047993;1;1;1;1;4;780;11/03/2014
2014047994;5;1;1;1;7;920;11/03/2014
2014047995;3;1;1;1;7;780;11/03/2014
2014047996;1;1;1;1;2;920;12/03/2014
2014047997;1;1;1;1;7;920;12/03/2014
2014047998;1;1;1;1;5;920;13/03/2014
2014047999;1;1;1;1;2;780;13/03/2014
2014048000;1;1;1;1;3;780;14/03/2014
2014048001;5;1;1;1;4;920;14/03/2014
2014048002;1;1;1;1;6;780;16/03/2014
2014048003;1;1;1;1;3;920;16/03/2014
2014048004;1;1;1;1;7;920;17/03/2014
2014048005;3;1;1;1;2;920;17/03/2014
2014048006;1;1;1;1;1;780;19/03/2014
2014048007;1;1;1;1;2;780;19/03/2014
2014048008;1;1;1;1;3;920;19/03/2014
2014048009;1;1;1;7;7;780;20/03/2014
2014048010;1;1;1;1;3;920;20/03/2014
2014048011;1;1;1;1;2;920;20/03/2014
2014048012;3;1;1;1;7;780;21/03/2014
2014048013;5;1;1;1;7;920;21/03/2014
2014048014;3;1;1;1;2;780;22/03/2014
2014048015;4;1;1;1;6;780;23/03/2014
2014048016;1;1;1;1;6;920;23/03/2014
2014048017;3;1;1;1;6;780;24/03/2014
2014048018;3;1;1;1;2;780;24/03/2014
2014048019;1;1;1;2;2;780;25/03/2014
2014048020;1;1;1;2;5;920;25/03/2014
2014048021;1;1;1;2;7;780;25/03/2014
2014048022;1;1;1;8;3;780;26/03/2014
2014048023;1;1;1;1;2;780;26/03/2014
2014048024;1;1;1;1;2;780;27/03/2014
2014048025;1;1;1;1;3;780;28/03/2014
2014048026;1;1;1;1;2;920;28/03/2014
2014048027;1;1;1;1;4;920;28/03/2014
2014048028;1;1;1;1;4;780;28/03/2014
2014048029;1;1;1;1;3;780;28/03/2014
2014048030;3;1;1;1;5;780;31/03/2014
2014048031;1;1;1;1;2;920;31/03/2014
2014048032;1;1;1;1;2;920;01/04/2014
2014048033;1;1;1;1;5;780;01/04/2014
2014048034;1;1;1;1;5;920;02/04/2014
2014048035;1;1;9;1;2;920;02/04/2014
2014048036;1;1;1;1;5;920;02/04/2014
2014048037;1;1;1;1;7;920;02/04/2014
2014048038;1;1;1;1;2;920;04/04/2014
2014048039;1;1;1;1;5;920;05/04/2014
2014048040;2;1;1;5;2;780;07/04/2014
2014048041;1;1;1;1;2;920;07/04/2014
2014048042;1;1;1;1;2;920;07/04/2014
2014048043;1;1;1;1;2;780;07/04/2014
2014048044;1;1;1;1;6;920;07/04/2014
2014048045;1;1;1;1;5;920;08/04/2014
2014048046;1;1;1;1;3;920;09/04/2014
2014048047;4;1;1;1;6;780;09/04/2014
2014048048;1;1;1;1;3;920;10/04/2014
2014048049;1;1;1;1;3;780;11/04/2014
2014048050;1;1;1;1;1;920;11/04/2014
2014048051;1;1;1;1;2;920;11/04/2014
2014048052;1;1;1;1;5;920;11/04/2014
2014048053;1;1;1;1;6;780;12/04/2014
2014048054;1;1;1;1;5;780;12/04/2014
2014048055;1;1;1;1;7;780;12/04/2014
2014048056;3;1;1;1;2;780;12/04/2014
2014048057;1;1;1;1;6;780;13/04/2014
2014048058;3;1;1;1;6;920;13/04/2014
2014048059;1;1;1;1;2;920;14/04/2014
2014048060;1;1;1;1;4;780;15/04/2014
2014048061;1;1;1;7;5;780;15/04/2014
2014048062;1;1;1;1;5;920;15/04/2014
2014048063;4;1;1;1;2;780;16/04/2014
2014048064;1;1;1;1;6;780;16/04/2014
2014048065;1;1;1;1;5;920;16/04/2014
2014048066;1;1;1;1;6;780;18/04/2014
2014048067;1;1;1;1;6;780;19/04/2014
2014048068;3;1;1;1;2;780;21/04/2014
2014048069;1;1;1;1;7;780;22/04/2014
2014048070;1;1;1;1;2;780;24/04/2014
2014048071;5;1;1;1;2;920;25/04/2014
2014048072;1;1;1;1;4;780;25/04/2014
2014048073;1;1;1;2;7;780;26/04/2014
2014048074;1;1;1;2;6;780;26/04/2014
2014048075;1;1;1;2;6;780;26/04/2014
2014048076;5;1;1;2;2;920;27/04/2014
2014048077;1;1;1;1;6;920;27/04/2014
2014048078;2;1;1;2;6;780;27/04/2014
2014048079;1;1;1;1;6;780;27/04/2014
2014048080;2;1;1;1;2;920;29/04/2014
2014048081;1;1;1;2;2;780;29/04/2014
2014048082;2;1;1;2;4;920;29/04/2014
2014048083;1;1;1;1;5;780;30/04/2014
2014048084;1;1;1;1;4;920;30/04/2014
2014048085;2;1;1;1;2;920;30/04/2014
2014048086;1;1;1;1;6;780;01/05/2014
2014048087;5;1;1;2;7;920;01/05/2014
2014048088;1;1;1;2;6;780;01/05/2014
2014048089;3;1;1;2;6;920;02/05/2014
2014048090;1;1;1;1;7;780;02/05/2014
2014048091;1;1;1;1;2;920;03/05/2014
2014048092;1;1;1;1;6;780;03/05/2014
2014048093;1;1;1;1;6;780;03/05/2014
2014048094;1;1;1;1;7;780;04/05/2014
2014048095;3;1;1;1;2;780;05/05/2014
2014048096;1;1;1;1;5;780;05/05/2014
2014048097;1;1;1;1;2;920;05/05/2014
2014048098;1;1;1;1;3;780;06/05/2014
2014048099;1;1;1;1;2;780;06/05/2014
2014048100;1;1;1;8;7;780;07/05/2014
2014048101;1;1;1;2;4;780;07/05/2014
2014048102;1;1;1;1;3;780;07/05/2014
2014048103;1;1;1;1;7;780;09/05/2014
2014048104;1;1;1;1;4;780;09/05/2014
2014048105;1;1;1;1;6;920;09/05/2014
2014048106;1;1;1;1;7;920;09/05/2014
2014048107;1;1;1;1;4;780;12/05/2014
2014048108;1;1;1;1;2;920;12/05/2014
2014048109;1;1;1;2;5;920;12/05/2014
2014048110;1;1;9;1;4;780;13/05/2014
2014048111;1;1;1;1;5;920;14/05/2014
2014048112;1;1;1;1;2;780;14/05/2014
2014048113;1;1;1;1;2;920;15/05/2014
2014048114;1;1;1;1;2;920;15/05/2014
2014048115;1;1;1;1;5;780;15/05/2014
2014048116;1;1;1;1;5;780;15/05/2014
2014048117;2;1;1;1;2;780;16/05/2014
2014048118;1;1;1;1;6;780;16/05/2014
2014048119;1;1;1;1;6;780;18/05/2014
2014048120;1;1;1;1;2;780;19/05/2014
2014048121;1;1;1;1;3;780;19/05/2014
2014048122;1;1;1;1;7;920;19/05/2014
2014048123;1;1;1;1;2;920;20/05/2014
2014048124;1;1;1;2;4;780;21/05/2014
2014048125;1;1;9;2;5;780;21/05/2014
2014048126;1;1;1;3;2;920;21/05/2014
2014048127;3;1;1;1;2;920;23/05/2014
2014048128;1;1;1;1;6;920;15/05/2014
2014048129;1;1;1;1;2;780;23/05/2014
2014048130;1;1;1;2;2;780;24/05/2014
2014048131;1;1;1;1;2;920;25/05/2014
2014048132;1;1;1;1;2;920;26/05/2014
2014048133;1;1;1;1;3;780;27/05/2014
2014048134;1;1;1;1;4;920;28/05/2014
2014048135;1;1;1;2;7;780;28/05/2014
2014048136;1;1;1;2;5;780;29/05/2014
2014048137;1;1;1;3;5;780;28/05/2014
2014048138;1;1;1;1;2;920;30/05/2014
2014048139;3;1;1;8;6;780;02/06/2014
2014048140;1;1;1;1;3;920;02/06/2014
2014048141;1;1;1;1;7;780;02/06/2014
2014048142;1;1;1;1;6;920;02/06/2014
2014048143;1;1;1;1;6;780;03/06/2014
2014048144;1;1;1;1;6;920;03/06/2014
2014048145;1;1;1;1;2;780;06/06/2014
2014048146;1;1;1;1;5;920;06/06/2014
2014048147;1;1;1;1;2;920;07/06/2014
2014048148;1;1;1;1;2;750;10/06/2014
2014048149;1;1;1;1;6;920;12/06/2014
2014048150;1;1;1;1;2;920;12/06/2014
2014048151;1;1;1;1;2;780;13/06/2014
2014048152;1;1;1;1;6;780;14/06/2014
2014048153;1;1;1;1;2;920;15/06/2014
2014048154;1;1;1;1;4;780;16/06/2014
2014048155;1;1;9;1;3;780;17/06/2014
2014048156;1;1;1;8;2;780;17/06/2014
2014048157;1;1;1;1;3;780;17/06/2014
2014048158;5;1;1;1;2;920;17/06/2014
2014048159;1;1;1;1;7;780;18/06/2014
2014048160;1;1;1;1;7;920;19/06/2014
2014048161;1;1;1;1;2;920;19/06/2014
2014048162;1;1;1;1;5;780;20/06/2014
2014048163;2;1;1;7;2;780;20/06/2014
2014048164;1;1;9;1;7;780;21/06/2014
2014048165;1;1;1;1;2;780;23/06/2014
2014048166;1;1;1;1;3;920;23/06/2014
2014048167;1;1;1;1;2;780;23/06/2014
2014048168;1;1;1;1;4;920;24/06/2014
2014048169;1;1;1;1;2;920;24/06/2014
2014048170;1;1;1;1;5;780;24/06/2014
2014048171;1;1;1;1;6;920;24/06/2014
2014048172;1;1;1;1;3;920;25/06/2014
2014048173;1;1;1;1;3;920;26/06/2014
2014048174;1;1;1;1;2;780;26/06/2014
2014048175;5;1;1;9;6;920;26/06/2014
2014048176;1;1;1;1;7;780;22/06/2014
2014048177;1;1;1;1;7;780;27/06/2014
2014048178;2;1;1;1;2;780;28/06/2014
2014048179;1;1;1;2;3;780;28/06/2014
2014048180;1;1;1;2;6;780;28/06/2014
2014048181;4;1;1;3;7;920;29/06/2014
2014048182;2;1;1;8;6;920;29/06/2014
2014048183;1;1;1;2;7;750;29/06/2014
2014048184;3;1;1;1;3;780;01/07/2014
2014048185;1;1;1;1;3;780;02/07/2014
2014048186;1;1;1;1;3;920;03/07/2014
2014048187;1;1;1;1;4;920;03/07/2014
2014048188;2;1;1;1;6;780;04/07/2014
2014048189;1;1;1;1;3;920;04/07/2014
2014048190;1;1;1;1;6;780;06/07/2014
2014048191;1;1;1;2;6;920;06/07/2014
2014048192;1;1;1;3;7;920;06/07/2014
2014048193;1;1;1;8;2;780;06/07/2014
2014048194;1;1;1;2;6;780;08/07/2014
2014048195;1;1;1;1;4;920;09/07/2014
2014048196;1;1;1;2;7;780;09/07/2014
2014048197;5;1;1;9;6;920;10/07/2014
2014048198;1;1;1;1;3;780;11/07/2014
2014048199;1;1;1;2;5;780;13/07/2014
2014048200;1;1;1;3;6;920;13/07/2014
2014048201;1;1;1;3;6;780;13/07/2014
2014048202;1;1;1;2;6;920;14/07/2014
2014048203;5;1;1;1;7;780;16/07/2014
2014048204;3;1;1;1;6;780;16/07/2014
2014048205;1;1;9;1;3;920;11/07/2014
2014048206;1;1;1;1;4;780;16/07/2014
2014048207;1;1;1;1;4;920;16/07/2014
2014048208;1;1;1;1;2;780;17/07/2014
2014048209;1;1;1;1;2;780;17/07/2014
2014048210;1;1;1;1;4;780;18/07/2014
2014048211;1;1;1;1;5;780;18/07/2014
2014048212;3;1;1;3;3;780;20/07/2014
2014048213;1;1;1;1;7;780;22/07/2014
2014048214;1;1;1;1;5;920;23/07/2014
2014048215;1;1;1;8;7;920;27/07/2014
2014048216;1;1;1;1;3;780;28/07/2014
2014048217;1;1;1;8;5;780;29/07/2014
2014048218;1;1;1;1;4;920;30/07/2014
2014048219;1;1;1;1;5;920;30/07/2014
2014048220;1;1;1;1;3;780;31/07/2014
2014048221;1;1;1;1;2;780;31/07/2014
2014048222;1;1;1;1;7;920;01/08/2014
2014048223;1;1;1;1;2;780;03/08/2014
2014048224;1;1;1;1;2;780;03/08/2014
2014048225;1;1;9;1;7;920;05/08/2014
2014048226;1;1;1;2;6;920;06/08/2014
2014048227;1;1;1;3;7;780;06/08/2014
2014048228;1;1;1;2;6;780;06/08/2014
2014048229;1;1;1;1;5;780;07/08/2014
2014048230;3;1;1;1;7;780;07/08/2014
2014048231;1;1;1;1;6;780;11/08/2014
2014048232;1;1;1;2;3;780;12/08/2014
2014048233;1;1;1;1;7;780;13/08/2014
2014048234;1;1;1;1;7;920;14/08/2014
2014048235;1;1;1;1;6;780;14/08/2014
2014048236;1;1;1;8;7;780;14/08/2014
2014048237;1;1;1;1;7;780;16/08/2014
2014048238;3;1;1;1;6;920;17/08/2014
2014048239;1;1;1;1;6;780;18/08/2014
2014048240;1;1;1;1;7;780;20/08/2014
2014048241;3;1;1;1;6;780;22/08/2014
2014048242;1;1;1;1;6;920;23/08/2014
2014048243;1;1;1;2;7;920;25/08/2014
2014048244;1;1;1;1;2;920;28/08/2014
2014048245;1;1;1;1;6;750;01/09/2014
2014048246;1;1;1;1;5;780;01/09/2014
2014048247;1;1;1;1;4;920;02/09/2014
2014048248;1;1;1;1;6;920;03/09/2014