num_acc;lum;agg;inter;atm;col;dep;date
2014050570;5;1;1;1;6;690;12/01/2014
2014050571;5;1;1;1;6;690;14/01/2014
2014050572;5;1;1;1;7;690;14/01/2014
2014050573;1;1;1;1;6;690;14/01/2014
2014050574;4;1;1;2;5;690;16/01/2014
2014050575;2;1;1;1;6;690;17/01/2014
2014050576;3;1;1;1;2;690;17/01/2014
2014050577;5;1;1;1;4;690;17/01/2014
2014050578;3;1;1;1;6;690;17/01/2014
2014050579;5;1;9;1;7;690;18/01/2014
2014050580;1;1;1;2;2;690;19/01/2014
2014050581;1;1;1;1;7;690;20/01/2014
2014050582;5;1;1;1;7;690;22/01/2014
2014050583;1;1;1;1;3;690;22/01/2014
2014050584;3;1;1;2;6;380;22/01/2014
2014050585;5;1;1;1;2;690;23/01/2014
2014050586;1;1;1;1;3;690;23/01/2014
2014050587;1;1;1;1;7;690;24/01/2014
2014050588;1;1;1;1;5;690;26/01/2014
2014050589;5;1;9;2;6;690;27/01/2014
2014050590;1;1;1;1;2;690;29/01/2014
2014050591;1;1;1;2;7;690;01/02/2014
2014050592;5;1;1;1;7;690;03/02/2014
2014050593;1;1;1;1;3;690;03/02/2014
2014050594;5;1;1;2;3;690;04/02/2014
2014050595;2;1;1;2;6;690;04/02/2014
2014050596;2;1;1;2;4;690;04/02/2014
2014050597;1;1;1;2;3;690;05/02/2014
2014050598;1;1;1;1;6;690;06/02/2014
2014050599;1;1;1;1;1;690;06/02/2014
2014050600;5;1;1;8;2;690;08/02/2014
2014050601;3;1;0;1;3;690;08/02/2014
2014050602;1;1;1;1;2;690;08/02/2014
2014050603;1;1;1;8;6;690;10/02/2014
2014050604;1;1;1;1;6;690;11/02/2014
2014050605;1;1;1;1;3;690;12/02/2014
2014050606;1;1;1;1;2;690;14/02/2014
2014050607;5;1;3;3;6;380;16/02/2014
2014050608;5;1;1;1;6;690;16/02/2014
2014050609;1;1;1;1;4;690;17/02/2014
2014050610;2;1;1;1;2;690;19/02/2014
2014050611;1;1;1;1;3;690;19/02/2014
2014050612;1;1;1;1;2;690;20/02/2014
2014050613;1;1;1;2;5;690;21/02/2014
2014050614;3;1;1;1;4;690;21/02/2014
2014050615;1;1;1;1;7;690;22/02/2014
2014050616;3;1;1;1;2;690;23/02/2014
2014050617;4;1;1;3;7;690;26/02/2014
2014050618;1;1;1;2;7;690;26/02/2014
2014050619;1;1;1;1;2;10;26/02/2014
2014050620;1;1;1;2;4;690;26/02/2014
2014050621;1;1;1;2;2;690;28/02/2014
2014050622;1;1;1;1;2;690;28/02/2014
2014050623;1;1;1;1;7;690;02/03/2014
2014050624;1;1;1;1;7;690;02/03/2014
2014050625;4;1;1;2;1;690;04/03/2014
2014050626;2;1;1;2;7;690;04/03/2014
2014050627;1;1;1;1;3;690;05/03/2014
2014050628;1;1;1;1;5;690;05/03/2014
2014050629;1;1;1;1;5;690;06/03/2014
2014050630;1;1;1;1;4;690;06/03/2014
2014050631;1;1;1;1;4;690;06/03/2014
2014050632;3;1;1;1;2;690;06/03/2014
2014050633;3;1;1;1;7;690;07/03/2014
2014050634;3;1;1;1;7;690;08/03/2014
2014050635;1;1;1;1;4;690;10/03/2014
2014050636;1;1;1;1;3;380;13/03/2014
2014050637;1;1;1;1;3;380;15/03/2014
2014050638;4;1;3;1;4;380;16/03/2014
2014050639;1;1;1;1;2;690;17/03/2014
2014050640;1;1;1;1;6;690;18/03/2014
2014050641;1;1;1;1;4;690;20/03/2014
2014050642;1;1;3;1;3;380;21/03/2014
2014050643;1;1;1;3;2;690;22/03/2014
2014050644;1;1;1;2;6;690;22/03/2014
2014050645;1;1;1;2;6;690;22/03/2014
2014050646;5;1;1;1;7;690;22/03/2014
2014050647;3;1;1;2;7;690;23/03/2014
2014050648;3;1;1;1;6;690;24/03/2014
2014050649;1;1;1;1;3;690;24/03/2014
2014050650;1;1;1;1;4;690;15/03/2014
2014050651;1;1;1;1;4;690;26/03/2014
2014050652;1;1;1;1;4;690;27/03/2014
2014050653;1;1;1;1;6;690;27/03/2014
2014050654;1;1;1;1;2;690;30/03/2014
2014050655;1;1;1;1;3;690;03/04/2014
2014050656;1;1;1;1;3;690;03/03/2014
2014050657;2;1;1;1;4;690;04/03/2014
2014050658;1;1;1;1;2;690;21/03/2014
2014050659;1;1;1;1;7;690;22/03/2014
2014050660;3;1;1;1;3;690;31/03/2014
2014050661;3;1;1;1;7;690;06/04/2014
2014050662;1;1;1;1;2;690;07/04/2014
2014050663;3;1;1;1;6;380;04/04/2014
2014050664;1;1;1;2;6;690;08/04/2014
2014050665;1;1;1;1;2;690;10/04/2014
2014050666;5;1;1;1;2;690;14/04/2014
2014050667;1;1;1;1;3;690;14/04/2014
2014050668;3;1;1;1;7;690;15/04/2014
2014050669;1;1;1;1;3;380;16/04/2014
2014050670;1;1;1;1;2;690;16/04/2014
2014050671;1;1;1;1;4;690;07/04/2014
2014050672;1;1;1;1;3;690;15/04/2014
2014050673;1;1;1;1;1;690;22/04/2014
2014050674;1;1;1;1;5;690;22/04/2014
2014050675;5;1;1;2;6;380;23/04/2014
2014050676;3;1;1;1;2;690;25/04/2014
2014050677;3;1;1;1;7;690;25/04/2014
2014050678;1;1;1;8;6;690;25/04/2014
2014050679;2;1;1;1;6;690;27/04/2014
2014050680;1;1;1;1;2;690;01/04/2014
2014050681;1;1;1;1;4;690;24/04/2014
2014050682;1;1;1;1;3;690;26/04/2014
2014050683;1;1;1;1;4;690;30/04/2014
2014050684;4;1;1;2;5;690;02/05/2014
2014050685;1;1;1;1;2;690;08/04/2014
2014050686;1;1;1;1;6;690;08/05/2014
2014050687;1;1;1;1;4;690;08/05/2014
2014050688;5;1;1;1;4;690;19/03/2014
2014050689;1;1;1;1;4;690;09/05/2014
2014050690;1;1;1;1;7;690;10/05/2014
2014050691;3;1;1;1;2;10;12/04/2014
2014050692;1;1;9;1;3;690;13/05/2014
2014050693;1;1;1;1;7;690;14/05/2014
2014050694;1;1;1;1;4;690;14/05/2014
2014050695;1;1;1;1;4;690;29/04/2014
2014050696;1;1;1;1;2;690;16/05/2014
2014050697;1;1;1;1;2;690;14/05/2014
2014050698;1;1;1;8;3;690;21/05/2014
2014050699;1;1;1;1;2;690;21/05/2014
2014050700;1;1;1;1;4;690;22/05/2014
2014050701;1;1;1;1;2;690;23/05/2014
2014050702;1;1;1;1;7;690;24/05/2014
2014050703;1;1;1;1;2;690;27/05/2014
2014050704;1;1;1;1;7;690;22/04/2014
2014050705;1;1;1;1;2;690;08/06/2014
2014050706;1;1;1;1;3;690;03/06/2014
2014050707;1;1;4;1;2;380;31/05/2014
2014050708;1;1;1;1;3;690;03/06/2014
2014050709;1;1;1;1;5;690;04/06/2014
2014050710;3;1;1;1;2;690;05/06/2014
2014050711;1;1;1;1;7;380;11/05/2014
2014050712;1;1;1;1;4;690;08/06/2014
2014050713;3;1;1;1;1;690;08/06/2014
2014050714;1;1;1;1;7;690;08/06/2014
2014050715;1;1;1;1;2;690;11/06/2014
2014050716;1;1;1;1;2;690;13/06/2014
2014050717;1;1;1;1;7;690;14/06/2014
2014050718;1;1;1;1;2;690;13/06/2014
2014050719;1;1;1;1;7;690;10/06/2014
2014050720;3;1;1;1;4;690;14/06/2014
2014050721;1;1;1;1;2;690;16/06/2014
2014050722;1;1;1;1;2;10;18/06/2014
2014050723;1;1;1;1;4;690;17/06/2014
2014050724;1;1;1;1;6;690;08/08/2014
2014050725;1;1;6;1;3;380;21/06/2014
2014050726;1;1;1;1;3;690;30/05/2014
2014050727;1;1;1;8;2;690;24/06/2014
2014050728;1;1;1;1;2;690;23/06/2014
2014050729;1;1;1;1;2;690;24/06/2014
2014050730;1;1;1;1;3;380;25/06/2014
2014050731;1;1;1;1;4;690;27/06/2014
2014050732;1;1;1;1;6;690;29/06/2014
2014050733;1;1;1;2;6;690;29/06/2014
2014050734;1;1;1;2;7;690;29/06/2014
2014050735;1;1;1;1;2;690;30/06/2014
2014050736;1;1;1;1;2;690;19/06/2014
2014050737;3;1;1;1;7;690;30/06/2014
2014050738;1;1;1;2;3;10;02/07/2014
2014050739;3;1;1;2;5;690;04/07/2014
2014050740;3;1;1;1;6;690;05/07/2014
2014050741;1;1;1;2;6;690;02/07/2014
2014050742;1;1;1;3;4;380;07/07/2014
2014050743;1;1;2;2;4;380;07/07/2014
2014050744;1;1;1;1;2;380;11/07/2014
2014050745;2;1;1;1;7;690;22/05/2014
2014050746;4;1;1;1;2;690;22/06/2014
2014050747;3;1;4;1;2;690;12/07/2014
2014050748;1;1;1;2;2;690;07/07/2014
2014050749;2;1;1;3;7;690;14/07/2014
2014050750;2;1;1;2;7;690;07/07/2014
2014050751;1;1;1;8;3;690;13/07/2014
2014050752;1;1;1;2;7;690;13/07/2014
2014050753;1;1;1;1;2;690;15/07/2014
2014050754;1;1;1;1;3;690;16/07/2014
2014050755;1;1;1;1;4;690;16/07/2014
2014050756;3;1;1;1;3;690;15/07/2014
2014050757;1;1;1;1;7;690;11/07/2014
2014050758;1;1;1;2;6;690;04/06/2014
2014050759;1;1;1;1;1;690;19/07/2014
2014050760;3;1;1;2;7;690;20/07/2014
2014050761;3;1;1;1;7;690;03/06/2014
2014050762;3;1;1;2;7;690;21/07/2014
2014050763;3;1;1;2;3;690;21/07/2014
2014050764;1;1;1;3;6;690;21/07/2014
2014050765;1;1;1;2;3;690;21/07/2014
2014050766;1;1;1;2;7;690;21/07/2014
2014050767;1;1;1;2;2;690;21/07/2014
2014050768;1;1;1;3;3;690;21/07/2014
2014050769;1;1;1;1;6;690;22/07/2014
2014050770;3;1;1;1;3;380;28/06/2014
2014050771;1;1;1;2;6;690;21/07/2014
2014050772;1;1;1;1;7;690;20/07/2014
2014050773;3;1;1;1;2;690;21/07/2014
2014050774;1;1;1;1;4;690;24/07/2014
2014050775;1;1;1;2;3;380;26/07/2014
2014050776;1;1;1;1;3;690;06/07/2014
2014050777;1;1;1;1;3;690;18/07/2014
2014050778;1;1;1;1;7;690;23/07/2014
2014050779;1;1;9;3;6;690;30/07/2014
2014050780;1;1;1;1;4;690;22/07/2014
2014050781;1;1;1;1;3;690;22/07/2014
2014050782;1;1;1;1;5;380;28/07/2014
2014050783;2;1;1;1;5;690;30/07/2014
2014050784;3;1;1;8;7;690;03/08/2014
2014050785;1;1;1;1;6;690;18/06/2014
2014050786;1;1;1;3;2;690;20/07/2014
2014050787;1;1;1;2;7;690;29/07/2014
2014050788;1;1;1;1;6;690;04/08/2014
2014050789;3;1;1;1;6;690;05/08/2014
2014050790;1;1;1;1;3;690;07/08/2014
2014050791;5;1;1;1;7;690;07/08/2014
2014050792;1;1;1;2;6;690;04/08/2014
2014050793;1;1;1;1;4;690;11/07/2014
2014050794;1;1;1;1;2;690;14/08/2014
2014050795;1;1;1;1;5;690;13/08/2014
2014050796;1;1;1;1;4;690;29/07/2014
2014050797;3;1;1;1;6;690;15/08/2014
2014050798;1;1;1;1;5;690;07/07/2014
2014050799;5;1;1;2;6;690;15/08/2014
2014050800;1;1;1;1;2;690;22/08/2014
2014050801;1;1;3;1;2;380;29/07/2014
2014050802;3;1;1;1;6;380;24/08/2014
2014050803;1;1;1;1;4;690;21/08/2014
2014050804;1;1;1;1;5;690;17/05/2014
2014050805;1;1;1;1;2;690;26/08/2014
2014050806;1;1;1;2;6;10;26/08/2014
2014050807;1;1;1;1;1;380;27/08/2014
2014050808;1;1;1;1;7;10;22/08/2014
2014050809;1;1;1;2;4;690;29/08/2014
2014050810;1;1;1;1;3;690;05/08/2014
2014050811;1;1;1;2;4;380;29/08/2014
2014050812;3;1;1;1;6;690;04/09/2014
2014050813;1;1;1;1;6;690;22/08/2014
2014050814;3;1;1;1;7;380;06/09/2014
2014050815;3;1;1;1;2;10;12/09/2014
2014050816;1;1;1;1;3;690;12/09/2014
2014050817;5;1;1;1;3;690;12/09/2014
2014050818;1;1;1;1;3;690;04/09/2014
2014050819;2;1;1;1;7;690;07/09/2014
2014050820;1;1;1;1;3;380;14/09/2014
2014050821;1;1;1;1;4;690;09/09/2014
2014050822;1;1;1;1;4;690;08/09/2014
2014050823;1;1;1;1;3;690;14/09/2014
2014050824;1;1;1;1;4;690;15/09/2014
2014050825;3;1;1;1;3;690;17/09/2014
2014050826;5;1;1;1;3;690;17/09/2014
2014050827;1;1;1;1;7;690;18/09/2014
2014050828;3;1;1;1;6;690;07/09/2014
2014050829;1;1;1;1;5;690;19/09/2014
2014050830;1;1;1;1;5;690;19/09/2014
2014050831;1;1;1;1;7;690;21/09/2014
2014050832;1;1;1;2;6;690;21/09/2014
2014050833;1;1;1;1;6;690;22/09/2014
2014050834;1;1;1;1;3;690;23/09/2014
2014050835;1;1;1;1;2;690;23/09/2014
2014050836;1;1;1;1;6;690;19/09/2014
2014050837;1;1;1;1;5;690;19/09/2014
2014050838;1;1;1;1;2;690;18/09/2014
2014050839;1;1;1;1;5;380;15/09/2014
2014050840;1;1;1;1;1;690;26/09/2014
2014050841;1;1;1;1;2;380;26/09/2014
2014050842;3;1;1;1;2;690;26/09/2014
2014050843;1;1;1;2;7;690;29/09/2014
2014050844;1;1;1;1;4;690;24/09/2014
2014050845;1;1;1;1;4;690;30/09/2014
2014050846;1;1;1;1;3;690;16/09/2014
2014050847;2;1;1;1;4;690;28/09/2014
2014050848;1;1;1;1;5;690;03/10/2014
2014050849;1;1;1;1;4;690;30/09/2014
2014050850;1;1;1;1;4;690;20/09/2014
2014050851;1;1;1;1;4;690;04/10/2014
2014050852;1;1;1;1;7;690;16/05/2014
2014050853;5;1;1;1;4;690;30/09/2014
2014050854;1;1;7;1;5;380;04/10/2014
2014050855;5;1;1;1;7;690;05/10/2014
2014050856;5;1;1;2;6;690;07/10/2014
2014050857;2;1;1;1;5;690;07/10/2014
2014050858;1;1;1;2;2;690;07/10/2014
2014050859;1;1;1;1;2;380;04/10/2014
2014050860;1;1;1;3;5;690;09/10/2014
2014050861;4;1;1;2;2;690;09/10/2014
2014050862;1;1;1;1;2;690;09/10/2014
2014050863;3;1;1;3;6;690;07/10/2014
2014050864;1;1;1;2;1;690;12/10/2014
2014050865;1;1;1;3;7;380;12/10/2014
2014050866;1;1;1;1;6;690;12/10/2014
2014050867;1;1;1;2;6;690;12/10/2014
2014050868;1;1;1;1;4;10;15/10/2014
2014050869;3;1;1;1;6;690;15/10/2014
2014050870;1;1;1;1;2;690;16/10/2014
2014050871;3;1;1;1;6;690;17/10/2014
2014050872;2;1;1;1;5;690;17/10/2014
2014050873;3;1;1;1;7;690;18/10/2014
2014050874;1;1;1;1;4;690;17/10/2014
2014050875;1;1;1;1;7;690;17/10/2014
2014050876;1;1;1;1;6;10;20/10/2014
2014050877;1;1;1;1;2;690;20/10/2014
2014050878;3;1;1;2;2;380;13/10/2014
2014050879;1;1;1;1;4;690;24/10/2014
2014050880;1;1;1;1;4;690;24/10/2014
2014050881;1;1;1;3;5;690;10/10/2014
2014050882;5;1;1;1;2;690;26/10/2014
2014050883;1;1;1;1;4;690;26/10/2014
2014050884;5;1;1;8;4;690;22/10/2014
2014050885;3;1;1;1;4;690;24/10/2014
2014050886;5;1;1;1;2;690;27/10/2014
2014050887;3;1;1;1;6;690;29/10/2014
2014050888;1;1;1;1;3;690;31/10/2014
2014050889;5;1;1;1;5;690;28/10/2014
2014050890;5;1;1;1;3;690;22/10/2014
2014050891;1;1;1;1;2;690;03/11/2014
2014050892;3;1;1;2;6;380;05/11/2014
2014050893;1;1;1;2;6;690;05/11/2014
2014050894;1;1;9;2;3;690;05/11/2014
2014050895;3;1;1;1;1;690;01/11/2014
2014050896;3;1;1;1;6;690;24/10/2014
2014050897;1;1;1;1;7;690;06/11/2014
2014050898;2;1;1;1;4;690;02/11/2014
2014050899;1;1;1;1;3;690;03/11/2014
2014050900;1;1;1;2;6;10;07/11/2014
2014050901;1;1;1;8;7;690;10/11/2014
2014050902;1;1;1;1;7;690;10/11/2014
2014050903;3;1;1;1;3;690;06/11/2014
2014050904;2;1;1;2;2;690;07/11/2014
2014050905;1;1;1;2;4;380;12/11/2014
2014050906;3;1;1;5;2;690;08/11/2014
2014050907;5;1;1;1;5;690;28/10/2014
2014050908;1;1;1;3;6;10;09/11/2014
2014050909;1;1;1;3;6;690;09/11/2014
2014050910;5;1;1;1;2;690;12/11/2014
2014050911;4;1;1;1;2;690;07/11/2014
2014050912;1;1;1;1;2;690;06/11/2014
2014050913;4;1;1;1;7;690;14/11/2014
2014050914;1;1;1;8;3;690;10/11/2014
2014050915;5;1;1;2;6;690;05/11/2014
2014050916;1;1;1;1;2;690;17/11/2014
2014050917;1;1;1;3;6;690;15/11/2014
2014050918;5;1;1;1;4;690;19/11/2014
2014050919;3;1;1;1;2;690;19/11/2014
2014050920;3;1;1;1;4;690;22/11/2014
2014050921;1;1;1;1;7;690;21/11/2014
2014050922;5;1;1;1;2;690;20/11/2014
2014050923;1;1;1;1;5;690;28/10/2014
2014050924;2;1;1;1;4;690;24/11/2014
2014050925;1;1;1;1;2;690;25/11/2014
2014050926;1;1;1;1;2;690;21/11/2014
2014050927;4;1;1;1;7;690;26/11/2014
2014050928;5;1;1;1;5;690;27/11/2014
2014050929;1;1;1;1;7;690;27/11/2014
2014050930;1;1;1;1;2;690;21/11/2014
2014050931;1;1;1;1;5;690;18/11/2014
2014050932;1;1;1;2;2;10;27/11/2014
2014050933;5;1;1;1;7;690;01/12/2014
2014050934;1;1;1;1;4;690;27/10/2014
2014050935;1;1;1;2;2;690;04/12/2014
2014050936;5;1;1;1;6;690;05/12/2014
2014050937;1;1;1;1;4;690;04/12/2014
2014050938;4;1;1;1;6;690;05/12/2014
2014050939;2;1;1;1;3;690;06/12/2014
2014050940;3;1;1;1;6;690;02/12/2014
2014050941;1;1;1;1;7;690;07/12/2014
2014050942;3;1;1;2;2;690;08/12/2014
2014050943;1;1;1;1;3;690;08/12/2014
2014050944;1;1;1;1;4;690;27/10/2014
2014050945;3;1;1;1;2;380;09/12/2014
2014050946;5;1;1;2;7;690;10/12/2014
2014050947;3;1;1;2;7;10;10/12/2014
2014050948;1;1;1;1;4;690;11/12/2014
2014050949;1;1;1;2;4;690;11/12/2014
2014050950;3;1;1;1;2;690;12/12/2014
2014050951;5;1;1;1;5;690;12/12/2014
2014050952;3;1;1;1;5;690;13/12/2014
2014050953;4;1;1;1;2;690;09/12/2014
2014050954;1;1;1;1;2;690;28/10/2014
2014050955;5;1;1;1;2;690;09/12/2014
2014050956;3;1;1;1;2;380;11/12/2014
2014050957;5;1;4;1;6;690;16/12/2014
2014050958;3;1;1;3;2;690;17/12/2014
2014050959;1;1;1;2;6;690;18/12/2014
2014050960;1;1;1;2;3;690;20/12/2014
2014050961;1;1;1;1;6;690;21/12/2014
2014050962;2;1;1;1;2;690;22/12/2014
2014050963;1;1;9;5;3;380;22/12/2014
2014050964;3;1;1;5;5;10;23/12/2014
2014050965;1;1;1;1;6;690;22/12/2014
2014050966;1;1;1;5;7;690;19/12/2014
2014050967;5;1;1;5;4;690;19/12/2014
2014050968;3;1;1;1;1;690;03/12/2014
2014050969;3;1;1;5;4;10;23/12/2014
2014050970;5;1;1;1;4;690;26/12/2014
2014050971;1;1;1;1;2;690;27/12/2014
2014050972;1;1;1;5;7;690;22/12/2014
2014050973;1;1;1;8;3;690;28/12/2014
2014050974;1;1;1;1;6;690;29/12/2014
2014050975;3;1;1;1;3;380;30/12/2014
2014050976;3;1;1;1;2;690;18/12/2014
2014050977;2;1;1;1;4;690;08/11/2014
2014050978;3;1;1;1;2;690;15/12/2014
2014050979;3;1;1;1;6;690;27/12/2014
2014050980;1;1;1;1;6;380;23/12/2014
2014050981;1;1;1;1;7;690;19/12/2014
2014050982;5;2;1;1;4;690;02/01/2014
2014050983;1;2;1;1;6;690;15/01/2014
2014050984;1;2;1;1;6;690;17/01/2014
2014050985;5;2;1;1;3;690;20/01/2014
2014050986;1;2;3;1;3;690;06/02/2014
2014050987;5;2;1;8;6;690;29/01/2014
2014050988;1;2;1;1;6;690;31/01/2014
2014050989;5;2;2;1;1;690;31/01/2014
2014050990;1;2;1;1;3;690;05/03/2014
2014050991;1;2;1;8;5;690;10/02/2014
2014050992;2;2;1;2;6;690;13/02/2014
2014050993;1;2;1;2;2;690;13/02/2014
2014050994;5;2;1;8;6;690;14/02/2014
2014050995;1;2;2;1;3;690;27/02/2014
2014050996;1;2;2;1;3;690;27/02/2014
2014050997;1;2;1;2;6;690;28/02/2014
2014050998;1;2;1;1;6;690;02/03/2014
2014050999;1;2;1;1;2;690;02/03/2014
2014051000;1;2;1;1;1;690;13/03/2014
2014051001;1;2;2;7;5;690;19/03/2014
2014051002;1;2;1;1;6;690;26/03/2014
2014051003;1;2;1;1;6;690;28/03/2014
2014051004;5;2;1;1;6;690;29/03/2014
2014051005;1;2;2;1;3;690;29/03/2014
2014051006;1;2;1;1;6;690;29/03/2014
2014051007;1;2;3;1;3;690;01/04/2014
2014051008;1;2;1;1;4;690;01/04/2014
2014051009;1;2;2;1;3;690;04/04/2014
2014051010;2;2;2;1;3;690;05/04/2014
2014051011;1;2;1;1;3;690;09/04/2014
2014051012;1;2;1;1;6;690;10/04/2014
2014051013;1;2;1;1;2;690;15/04/2014
2014051014;1;2;1;1;6;690;17/04/2014
2014051015;1;2;1;1;6;690;17/04/2014
2014051016;2;2;1;2;6;690;21/04/2014
2014051017;1;2;1;1;6;690;12/04/2014
2014051018;1;2;1;1;7;690;23/04/2014
2014051019;1;2;1;1;2;690;04/05/2014
2014051020;2;2;1;1;2;690;22/05/2014
2014051021;1;2;2;1;3;690;29/05/2014
2014051022;1;2;1;1;2;690;10/06/2014
2014051023;1;2;1;1;2;690;10/06/2014
2014051024;1;2;1;1;6;690;11/06/2014
2014051025;1;2;1;1;6;690;12/06/2014
2014051026;1;2;1;1;3;690;12/06/2014
2014051027;5;2;1;1;6;690;13/06/2014
2014051028;5;2;1;1;3;690;15/06/2014
2014051029;5;2;1;2;6;690;17/06/2014
2014051030;1;2;1;1;6;690;22/06/2014
2014051031;1;2;1;1;3;690;24/06/2014
2014051032;5;2;1;1;6;690;25/06/2014
2014051033;1;2;1;1;6;690;26/06/2014
2014051034;2;2;3;1;6;690;26/06/2014
2014051035;1;2;1;1;3;690;30/06/2014
2014051036;1;2;1;1;6;690;03/07/2014
2014051037;1;2;1;1;2;690;03/07/2014
2014051038;1;2;1;1;3;690;05/07/2014
2014051039;1;2;1;2;2;690;06/07/2014
2014051040;1;2;1;2;7;690;09/07/2014
2014051041;5;2;1;1;7;690;19/07/2014
2014051042;1;2;2;2;3;690;21/07/2014
2014051043;1;2;9;8;3;690;22/07/2014
2014051044;5;2;1;1;2;690;27/07/2014
2014051045;1;2;1;1;7;690;10/08/2014
2014051046;5;2;1;1;4;690;11/08/2014
2014051047;1;2;1;1;6;690;19/09/2014
2014051048;1;2;1;3;1;690;10/10/2014
2014051049;5;2;1;1;6;690;22/09/2014
2014051050;1;2;1;1;6;690;03/09/2014
2014051051;1;2;1;1;3;690;04/09/2014
2014051052;1;2;1;1;6;690;05/09/2014
2014051053;1;2;1;1;7;690;08/09/2014
2014051054;1;2;1;1;2;690;02/10/2014
2014051055;1;2;1;1;6;690;08/09/2014
2014051056;2;2;2;1;3;690;11/09/2014
2014051057;1;2;2;1;3;690;11/09/2014
2014051058;1;2;1;1;4;690;12/09/2014
2014051059;1;2;1;1;4;690;12/09/2014
2014051060;1;2;2;1;6;690;16/09/2014
2014051061;1;2;1;1;6;690;23/09/2014
2014051062;1;2;1;1;3;690;27/09/2014
2014051063;1;2;1;1;7;690;28/09/2014
2014051064;1;2;1;2;6;690;29/09/2014
2014051065;1;2;1;1;7;690;29/09/2014
2014051066;5;2;1;1;6;690;04/10/2014
2014051067;1;2;1;1;6;690;17/10/2014
2014051068;1;2;1;1;2;690;24/10/2014
2014051069;5;2;1;1;1;690;31/10/2014
2014051070;1;2;1;1;3;690;01/11/2014
2014051071;5;2;1;3;6;690;03/11/2014
2014051072;2;2;1;3;6;690;04/11/2014
2014051073;1;2;1;2;6;690;07/11/2014
2014051074;1;2;1;2;6;690;12/11/2014
2014051075;5;2;1;1;6;690;24/10/2014
2014051076;5;2;1;1;3;690;20/11/2014
2014051077;1;2;1;1;3;690;21/11/2014
2014051078;5;2;1;1;3;690;21/11/2014
2014051079;1;1;3;2;7;690;24/11/2014
2014051080;1;2;9;1;5;690;05/12/2014
2014051081;1;2;1;2;6;690;08/12/2014
2014051082;2;2;1;1;6;690;09/12/2014
2014051083;5;2;1;1;1;690;14/12/2014
2014051084;2;2;1;1;3;690;16/12/2014
2014051085;1;2;1;1;3;690;16/12/2014
2014051086;1;2;1;1;2;690;20/12/2014
2014051087;1;1;2;1;1;690;23/12/2014
2014051088;5;2;1;1;6;690;24/12/2014
2014051089;5;2;1;1;3;690;31/12/2014
2014051090;5;1;1;1;6;830;01/01/2014
2014051091;3;1;1;1;5;830;29/01/2014
2014051092;1;1;1;1;3;830;09/03/2014
2014051093;1;1;1;1;4;830;02/04/2014
2014051094;3;1;1;1;2;830;09/01/2014
2014051095;3;1;1;8;6;830;19/01/2014
2014051096;1;1;1;1;2;830;05/03/2014
2014051097;3;1;1;1;6;830;08/03/2014
2014051098;1;1;1;1;3;830;11/03/2014
2014051099;1;1;1;1;4;830;12/03/2014
2014051100;1;1;1;1;7;830;15/03/2014
2014051101;1;1;1;1;5;830;28/03/2014
2014051102;1;1;1;1;2;830;31/03/2014
2014051103;1;1;1;1;2;830;09/04/2014
2014051104;1;1;1;1;4;830;09/04/2014
2014051105;1;1;1;1;4;830;11/04/2014
2014051106;1;1;1;1;4;830;14/04/2014
2014051107;1;1;1;1;4;830;18/04/2014
2014051108;2;1;1;1;2;830;18/04/2014
2014051109;1;1;1;1;6;830;02/05/2014
2014051110;1;1;1;1;7;130;06/05/2014
2014051111;1;1;1;1;3;830;13/05/2014
2014051112;1;1;1;1;7;830;14/05/2014
2014051113;1;1;1;1;2;830;14/05/2014
2014051114;1;1;1;1;4;830;23/05/2014
2014051115;1;1;1;1;4;830;22/05/2014
2014051116;1;1;1;1;3;830;28/05/2014
2014051117;1;1;1;1;5;130;28/05/2014
2014051118;5;1;1;1;3;830;29/05/2014
2014051119;1;1;1;1;5;830;30/05/2014
2014051120;1;1;1;1;3;830;30/05/2014
2014051121;1;1;1;1;2;830;07/06/2014
2014051122;1;1;1;2;6;130;15/06/2014
2014051123;1;1;1;1;6;830;22/06/2014
2014051124;1;1;1;1;4;830;25/06/2014
2014051125;1;1;1;1;2;830;27/06/2014
2014051126;1;1;1;1;3;830;01/07/2014
2014051127;1;1;1;1;5;830;04/07/2014
2014051128;1;1;1;1;2;830;05/07/2014
2014051129;1;1;1;1;3;830;08/07/2014
2014051130;1;1;1;1;6;830;12/07/2014
2014051131;1;1;1;1;5;830;18/07/2014
2014051132;3;1;1;1;7;830;24/07/2014
2014051133;3;1;1;1;7;830;25/07/2014
2014051134;3;1;1;1;6;830;27/07/2014
2014051135;1;1;1;1;4;830;01/08/2014
2014051136;1;1;1;1;4;830;16/08/2014
2014051137;1;1;1;1;7;830;17/08/2014
2014051138;3;1;1;1;5;830;07/09/2014
2014051139;3;1;1;1;2;830;11/09/2014
2014051140;1;1;1;1;2;830;11/09/2014
2014051141;1;1;1;1;2;830;11/09/2014
2014051142;1;1;1;1;2;830;12/09/2014
2014051143;1;1;1;1;2;830;13/09/2014
2014051144;1;1;1;1;6;830;14/09/2014
2014051145;1;1;1;1;2;830;26/09/2014
2014051146;3;1;1;8;5;830;30/09/2014
2014051147;1;1;1;1;4;830;06/10/2014
2014051148;2;1;1;1;3;830;10/10/2014
2014051149;1;1;1;1;3;830;13/10/2014
2014051150;1;1;1;1;2;830;15/10/2014