num_acc;lum;agg;inter;atm;col;dep;date
2014051151;3;1;1;1;2;830;18/10/2014
2014051152;1;1;1;1;4;830;21/10/2014
2014051153;3;1;1;6;4;830;22/10/2014
2014051154;1;1;1;1;2;830;23/10/2014
2014051155;1;1;1;1;5;830;23/10/2014
2014051156;5;1;1;1;2;830;26/10/2014
2014051157;1;1;1;1;2;830;27/10/2014
2014051158;3;1;1;1;4;830;28/10/2014
2014051159;3;1;1;1;3;830;29/10/2014
2014051160;1;1;1;2;3;830;04/11/2014
2014051161;3;1;1;2;2;830;06/11/2014
2014051162;1;1;1;3;6;830;13/11/2014
2014051163;1;1;1;1;6;830;13/11/2014
2014051164;1;1;1;1;2;830;13/11/2014
2014051165;4;1;1;1;2;830;13/11/2014
2014051166;1;1;1;1;5;830;14/11/2014
2014051167;4;1;1;2;7;830;14/11/2014
2014051168;1;1;1;1;6;830;22/11/2014
2014051169;1;1;1;1;2;830;24/11/2014
2014051170;3;1;1;2;7;830;24/11/2014
2014051171;2;1;1;3;2;830;25/11/2014
2014051172;5;1;1;2;3;830;27/11/2014
2014051173;5;1;1;2;7;830;04/12/2014
2014051174;1;1;1;1;3;830;15/12/2014
2014051175;1;1;1;1;6;830;16/12/2014
2014051176;1;1;1;1;4;830;16/12/2014
2014051177;1;1;1;1;2;830;17/12/2014
2014051178;2;1;1;1;3;830;20/12/2014
2014051179;5;1;1;1;4;830;26/12/2014
2014051180;3;1;1;1;7;130;01/01/2014
2014051181;1;1;1;2;6;130;02/01/2014
2014051182;1;1;1;8;7;130;02/01/2014
2014051183;3;1;1;1;3;130;04/01/2014
2014051184;1;1;1;2;7;130;04/01/2014
2014051185;1;1;1;1;2;130;06/01/2014
2014051186;3;1;1;1;7;130;09/01/2014
2014051187;3;1;1;1;6;130;10/01/2014
2014051188;1;1;1;1;2;130;09/01/2014
2014051189;3;1;1;1;4;130;12/01/2014
2014051190;3;1;1;2;3;130;13/01/2014
2014051191;1;1;1;1;6;130;13/01/2014
2014051192;3;1;1;1;1;130;14/01/2014
2014051193;1;1;1;1;7;130;14/01/2014
2014051194;5;1;1;1;4;130;14/01/2014
2014051195;3;1;1;2;6;130;16/01/2014
2014051196;3;1;1;2;7;130;17/01/2014
2014051197;1;1;1;3;7;130;18/01/2014
2014051198;1;1;1;2;6;130;18/01/2014
2014051199;1;1;1;2;3;130;18/01/2014
2014051200;1;1;1;1;2;130;14/01/2014
2014051201;1;1;1;2;7;130;13/01/2014
2014051202;1;1;1;3;7;130;19/01/2014
2014051203;3;1;1;1;2;130;20/01/2014
2014051204;1;1;1;1;2;130;21/01/2014
2014051205;1;1;1;2;7;130;21/01/2014
2014051206;1;1;1;1;4;130;21/01/2014
2014051207;1;1;1;1;2;130;22/01/2014
2014051208;4;1;1;1;7;130;25/01/2014
2014051209;1;1;1;1;5;130;27/01/2014
2014051210;1;1;1;1;4;130;22/01/2014
2014051211;2;1;1;3;2;130;29/01/2014
2014051212;1;1;1;3;4;130;29/01/2014
2014051213;1;1;1;3;7;130;30/01/2014
2014051214;1;1;1;2;2;130;30/01/2014
2014051215;3;1;1;1;2;130;31/01/2014
2014051216;5;1;1;1;6;130;02/02/2014
2014051217;5;1;1;2;2;130;02/02/2014
2014051218;3;1;1;1;4;130;31/01/2014
2014051219;3;1;1;2;4;130;30/01/2014
2014051220;3;1;1;2;7;130;04/02/2014
2014051221;3;1;1;3;7;130;04/02/2014
2014051222;3;1;1;1;7;130;04/02/2014
2014051223;1;1;1;2;6;130;05/02/2014
2014051224;3;1;1;1;3;130;04/02/2014
2014051225;1;1;1;2;5;130;07/02/2014
2014051226;1;1;1;2;2;130;07/02/2014
2014051227;1;1;1;1;4;130;06/02/2014
2014051228;1;1;1;2;7;130;07/02/2014
2014051229;1;1;1;1;4;130;06/02/2014
2014051230;1;1;1;1;4;130;06/02/2014
2014051231;1;1;1;3;2;130;05/02/2014
2014051232;1;1;1;3;6;130;10/02/2014
2014051233;2;1;1;1;6;130;04/02/2014
2014051234;1;1;1;1;2;130;06/02/2014
2014051235;1;1;1;1;2;130;17/02/2014
2014051236;3;1;1;1;2;130;17/02/2014
2014051237;1;1;1;1;7;130;19/02/2014
2014051238;1;1;1;1;4;130;24/02/2014
2014051239;5;1;1;1;2;130;19/02/2014
2014051240;3;1;1;1;7;130;20/02/2014
2014051241;1;1;1;1;6;130;21/02/2014
2014051242;3;1;1;1;6;130;23/02/2014
2014051243;3;1;1;1;7;130;24/02/2014
2014051244;1;1;1;2;7;130;26/02/2014
2014051245;3;1;1;1;1;130;02/03/2014
2014051246;1;1;1;1;2;130;02/03/2014
2014051247;1;1;1;1;3;130;03/03/2014
2014051248;3;1;1;1;4;130;04/03/2014
2014051249;1;1;1;1;3;130;07/03/2014
2014051250;1;1;1;1;5;130;07/03/2014
2014051251;1;1;1;1;4;130;07/03/2014
2014051252;3;1;1;1;6;130;08/03/2014
2014051253;3;1;1;1;2;130;09/03/2014
2014051254;1;1;1;1;2;130;10/03/2014
2014051255;1;1;1;1;7;130;11/03/2014
2014051256;1;1;1;1;6;130;03/03/2014
2014051257;1;1;1;1;7;130;13/03/2014
2014051258;1;1;1;1;2;130;13/03/2014
2014051259;1;1;1;1;4;130;14/03/2014
2014051260;1;1;1;1;2;130;17/03/2014
2014051261;1;1;1;1;2;130;18/03/2014
2014051262;1;1;1;1;4;130;18/03/2014
2014051263;1;1;1;1;4;130;18/03/2014
2014051264;1;1;1;1;7;130;19/03/2014
2014051265;1;1;1;1;4;130;19/03/2014
2014051266;1;1;1;1;6;130;15/03/2014
2014051267;3;1;1;1;7;130;21/03/2014
2014051268;1;1;1;3;6;130;22/03/2014
2014051269;1;1;1;3;5;130;22/03/2014
2014051270;2;1;1;1;6;130;23/03/2014
2014051271;1;1;1;1;4;130;25/03/2014
2014051272;1;1;1;1;2;130;25/03/2014
2014051273;1;1;1;1;2;130;28/03/2014
2014051274;1;1;1;1;7;130;28/03/2014
2014051275;1;1;1;1;7;130;29/03/2014
2014051276;1;1;1;1;7;130;31/03/2014
2014051277;1;1;1;1;2;130;01/04/2014
2014051278;1;1;1;1;6;130;01/04/2014
2014051279;3;1;1;1;3;130;03/04/2014
2014051280;1;1;1;1;2;130;03/04/2014
2014051281;1;1;1;2;5;130;04/04/2014
2014051282;1;1;1;1;2;130;01/04/2014
2014051283;1;1;1;1;6;130;07/04/2014
2014051284;1;1;1;1;6;130;10/04/2014
2014051285;1;1;1;1;2;130;11/04/2014
2014051286;5;1;1;1;2;130;11/04/2014
2014051287;1;1;1;1;2;130;13/04/2014
2014051288;1;1;1;1;2;130;10/04/2014
2014051289;1;1;1;1;2;130;14/04/2014
2014051290;1;1;1;1;6;130;15/04/2014
2014051291;3;1;1;1;2;130;15/04/2014
2014051292;1;1;1;1;7;130;16/04/2014
2014051293;1;1;1;1;2;130;17/04/2014
2014051294;1;1;1;1;2;130;17/04/2014
2014051295;1;1;1;1;2;130;18/04/2014
2014051296;1;1;1;1;6;130;18/04/2014
2014051297;1;1;1;1;3;130;18/04/2014
2014051298;1;1;1;1;4;130;18/04/2014
2014051299;1;1;1;1;6;130;18/04/2014
2014051300;1;1;1;1;6;130;18/04/2014
2014051301;1;1;1;2;6;130;20/04/2014
2014051302;4;1;1;1;7;130;21/04/2014
2014051303;3;1;1;1;6;130;20/04/2014
2014051304;1;1;1;1;3;130;21/04/2014
2014051305;1;1;1;3;2;130;21/04/2014
2014051306;1;1;1;1;4;130;22/04/2014
2014051307;1;1;1;1;7;130;22/04/2014
2014051308;1;1;1;1;4;130;23/04/2014
2014051309;1;1;1;1;6;130;24/04/2014
2014051310;2;1;1;1;2;130;27/04/2014
2014051311;1;1;1;1;5;130;28/04/2014
2014051312;1;1;1;1;6;130;28/04/2014
2014051313;1;1;1;1;7;130;30/04/2014
2014051314;1;1;1;1;2;130;04/05/2014
2014051315;1;1;1;1;7;130;06/05/2014
2014051316;1;1;1;1;3;130;07/05/2014
2014051317;3;1;1;1;6;130;08/05/2014
2014051318;3;1;1;1;3;130;08/05/2014
2014051319;1;1;1;1;7;130;09/05/2014
2014051320;1;1;1;1;2;130;09/05/2014
2014051321;1;1;1;1;3;130;29/04/2014
2014051322;1;1;1;1;5;130;13/05/2014
2014051323;1;1;1;1;2;130;13/05/2014
2014051324;1;1;1;1;5;130;15/05/2014
2014051325;1;1;1;1;7;130;15/05/2014
2014051326;1;1;1;1;6;130;17/05/2014
2014051327;2;1;1;1;2;130;18/05/2014
2014051328;2;1;1;1;5;130;18/05/2014
2014051329;1;1;1;2;4;130;19/05/2014
2014051330;1;1;1;2;6;130;19/05/2014
2014051331;1;1;1;1;4;130;16/05/2014
2014051332;1;1;1;1;4;130;21/05/2014
2014051333;1;1;1;1;4;130;21/05/2014
2014051334;1;1;1;1;3;130;21/05/2014
2014051335;1;1;1;1;2;130;24/05/2014
2014051336;1;1;1;1;2;130;25/05/2014
2014051337;1;1;1;1;4;130;26/05/2014
2014051338;1;1;1;1;3;130;26/05/2014
2014051339;1;1;1;1;2;130;26/05/2014
2014051340;1;1;1;1;4;130;27/05/2014
2014051341;1;1;1;1;4;130;27/05/2014
2014051342;1;1;1;1;2;130;27/05/2014
2014051343;1;1;1;1;2;130;24/05/2014
2014051344;1;1;1;1;4;130;28/05/2014
2014051345;1;1;1;1;4;130;29/05/2014
2014051346;1;1;1;1;7;130;30/05/2014
2014051347;4;1;1;1;6;130;31/05/2014
2014051348;1;1;1;1;3;130;31/05/2014
2014051349;1;1;1;8;3;130;31/05/2014
2014051350;1;1;1;1;3;130;02/06/2014
2014051351;1;1;1;1;5;130;02/06/2014
2014051352;1;1;1;1;5;130;05/06/2014
2014051353;1;1;1;1;5;130;06/06/2014
2014051354;3;1;1;1;7;130;08/06/2014
2014051355;2;1;1;1;7;130;08/06/2014
2014051356;2;1;1;1;2;130;17/05/2014
2014051357;1;1;1;1;7;130;08/06/2014
2014051358;1;1;1;1;7;130;09/06/2014
2014051359;1;1;1;1;2;130;10/06/2014
2014051360;4;1;1;1;6;130;04/06/2014
2014051361;1;1;1;1;7;130;10/06/2014
2014051362;1;1;1;1;2;130;04/10/2014
2014051363;1;1;1;1;4;130;13/06/2014
2014051364;1;1;1;1;4;130;12/06/2014
2014051365;1;1;1;8;6;130;15/06/2014
2014051366;5;1;1;1;7;130;16/06/2014
2014051367;1;1;1;1;4;130;16/06/2014
2014051368;1;1;1;1;5;130;13/06/2014
2014051369;1;1;1;1;5;130;17/06/2014
2014051370;1;1;1;1;2;130;17/06/2014
2014051371;1;1;1;1;2;130;17/06/2014
2014051372;1;1;1;1;6;130;19/06/2014
2014051373;1;1;1;1;6;130;20/06/2014
2014051374;4;1;1;1;6;130;22/06/2014
2014051375;1;1;1;1;2;130;23/06/2014
2014051376;1;1;1;1;2;130;22/06/2014
2014051377;1;1;1;1;7;130;19/06/2014
2014051378;1;1;1;1;2;130;24/06/2014
2014051379;2;1;1;2;6;130;25/06/2014
2014051380;1;1;1;1;4;130;26/06/2014
2014051381;1;1;1;1;3;130;26/06/2014
2014051382;3;1;1;1;6;130;28/06/2014
2014051383;1;1;1;1;5;130;29/06/2014
2014051384;1;1;1;1;4;130;30/06/2014
2014051385;1;1;1;1;2;130;30/06/2014
2014051386;1;1;1;1;2;130;25/06/2014
2014051387;1;1;1;1;7;130;01/07/2014
2014051388;1;1;1;1;7;130;01/07/2014
2014051389;1;1;1;1;7;130;01/07/2014
2014051390;1;1;1;1;3;130;01/07/2014
2014051391;1;1;1;1;7;130;03/07/2014
2014051392;1;1;1;1;2;130;04/07/2014
2014051393;1;1;1;1;2;130;05/07/2014
2014051394;1;1;1;1;2;130;06/07/2014
2014051395;1;1;1;1;6;130;06/07/2014
2014051396;1;1;1;1;7;130;11/07/2014
2014051397;3;1;1;1;6;130;12/07/2014
2014051398;1;1;1;1;2;130;15/07/2014
2014051399;1;1;1;1;2;130;15/07/2014
2014051400;1;1;1;1;2;130;15/07/2014
2014051401;1;1;1;1;6;130;17/07/2014
2014051402;1;1;1;1;3;130;18/07/2014
2014051403;1;1;1;1;4;130;18/07/2014
2014051404;1;1;1;1;6;;23/07/2014
2014051405;1;1;1;1;7;130;24/07/2014
2014051406;1;1;1;1;3;130;25/07/2014
2014051407;5;1;1;1;1;130;26/07/2014
2014051408;1;1;1;1;2;130;30/07/2014
2014051409;1;1;1;1;6;130;01/08/2014
2014051410;3;1;1;2;6;130;03/08/2014
2014051411;1;1;1;1;6;130;04/08/2014
2014051412;1;1;1;1;6;130;31/07/2014
2014051413;1;1;1;1;6;130;05/08/2014
2014051414;3;1;1;1;3;130;07/08/2014
2014051415;1;1;1;1;2;130;11/08/2014
2014051416;1;1;1;1;3;130;13/08/2014
2014051417;1;1;1;1;6;130;17/08/2014
2014051418;1;1;1;1;2;130;22/08/2014
2014051419;1;1;1;1;6;130;25/08/2014
2014051420;1;1;1;1;5;130;29/08/2014
2014051421;3;1;1;1;7;130;01/09/2014
2014051422;1;1;1;1;4;130;01/09/2014
2014051423;1;1;6;1;7;130;02/09/2014
2014051424;3;1;1;1;2;130;03/09/2014
2014051425;1;1;1;1;7;130;04/09/2014
2014051426;1;1;1;1;2;130;04/09/2014
2014051427;1;1;1;1;2;130;05/09/2014
2014051428;3;1;1;1;2;130;06/09/2014
2014051429;3;1;1;1;2;130;07/09/2014
2014051430;3;1;1;1;2;130;07/09/2014
2014051431;2;1;1;1;2;130;07/09/2014
2014051432;1;1;1;1;7;130;07/09/2014
2014051433;1;1;1;1;6;130;07/09/2014
2014051434;1;1;1;1;7;130;07/09/2014
2014051435;1;1;1;1;2;130;09/09/2014
2014051436;1;1;1;1;2;130;05/09/2014
2014051437;1;1;1;1;5;130;10/09/2014
2014051438;1;1;1;1;4;130;11/09/2014
2014051439;1;1;1;1;2;130;12/09/2014
2014051440;3;1;1;1;6;130;13/09/2014
2014051441;3;1;1;1;5;130;14/09/2014
2014051442;1;1;1;1;4;130;11/09/2014
2014051443;1;1;1;1;7;130;16/09/2014
2014051444;1;1;1;1;2;130;16/09/2014
2014051445;1;1;1;1;2;130;16/09/2014
2014051446;1;1;1;8;7;130;17/09/2014
2014051447;1;1;1;1;4;130;17/09/2014
2014051448;1;1;1;1;2;130;17/09/2014
2014051449;1;1;1;1;4;130;18/09/2014
2014051450;1;1;1;1;5;130;18/09/2014
2014051451;1;1;1;1;7;130;21/09/2014
2014051452;3;1;1;1;4;130;21/09/2014
2014051453;1;1;1;1;2;130;12/09/2014
2014051454;1;1;9;1;6;130;23/09/2014
2014051455;1;1;1;2;7;130;24/09/2014
2014051456;1;1;1;2;2;130;24/09/2014
2014051457;1;1;1;1;2;130;26/09/2014
2014051458;1;1;1;2;3;130;30/09/2014
2014051459;1;1;1;2;3;130;30/09/2014
2014051460;1;1;1;1;2;130;01/10/2014
2014051461;1;1;1;1;2;130;02/10/2014
2014051462;3;1;1;1;6;130;05/10/2014
2014051463;1;1;1;1;4;130;07/10/2014
2014051464;1;1;1;1;3;130;07/10/2014
2014051465;3;1;1;1;6;130;07/10/2014
2014051466;1;1;1;1;4;130;08/10/2014
2014051467;1;1;1;1;7;130;08/10/2014
2014051468;1;1;1;2;2;130;09/10/2014
2014051469;1;1;1;1;6;130;10/10/2014
2014051470;1;1;1;1;4;130;10/10/2014
2014051471;1;1;1;1;6;130;10/10/2014
2014051472;1;1;1;1;4;130;11/10/2014
2014051473;2;1;1;1;6;130;12/10/2014
2014051474;3;1;1;1;3;130;12/10/2014
2014051475;1;1;1;8;5;130;14/10/2014
2014051476;2;1;1;1;6;130;15/10/2014
2014051477;3;1;1;1;6;130;14/10/2014
2014051478;1;1;1;1;3;130;17/10/2014
2014051479;1;1;1;1;6;130;18/10/2014
2014051480;3;1;1;2;6;130;18/10/2014
2014051481;1;1;1;1;3;130;17/10/2014
2014051482;1;1;1;1;4;130;19/10/2014
2014051483;1;1;1;1;2;130;21/10/2014
2014051484;3;1;1;1;6;130;21/10/2014
2014051485;3;1;1;1;2;130;21/10/2014
2014051486;1;1;1;6;2;130;22/10/2014
2014051487;3;1;1;1;6;130;25/10/2014
2014051488;1;1;1;1;7;130;25/10/2014
2014051489;3;1;1;1;3;130;22/10/2014
2014051490;3;1;1;1;2;130;27/10/2014
2014051491;1;1;1;1;3;130;24/10/2014
2014051492;3;1;1;1;2;130;28/10/2014
2014051493;1;1;1;1;2;130;29/10/2014
2014051494;1;1;1;1;2;130;30/10/2014
2014051495;1;1;1;1;7;130;31/10/2014
2014051496;3;1;1;1;4;130;31/10/2014
2014051497;2;1;1;5;7;130;01/11/2014
2014051498;1;1;1;1;3;130;02/11/2014
2014051499;5;1;1;2;7;130;03/11/2014
2014051500;2;1;1;3;6;130;03/11/2014
2014051501;1;1;1;2;7;130;03/11/2014
2014051502;3;1;1;1;7;130;29/10/2014
2014051503;3;1;1;3;4;130;04/11/2014
2014051504;3;1;1;2;4;130;04/11/2014
2014051505;1;1;1;1;3;130;05/11/2014
2014051506;1;1;1;1;4;130;06/11/2014
2014051507;1;1;1;1;6;130;06/11/2014
2014051508;1;1;1;1;6;130;06/11/2014
2014051509;1;1;1;1;2;130;06/11/2014
2014051510;1;1;1;2;6;130;04/11/2014
2014051511;3;1;1;1;2;130;07/11/2014
2014051512;3;1;1;1;2;130;07/11/2014
2014051513;1;1;1;1;6;130;04/11/2014
2014051514;1;1;1;1;4;130;08/11/2014
2014051515;3;1;1;1;2;130;09/11/2014
2014051516;1;1;1;3;3;130;11/11/2014
2014051517;1;1;1;8;5;130;11/11/2014
2014051518;1;1;1;1;7;130;11/11/2014
2014051519;3;1;1;2;2;130;11/11/2014
2014051520;1;1;1;8;7;130;12/11/2014
2014051521;5;1;1;1;2;130;16/11/2014
2014051522;1;1;1;1;4;130;13/11/2014
2014051523;1;1;1;1;7;130;13/11/2014
2014051524;1;1;1;2;2;130;14/11/2014
2014051525;1;1;1;1;2;130;14/11/2014
2014051526;3;1;1;3;4;130;14/11/2014
2014051527;1;1;1;2;7;130;15/11/2014
2014051528;1;1;1;2;7;130;15/11/2014
2014051529;1;1;1;8;2;130;12/11/2014
2014051530;1;1;1;1;3;130;16/11/2014
2014051531;3;1;1;1;2;130;16/11/2014
2014051532;3;1;1;1;7;130;16/11/2014
2014051533;1;1;1;1;2;130;17/11/2014
2014051534;1;1;1;1;7;130;17/11/2014
2014051535;3;1;1;1;2;130;17/11/2014
2014051536;3;1;1;1;2;130;17/11/2014
2014051537;3;1;1;1;4;130;18/11/2014
2014051538;1;1;1;1;4;130;18/11/2014
2014051539;3;1;1;1;2;130;19/11/2014
2014051540;5;1;1;1;2;130;23/11/2014
2014051541;3;1;1;1;6;130;25/11/2014
2014051542;1;1;1;3;4;130;25/11/2014
2014051543;1;1;1;3;4;130;25/11/2014
2014051544;1;1;1;1;7;130;25/11/2014
2014051545;1;1;1;2;7;130;25/11/2014
2014051546;1;1;1;2;2;130;25/11/2014
2014051547;1;1;1;2;6;130;26/11/2014
2014051548;1;1;1;1;4;130;26/11/2014
2014051549;1;1;1;1;4;130;26/11/2014
2014051550;3;1;1;2;2;130;26/11/2014
2014051551;1;1;1;2;6;130;27/11/2014
2014051552;1;1;1;8;4;130;27/11/2014
2014051553;1;1;1;1;3;130;27/11/2014
2014051554;1;1;1;2;6;130;27/11/2014
2014051555;1;1;1;1;3;130;28/11/2014
2014051556;3;1;1;2;2;130;27/11/2014
2014051557;3;1;1;1;4;130;28/11/2014
2014051558;3;1;1;8;7;130;28/11/2014
2014051559;1;1;1;2;7;130;02/12/2014
2014051560;3;1;1;2;2;130;01/12/2014
2014051561;5;1;1;2;4;130;02/12/2014
2014051562;1;1;1;2;6;130;02/12/2014
2014051563;1;1;1;8;5;130;02/12/2014
2014051564;1;1;1;2;4;130;02/12/2014
2014051565;1;1;1;1;4;130;02/12/2014
2014051566;3;1;1;1;4;130;02/12/2014
2014051567;5;1;1;1;2;130;03/12/2014
2014051568;1;1;1;8;7;130;27/11/2014
2014051569;1;1;1;2;4;130;02/12/2014
2014051570;2;1;1;1;2;130;04/12/2014
2014051571;1;1;1;2;7;130;05/12/2014
2014051572;1;1;1;2;4;130;06/12/2014
2014051573;3;1;1;2;2;130;06/12/2014
2014051574;3;1;1;2;3;130;06/12/2014
2014051575;1;1;1;1;7;130;08/12/2014
2014051576;1;1;1;1;2;130;08/12/2014
2014051577;1;1;1;1;6;130;11/12/2014
2014051578;1;1;1;1;4;130;11/12/2014
2014051579;3;1;1;1;2;130;12/12/2014
2014051580;3;1;1;1;2;130;08/12/2014
2014051581;4;1;1;1;5;130;14/12/2014
2014051582;1;1;1;1;2;130;16/12/2014
2014051583;1;1;1;1;3;130;15/12/2014
2014051584;3;1;1;1;6;130;20/12/2014
2014051585;2;1;1;1;4;130;16/12/2014
2014051586;1;1;1;1;7;130;22/12/2014
2014051587;3;1;1;1;7;130;24/12/2014
2014051588;1;1;1;1;6;130;25/12/2014
2014051589;1;1;1;1;7;130;27/12/2014
2014051590;3;1;1;1;6;130;27/12/2014
2014051591;1;1;1;1;7;130;30/12/2014
2014051592;1;1;1;1;6;130;31/12/2014
2014051593;2;1;1;1;4;130;22/12/2014
2014051594;2;1;1;1;4;130;22/12/2014
2014051595;3;1;1;1;3;130;13/01/2014
2014051596;3;1;1;1;6;130;18/01/2014
2014051597;1;1;1;1;4;130;23/01/2014
2014051598;1;1;1;6;7;130;25/01/2014
2014051599;1;1;1;7;6;130;29/01/2014
2014051600;3;1;1;3;6;130;30/01/2014
2014051601;1;1;1;2;2;130;31/01/2014
2014051602;1;1;1;1;3;130;04/02/2014
2014051603;1;1;1;1;6;130;04/02/2014
2014051604;2;1;1;2;7;130;05/02/2014
2014051605;3;1;1;1;7;130;08/02/2014
2014051606;1;1;1;1;4;130;11/02/2014
2014051607;2;1;1;1;2;130;12/02/2014
2014051608;1;1;1;1;4;130;19/02/2014
2014051609;1;1;1;1;2;130;23/02/2014
2014051610;1;1;1;1;2;130;24/02/2014
2014051611;1;1;1;1;4;130;02/03/2014
2014051612;2;1;1;1;6;130;09/03/2014
2014051613;3;1;1;1;2;130;14/03/2014
2014051614;1;1;1;1;6;130;24/03/2014
2014051615;1;1;1;1;3;130;25/03/2014
2014051616;3;1;1;1;6;130;06/04/2014
2014051617;1;1;1;1;6;130;28/04/2014
2014051618;1;1;1;1;6;130;04/05/2014
2014051619;1;1;1;1;2;130;05/05/2014
2014051620;3;1;1;1;6;130;18/06/2014
2014051621;2;1;1;1;6;130;09/07/2014
2014051622;1;1;1;1;4;130;16/07/2014
2014051623;3;1;1;1;7;130;18/07/2014
2014051624;1;1;1;1;6;130;20/07/2014
2014051625;1;1;1;2;2;130;25/07/2014
2014051626;3;1;1;1;2;130;29/07/2014
2014051627;3;1;1;2;6;130;02/08/2014
2014051628;1;1;1;1;6;130;02/08/2014
2014051629;1;1;1;8;3;130;13/08/2014
2014051630;1;1;1;1;6;130;13/08/2014
2014051631;3;1;1;1;7;130;17/08/2014
2014051632;1;1;1;1;4;130;17/08/2014
2014051633;3;1;1;1;6;130;21/08/2014
2014051634;1;1;1;1;6;130;24/08/2014
2014051635;1;1;1;1;2;130;04/09/2014
2014051636;3;1;1;1;7;130;07/09/2014
2014051637;1;1;1;1;6;130;11/09/2014
2014051638;3;1;1;1;2;130;14/09/2014
2014051639;1;1;1;1;4;130;16/09/2014
2014051640;2;1;1;3;2;130;24/09/2014
2014051641;3;1;1;1;3;130;28/09/2014
2014051642;1;1;1;1;3;130;26/09/2014
2014051643;1;1;1;1;3;130;29/09/2014
2014051644;1;1;1;2;6;130;30/09/2014
2014051645;1;1;1;1;2;130;01/10/2014
2014051646;3;1;1;1;7;130;06/10/2014
2014051647;3;1;1;1;2;130;05/10/2014
2014051648;1;1;1;8;6;130;11/10/2014
2014051649;1;1;1;1;3;130;07/10/2014
2014051650;1;1;1;1;2;130;17/10/2014
2014051651;1;1;1;1;4;130;17/10/2014
2014051652;1;1;1;1;6;130;18/10/2014
2014051653;3;1;1;1;2;130;22/10/2014
2014051654;3;1;1;1;5;130;26/10/2014
2014051655;2;1;1;1;4;130;24/10/2014
2014051656;3;1;1;1;6;130;26/10/2014
2014051657;1;1;1;1;6;130;30/10/2014
2014051658;2;1;1;3;6;130;03/11/2014
2014051659;1;1;1;2;4;130;12/11/2014
2014051660;3;1;1;1;3;130;23/11/2014
2014051661;5;1;1;1;2;130;23/11/2014
2014051662;3;1;1;2;4;130;25/11/2014
2014051663;1;1;1;3;5;130;25/11/2014
2014051664;1;1;1;3;3;130;27/11/2014
2014051665;3;1;1;1;5;130;12/12/2014
2014051666;5;2;5;1;6;750;02/01/2014
2014051667;1;2;5;1;3;750;10/01/2014
2014051668;1;2;2;1;2;750;17/01/2014
2014051669;5;2;1;1;2;750;17/01/2014
2014051670;5;2;7;1;2;750;17/01/2014
2014051671;1;2;1;8;6;750;21/01/2014
2014051672;5;2;3;1;2;750;21/01/2014
2014051673;1;2;3;2;3;750;22/01/2014
2014051674;1;2;5;2;6;750;25/01/2014
2014051675;5;2;1;1;6;750;25/01/2014
2014051676;5;2;2;1;2;750;26/01/2014
2014051677;1;2;2;2;6;750;26/01/2014
2014051678;2;2;2;1;3;750;28/01/2014
2014051679;1;2;7;2;2;750;29/01/2014
2014051680;1;2;2;1;7;750;31/01/2014
2014051681;1;2;3;2;6;750;01/02/2014
2014051682;1;2;7;1;3;750;03/02/2014
2014051683;1;2;2;1;4;750;08/02/2014
2014051684;1;2;2;8;3;750;09/02/2014
2014051685;5;2;3;1;6;750;10/02/2014
2014051686;5;2;2;1;6;750;10/02/2014
2014051687;5;2;2;1;3;750;10/02/2014
2014051688;1;2;2;1;2;750;11/02/2014
2014051689;5;2;3;2;3;750;12/02/2014
2014051690;1;2;2;3;6;750;13/02/2014
2014051691;1;2;2;2;6;750;14/02/2014
2014051692;1;2;3;2;7;750;14/02/2014
2014051693;1;2;2;2;6;750;14/02/2014
2014051694;1;2;2;8;3;750;17/02/2014
2014051695;1;2;1;1;7;750;18/02/2014
2014051696;1;2;2;1;3;750;19/02/2014
2014051697;1;2;1;3;2;750;20/02/2014
2014051698;5;2;3;1;3;750;22/02/2014
2014051699;1;2;3;2;6;750;25/02/2014
2014051700;1;2;3;2;3;750;27/02/2014
2014051701;5;2;2;1;6;750;02/03/2014
2014051702;1;2;1;1;4;750;03/03/2014
2014051703;1;2;2;1;6;750;05/03/2014
2014051704;1;2;5;1;6;750;06/03/2014
2014051705;5;2;1;1;6;750;08/03/2014
2014051706;5;2;1;1;7;750;08/03/2014
2014051707;5;2;7;1;4;750;08/03/2014
2014051708;5;2;2;1;6;750;10/03/2014
2014051709;1;2;3;1;2;750;10/03/2014
2014051710;1;2;2;1;6;750;13/03/2014
2014051711;5;2;7;1;3;750;13/03/2014
2014051712;1;2;3;1;6;750;14/03/2014
2014051713;5;2;1;1;2;750;16/03/2014
2014051714;1;2;2;1;6;750;19/03/2014
2014051715;1;2;2;2;6;750;25/03/2014
2014051716;5;2;2;1;3;750;29/03/2014
2014051717;1;2;1;1;6;750;31/03/2014
2014051718;5;2;2;1;3;750;02/04/2014
2014051719;1;2;1;1;7;750;02/04/2014
2014051720;1;2;2;1;4;750;03/04/2014
2014051721;5;2;3;1;6;750;04/04/2014
2014051722;1;2;2;8;3;750;06/04/2014
2014051723;1;2;7;1;3;750;08/04/2014
2014051724;1;2;7;1;6;750;11/04/2014
2014051725;5;2;5;1;3;750;13/04/2014
2014051726;1;2;2;1;2;750;17/04/2014
2014051727;1;2;2;1;3;750;23/04/2014
2014051728;1;2;2;1;6;750;30/04/2014
2014051729;1;2;3;1;3;750;30/04/2014
2014051730;1;2;3;1;6;750;03/05/2014