num_acc;lum;agg;inter;atm;col;dep;date
2014053472;2;2;1;1;2;750;13/09/2014
2014053473;1;2;1;1;6;750;15/09/2014
2014053474;1;2;1;1;6;750;15/09/2014
2014053475;1;2;2;1;3;750;16/09/2014
2014053476;1;2;1;1;6;750;16/09/2014
2014053477;1;2;1;1;7;750;19/09/2014
2014053478;1;2;3;1;3;750;19/09/2014
2014053479;1;2;2;1;6;750;20/09/2014
2014053480;5;2;2;1;6;750;20/09/2014
2014053481;1;2;2;1;3;750;22/09/2014
2014053482;1;2;2;1;1;750;25/09/2014
2014053483;1;2;2;1;6;750;25/09/2014
2014053484;5;2;1;1;6;750;26/09/2014
2014053485;2;2;2;1;6;750;26/09/2014
2014053486;5;2;1;1;6;750;04/10/2014
2014053487;1;2;2;1;6;750;06/10/2014
2014053488;5;2;1;3;6;750;06/10/2014
2014053489;5;2;2;2;6;750;06/10/2014
2014053490;2;2;3;1;6;750;07/10/2014
2014053491;1;2;2;1;1;750;09/10/2014
2014053492;2;2;2;1;6;750;09/10/2014
2014053493;5;2;1;2;2;750;09/10/2014
2014053494;5;2;1;1;2;750;12/10/2014
2014053495;1;2;3;2;2;750;12/10/2014
2014053496;5;2;2;1;3;750;14/10/2014
2014053497;1;2;4;1;2;750;14/10/2014
2014053498;2;2;1;1;6;750;15/10/2014
2014053499;1;2;5;2;6;750;15/10/2014
2014053500;3;2;1;1;3;750;15/10/2014
2014053501;5;2;1;2;5;750;16/10/2014
2014053502;1;2;2;1;3;750;17/10/2014
2014053503;2;2;1;2;7;750;20/10/2014
2014053504;1;2;2;1;3;750;24/10/2014
2014053505;5;2;3;8;6;750;24/10/2014
2014053506;5;2;2;1;2;750;26/10/2014
2014053507;2;2;2;1;3;750;29/10/2014
2014053508;1;2;2;1;3;750;30/10/2014
2014053509;1;2;7;1;6;750;30/10/2014
2014053510;1;2;1;1;6;750;30/10/2014
2014053511;1;2;2;1;6;750;31/10/2014
2014053512;1;2;1;1;2;750;01/11/2014
2014053513;5;2;1;1;6;750;01/11/2014
2014053514;5;2;7;1;6;750;01/11/2014
2014053515;5;2;1;1;2;750;03/11/2014
2014053516;1;2;1;2;2;750;03/11/2014
2014053517;5;2;1;2;3;750;03/11/2014
2014053518;5;2;1;1;3;750;05/11/2014
2014053519;5;2;1;1;6;750;05/11/2014
2014053520;1;2;4;1;3;750;06/11/2014
2014053521;1;2;1;1;6;750;06/11/2014
2014053522;1;2;1;1;6;750;10/11/2014
2014053523;1;2;1;1;6;750;11/11/2014
2014053524;1;2;5;1;6;750;12/11/2014
2014053525;5;2;2;1;3;750;14/11/2014
2014053526;5;2;1;2;6;750;16/11/2014
2014053527;5;2;3;8;6;750;16/11/2014
2014053528;1;2;3;1;6;750;19/11/2014
2014053529;1;2;1;1;6;750;19/11/2014
2014053530;5;2;2;1;2;750;19/11/2014
2014053531;1;2;3;1;2;750;20/11/2014
2014053532;5;2;2;1;3;750;20/11/2014
2014053533;1;2;2;2;2;750;24/11/2014
2014053534;5;2;1;1;6;750;24/11/2014
2014053535;1;2;3;1;6;750;26/11/2014
2014053536;5;2;5;2;7;750;26/11/2014
2014053537;1;2;1;1;6;750;28/11/2014
2014053538;5;2;1;1;7;750;28/11/2014
2014053539;5;2;1;1;6;750;29/11/2014
2014053540;1;2;3;1;6;750;30/11/2014
2014053541;1;2;1;1;2;750;01/12/2014
2014053542;2;2;5;2;6;750;02/12/2014
2014053543;5;2;2;1;7;750;03/12/2014
2014053544;5;2;1;1;2;750;04/12/2014
2014053545;1;2;3;1;3;750;05/12/2014
2014053546;5;2;2;1;6;750;04/12/2014
2014053547;1;2;2;1;3;750;07/12/2014
2014053548;5;2;3;2;6;750;07/12/2014
2014053549;1;2;4;1;6;750;07/12/2014
2014053550;5;2;2;2;6;750;12/12/2014
2014053551;5;2;5;3;6;750;13/12/2014
2014053552;5;2;4;2;6;750;13/12/2014
2014053553;1;2;1;1;2;750;15/12/2014
2014053554;5;2;1;1;2;750;16/12/2014
2014053555;1;2;1;2;6;750;16/12/2014
2014053556;5;2;2;1;6;750;24/12/2014
2014053557;1;2;1;1;2;750;27/12/2014
2014053558;5;2;1;1;3;750;27/12/2014
2014053559;5;2;1;1;2;750;29/12/2014
2014053560;5;2;2;1;3;750;04/01/2014
2014053561;1;2;1;1;6;750;06/01/2014
2014053562;1;2;1;1;6;750;07/01/2014
2014053563;5;2;7;1;3;750;07/01/2014
2014053564;1;2;2;1;3;750;08/01/2014
2014053565;1;2;3;1;6;750;10/01/2014
2014053566;5;2;4;1;6;750;10/01/2014
2014053567;2;2;1;2;1;750;11/01/2014
2014053568;1;2;1;1;1;750;11/01/2014
2014053569;1;2;2;1;2;750;13/01/2014
2014053570;1;2;2;2;1;750;14/01/2014
2014053571;1;2;3;2;7;750;15/01/2014
2014053572;2;2;1;2;3;750;16/01/2014
2014053573;1;2;5;2;3;750;16/01/2014
2014053574;1;2;3;1;3;750;17/01/2014
2014053575;1;2;2;1;6;750;17/01/2014
2014053576;5;2;2;1;3;750;17/01/2014
2014053577;5;2;1;1;2;750;17/01/2014
2014053578;1;2;3;1;6;750;21/01/2014
2014053579;5;2;1;2;3;750;22/01/2014
2014053580;5;2;5;2;6;750;22/01/2014
2014053581;5;2;3;2;2;750;22/01/2014
2014053582;1;2;2;2;6;750;23/01/2014
2014053583;1;2;1;1;2;750;24/01/2014
2014053584;5;2;2;1;3;750;24/01/2014
2014053585;5;2;5;8;3;750;24/01/2014
2014053586;3;2;7;2;3;750;26/01/2014
2014053587;5;2;1;2;6;750;26/01/2014
2014053588;5;2;5;1;1;750;27/01/2014
2014053589;3;2;5;2;1;750;28/01/2014
2014053590;1;2;2;2;6;750;29/01/2014
2014053591;1;2;4;1;3;750;01/02/2014
2014053592;5;2;1;1;3;750;03/02/2014
2014053593;5;2;1;1;2;750;04/02/2014
2014053594;5;2;2;1;6;750;05/02/2014
2014053595;1;2;1;3;7;750;06/02/2014
2014053596;5;2;1;8;6;750;06/02/2014
2014053597;5;2;7;1;6;750;08/02/2014
2014053598;5;2;1;1;3;750;07/02/2014
2014053599;1;2;2;1;1;750;10/02/2014
2014053600;1;2;1;1;2;750;11/02/2014
2014053601;1;2;3;1;6;750;12/02/2014
2014053602;1;2;3;1;2;750;12/02/2014
2014053603;5;2;2;2;3;750;12/02/2014
2014053604;1;2;7;2;3;750;13/02/2014
2014053605;5;2;2;1;6;750;14/02/2014
2014053606;5;2;1;1;2;750;14/02/2014
2014053607;1;2;1;1;6;750;19/02/2014
2014053608;5;2;2;1;2;750;19/02/2014
2014053609;1;2;3;2;3;750;22/02/2014
2014053610;1;2;3;2;2;750;22/02/2014
2014053611;5;2;2;1;3;750;22/02/2014
2014053612;5;2;2;1;3;750;22/02/2014
2014053613;1;2;2;1;3;750;24/02/2014
2014053614;5;2;2;1;6;750;24/02/2014
2014053615;1;2;3;2;6;750;25/02/2014
2014053616;1;2;1;1;2;750;28/02/2014
2014053617;1;2;1;8;4;750;28/02/2014
2014053618;1;2;3;2;6;750;01/03/2014
2014053619;1;2;2;1;6;750;02/03/2014
2014053620;1;2;1;1;7;750;03/03/2014
2014053621;1;2;1;1;6;750;03/03/2014
2014053622;1;2;3;1;6;750;03/03/2014
2014053623;5;2;3;1;6;750;04/03/2014
2014053624;1;2;2;1;6;750;06/03/2014
2014053625;1;2;3;1;3;750;07/03/2014
2014053626;1;2;1;1;6;750;07/03/2014
2014053627;5;2;5;1;2;750;07/03/2014
2014053628;1;2;5;1;6;750;08/03/2014
2014053629;5;2;1;1;3;750;08/03/2014
2014053630;1;2;5;7;6;750;09/03/2014
2014053631;1;2;2;1;3;750;09/03/2014
2014053632;1;2;3;1;6;750;11/03/2014
2014053633;5;2;2;1;6;750;11/03/2014
2014053634;5;2;2;1;6;750;14/03/2014
2014053635;5;2;2;1;3;750;14/03/2014
2014053636;2;2;3;1;3;750;16/03/2014
2014053637;1;2;2;8;3;750;19/03/2014
2014053638;1;2;3;1;6;750;20/03/2014
2014053639;1;2;1;2;7;750;21/03/2014
2014053640;5;2;1;1;6;750;22/03/2014
2014053641;5;2;1;1;7;750;23/03/2014
2014053642;1;2;5;1;6;750;24/03/2014
2014053643;1;2;2;1;3;750;27/03/2014
2014053644;1;2;4;1;7;750;27/03/2014
2014053645;1;2;1;1;6;750;28/03/2014
2014053646;2;2;2;1;6;750;30/03/2014
2014053647;1;2;2;1;7;750;31/03/2014
2014053648;5;2;1;1;6;750;02/04/2014
2014053649;5;2;1;2;6;750;04/04/2014
2014053650;1;2;2;1;6;750;05/04/2014
2014053651;1;2;3;1;3;750;05/04/2014
2014053652;1;2;7;1;2;750;06/04/2014
2014053653;1;2;2;1;7;750;07/04/2014
2014053654;1;2;2;1;7;750;07/04/2014
2014053655;1;2;2;1;2;750;07/04/2014
2014053656;5;2;2;1;6;750;10/04/2014
2014053657;1;2;1;1;6;750;11/04/2014
2014053658;1;2;3;1;6;750;11/04/2014
2014053659;1;2;3;1;6;750;13/04/2014
2014053660;1;2;1;1;6;750;13/04/2014
2014053661;1;2;1;1;2;750;12/04/2014
2014053662;1;2;2;1;6;750;16/04/2014
2014053663;1;2;2;1;2;750;17/04/2014
2014053664;1;2;5;1;6;750;17/04/2014
2014053665;1;2;1;1;3;750;18/04/2014
2014053666;5;2;1;1;6;750;18/04/2014
2014053667;1;2;2;1;3;750;19/04/2014
2014053668;2;2;3;1;6;750;20/04/2014
2014053669;1;2;1;2;6;750;22/04/2014
2014053670;1;2;1;1;3;750;23/04/2014
2014053671;1;2;3;1;6;750;23/04/2014
2014053672;1;2;2;1;6;750;24/04/2014
2014053673;1;2;2;8;6;750;25/04/2014
2014053674;1;2;1;8;2;750;26/04/2014
2014053675;1;2;1;2;7;750;28/04/2014
2014053676;1;2;7;1;3;750;28/04/2014
2014053677;1;2;6;1;2;750;29/04/2014
2014053678;1;2;1;1;2;750;29/04/2014
2014053679;1;2;2;2;6;750;29/04/2014
2014053680;1;2;2;2;7;750;29/04/2014
2014053681;1;2;2;1;6;750;30/04/2014
2014053682;1;2;1;8;6;750;02/05/2014
2014053683;1;2;1;8;6;750;02/05/2014
2014053684;5;2;2;1;3;750;02/05/2014
2014053685;1;2;1;1;6;750;04/05/2014
2014053686;1;2;5;1;2;750;04/05/2014
2014053687;4;2;2;1;6;750;04/05/2014
2014053688;1;2;4;1;7;750;05/05/2014
2014053689;2;2;3;1;3;750;05/05/2014
2014053690;1;2;2;1;3;750;05/05/2014
2014053691;5;2;5;1;3;750;05/05/2014
2014053692;5;2;2;1;7;750;06/05/2014
2014053693;1;2;1;2;6;750;08/05/2014
2014053694;5;2;2;1;2;750;09/05/2014
2014053695;1;2;1;8;6;750;10/05/2014
2014053696;1;2;7;1;6;750;10/05/2014
2014053697;1;2;3;8;7;750;11/05/2014
2014053698;1;2;1;1;2;750;13/05/2014
2014053699;1;2;3;2;3;750;13/05/2014
2014053700;1;2;1;1;6;750;13/05/2014
2014053701;5;2;7;1;6;750;14/05/2014
2014053702;1;2;2;1;2;750;16/05/2014
2014053703;1;2;5;1;2;750;16/05/2014
2014053704;1;2;2;1;6;750;17/05/2014
2014053705;1;2;1;1;6;750;17/05/2014
2014053706;1;2;1;1;3;750;19/05/2014
2014053707;1;2;5;2;6;750;20/05/2014
2014053708;1;2;1;2;7;750;20/05/2014
2014053709;2;2;1;3;2;750;21/05/2014
2014053710;5;2;7;2;2;750;21/05/2014
2014053711;1;2;1;1;2;750;22/05/2014
2014053712;1;2;1;1;6;750;22/05/2014
2014053713;5;2;7;1;3;750;23/05/2014
2014053714;1;2;7;1;3;750;23/05/2014
2014053715;1;2;3;2;6;750;24/05/2014
2014053716;1;2;7;2;3;750;24/05/2014
2014053717;1;2;2;1;6;750;25/05/2014
2014053718;1;2;3;8;3;750;26/05/2014
2014053719;1;2;5;1;3;750;29/05/2014
2014053720;1;2;1;7;3;750;30/05/2014
2014053721;4;2;2;1;3;750;31/05/2014
2014053722;1;2;1;1;3;750;31/05/2014
2014053723;1;2;2;1;3;750;01/06/2014
2014053724;1;2;3;2;6;750;03/06/2014
2014053725;1;2;1;1;4;750;04/06/2014
2014053726;5;2;5;1;3;750;05/06/2014
2014053727;1;2;3;1;6;750;06/06/2014
2014053728;1;2;2;1;6;750;06/06/2014
2014053729;1;2;7;1;3;750;08/06/2014
2014053730;1;2;1;1;2;750;09/06/2014
2014053731;1;2;2;1;6;750;11/06/2014
2014053732;1;2;5;1;6;750;13/06/2014
2014053733;1;2;2;1;6;750;13/06/2014
2014053734;1;2;1;1;2;750;15/06/2014
2014053735;5;2;7;1;3;750;15/06/2014
2014053736;1;2;2;1;3;750;17/06/2014
2014053737;1;2;3;1;6;750;17/06/2014
2014053738;4;2;3;1;2;750;18/06/2014
2014053739;1;2;7;1;3;750;18/06/2014
2014053740;1;2;2;1;6;750;18/06/2014
2014053741;2;2;1;1;3;750;18/06/2014
2014053742;1;2;2;1;6;750;19/06/2014
2014053743;5;2;2;1;6;750;22/06/2014
2014053744;1;2;2;1;2;750;23/06/2014
2014053745;1;2;2;1;6;750;24/06/2014
2014053746;1;2;7;1;3;750;26/06/2014
2014053747;1;2;3;1;6;750;27/06/2014
2014053748;1;2;2;2;2;750;28/06/2014
2014053749;5;2;2;2;1;750;29/06/2014
2014053750;1;2;2;2;3;750;29/06/2014
2014053751;1;2;2;1;6;750;01/07/2014
2014053752;4;2;4;1;3;750;02/07/2014
2014053753;1;2;3;1;6;750;03/07/2014
2014053754;1;2;1;1;3;750;03/07/2014
2014053755;1;2;3;1;2;750;03/07/2014
2014053756;1;2;1;2;7;750;04/07/2014
2014053757;1;2;3;1;3;750;05/07/2014
2014053758;1;2;3;2;3;750;07/07/2014
2014053759;1;2;2;2;1;750;09/07/2014
2014053760;5;2;5;2;6;750;09/07/2014
2014053761;1;2;2;2;3;750;10/07/2014
2014053762;1;2;2;2;3;750;10/07/2014
2014053763;1;2;1;1;3;750;14/07/2014
2014053764;1;2;1;1;2;750;15/07/2014
2014053765;1;2;2;1;6;750;15/07/2014
2014053766;1;2;1;1;6;750;18/07/2014
2014053767;1;2;7;1;6;750;19/07/2014
2014053768;2;2;5;2;3;750;20/07/2014
2014053769;1;2;3;1;3;750;20/07/2014
2014053770;1;2;3;1;6;750;21/07/2014
2014053771;1;2;2;1;3;750;22/07/2014
2014053772;1;2;3;1;6;750;23/07/2014
2014053773;5;2;5;1;3;750;23/07/2014
2014053774;5;2;2;1;6;750;24/07/2014
2014053775;1;2;2;1;3;750;24/07/2014
2014053776;1;2;2;1;3;750;26/07/2014
2014053777;1;2;5;1;6;750;28/07/2014
2014053778;1;2;3;1;3;750;29/07/2014
2014053779;1;2;5;1;6;750;01/08/2014
2014053780;5;2;2;1;6;750;02/08/2014
2014053781;1;2;2;1;3;750;02/08/2014
2014053782;5;2;2;1;6;750;03/08/2014
2014053783;1;2;1;1;6;750;05/08/2014
2014053784;2;2;1;1;6;750;05/08/2014
2014053785;2;2;7;1;6;750;09/08/2014
2014053786;5;2;7;1;2;750;09/08/2014
2014053787;5;2;2;1;6;750;10/08/2014
2014053788;1;2;1;1;6;750;11/08/2014
2014053789;5;2;2;1;6;750;11/08/2014
2014053790;1;2;1;1;3;750;12/08/2014
2014053791;1;2;5;2;6;750;12/08/2014
2014053792;1;2;3;1;6;750;19/08/2014
2014053793;1;2;3;1;6;750;20/08/2014
2014053794;2;2;5;1;6;750;20/08/2014
2014053795;1;2;1;1;3;750;21/08/2014
2014053796;5;2;2;3;7;750;25/08/2014
2014053797;1;2;5;2;3;750;26/08/2014
2014053798;1;2;3;1;6;750;31/08/2014
2014053799;5;2;7;1;6;750;01/09/2014
2014053800;1;2;1;1;3;750;02/09/2014
2014053801;1;2;2;1;3;750;04/09/2014
2014053802;1;2;7;1;3;750;05/09/2014
2014053803;1;2;5;1;3;750;05/09/2014
2014053804;1;2;1;1;7;750;06/09/2014
2014053805;2;2;2;1;6;750;06/09/2014
2014053806;1;2;2;1;6;750;08/09/2014
2014053807;1;2;1;1;4;750;09/09/2014
2014053808;1;2;1;1;6;750;09/09/2014
2014053809;1;2;2;1;6;750;09/09/2014
2014053810;5;2;2;1;6;750;09/09/2014
2014053811;1;2;2;1;6;750;11/09/2014
2014053812;1;2;2;1;6;750;11/09/2014
2014053813;1;2;4;1;6;750;11/09/2014
2014053814;1;2;7;1;3;750;12/09/2014
2014053815;1;2;1;1;6;750;12/09/2014
2014053816;1;2;2;1;3;750;12/09/2014
2014053817;1;2;3;1;6;750;13/09/2014
2014053818;5;2;3;1;6;750;13/09/2014
2014053819;1;2;1;1;3;750;15/09/2014
2014053820;1;2;7;1;2;750;15/09/2014
2014053821;1;2;3;1;6;750;16/09/2014
2014053822;1;2;1;1;3;750;16/09/2014
2014053823;5;2;7;1;3;750;16/09/2014
2014053824;1;2;2;1;1;750;18/09/2014
2014053825;5;2;2;1;5;750;19/09/2014
2014053826;5;2;1;2;6;750;21/09/2014
2014053827;5;2;2;1;1;750;23/09/2014
2014053828;5;2;3;1;6;750;24/09/2014
2014053829;5;2;1;1;6;750;25/09/2014
2014053830;1;2;2;1;1;750;25/09/2014
2014053831;2;2;7;1;3;750;25/09/2014
2014053832;5;2;5;1;6;750;26/09/2014
2014053833;1;2;5;1;2;750;26/09/2014
2014053834;1;2;5;1;2;750;26/09/2014
2014053835;3;2;7;1;2;750;26/09/2014
2014053836;5;2;1;1;4;750;27/09/2014
2014053837;1;2;1;1;2;750;28/09/2014
2014053838;1;2;2;1;6;750;28/09/2014
2014053839;1;2;1;2;2;750;29/09/2014
2014053840;1;2;3;1;4;750;29/09/2014
2014053841;1;2;7;1;3;750;01/10/2014
2014053842;1;2;4;1;3;750;02/10/2014
2014053843;5;2;2;1;7;750;04/10/2014
2014053844;2;2;2;2;7;750;05/10/2014
2014053845;1;2;4;1;6;750;05/10/2014
2014053846;5;2;2;2;3;750;07/10/2014
2014053847;1;2;1;1;6;750;07/10/2014
2014053848;1;2;2;2;6;750;08/10/2014
2014053849;1;2;1;2;7;750;08/10/2014
2014053850;1;2;1;2;7;750;08/10/2014
2014053851;1;2;3;8;3;750;08/10/2014
2014053852;5;2;2;3;1;750;08/10/2014
2014053853;5;2;2;2;6;750;08/10/2014
2014053854;1;2;1;1;6;750;10/10/2014
2014053855;5;2;5;1;2;750;12/10/2014
2014053856;1;2;1;1;7;750;13/10/2014
2014053857;1;2;1;1;1;750;16/10/2014
2014053858;1;2;2;1;6;750;16/10/2014
2014053859;5;2;5;3;6;750;17/10/2014
2014053860;5;2;1;1;3;750;18/10/2014
2014053861;5;2;7;1;6;750;18/10/2014
2014053862;5;2;5;2;3;750;21/10/2014
2014053863;1;2;2;1;6;750;22/10/2014
2014053864;1;2;1;1;3;750;22/10/2014
2014053865;1;2;3;1;6;750;23/10/2014
2014053866;1;2;1;1;6;750;24/10/2014
2014053867;1;2;3;1;6;750;25/10/2014
2014053868;1;2;7;1;2;750;27/10/2014
2014053869;1;2;1;1;2;750;28/10/2014
2014053870;5;2;3;1;6;750;28/10/2014
2014053871;1;2;4;1;3;750;30/10/2014
2014053872;1;2;1;1;2;750;31/10/2014
2014053873;1;2;7;7;3;750;31/10/2014
2014053874;5;2;2;1;3;750;01/11/2014
2014053875;5;2;2;1;3;750;02/11/2014
2014053876;5;2;2;2;3;750;03/11/2014
2014053877;5;2;3;2;3;750;03/11/2014
2014053878;5;2;1;1;6;750;04/11/2014
2014053879;1;2;7;1;3;750;04/11/2014
2014053880;5;2;5;1;6;750;05/11/2014
2014053881;1;2;2;1;3;750;06/11/2014
2014053882;2;2;2;1;1;750;08/11/2014
2014053883;5;2;3;1;6;750;11/11/2014
2014053884;1;2;3;8;7;750;11/11/2014
2014053885;5;2;5;1;3;750;11/11/2014
2014053886;5;2;4;3;5;750;16/11/2014
2014053887;5;2;7;1;6;750;18/11/2014
2014053888;1;2;7;2;3;750;18/11/2014
2014053889;5;2;3;2;6;750;18/11/2014
2014053890;5;2;7;2;6;750;20/11/2014
2014053891;5;2;1;1;3;750;21/11/2014
2014053892;5;2;1;1;2;750;24/11/2014
2014053893;5;2;1;1;2;750;24/11/2014
2014053894;1;2;1;1;7;750;25/11/2014
2014053895;5;2;1;1;2;750;25/11/2014
2014053896;1;2;2;1;3;750;26/11/2014
2014053897;1;2;1;1;2;750;26/11/2014
2014053898;5;2;3;2;2;750;26/11/2014
2014053899;5;2;1;1;7;750;27/11/2014
2014053900;1;2;3;1;3;750;28/11/2014
2014053901;5;2;1;1;6;750;29/11/2014
2014053902;5;2;1;1;7;750;30/11/2014
2014053903;5;2;3;2;3;750;01/12/2014
2014053904;5;2;1;2;3;750;02/12/2014
2014053905;1;2;1;1;5;750;03/12/2014
2014053906;1;2;3;1;2;750;04/12/2014
2014053907;1;2;3;1;6;750;05/12/2014
2014053908;1;2;1;8;5;750;05/12/2014
2014053909;1;2;2;1;6;750;06/12/2014
2014053910;5;2;5;2;3;750;07/12/2014
2014053911;5;2;7;2;3;750;07/12/2014
2014053912;5;2;1;2;3;750;08/12/2014
2014053913;5;2;2;1;3;750;09/12/2014
2014053914;1;2;2;2;7;750;10/12/2014
2014053915;1;2;1;2;6;750;10/12/2014
2014053916;1;2;1;8;3;750;10/12/2014
2014053917;5;2;2;8;3;750;10/12/2014
2014053918;5;2;1;1;3;750;11/12/2014
2014053919;1;2;1;2;6;750;12/12/2014
2014053920;5;2;1;1;6;750;12/12/2014
2014053921;3;2;2;2;3;750;13/12/2014
2014053922;3;2;2;1;3;750;14/12/2014
2014053923;5;2;3;2;6;750;15/12/2014
2014053924;5;2;3;2;3;750;16/12/2014
2014053925;1;2;3;1;3;750;16/12/2014
2014053926;1;2;2;2;2;750;17/12/2014
2014053927;3;2;4;2;2;750;17/12/2014
2014053928;1;2;1;8;2;750;18/12/2014
2014053929;1;2;7;1;6;750;18/12/2014
2014053930;3;2;5;3;6;750;19/12/2014
2014053931;1;2;1;1;6;750;20/12/2014
2014053932;5;2;2;2;6;750;20/12/2014
2014053933;5;2;3;1;6;750;22/12/2014
2014053934;1;2;1;1;2;750;23/12/2014
2014053935;1;2;1;1;6;750;23/12/2014
2014053936;5;2;7;1;6;750;23/12/2014
2014053937;5;2;1;1;3;750;24/12/2014
2014053938;1;2;7;1;3;750;30/12/2014
2014053939;5;2;3;1;3;750;30/12/2014
2014053940;5;2;5;1;3;750;31/12/2014
2014053941;5;2;3;1;6;750;31/12/2014
2014053942;5;2;4;1;6;750;01/01/2014
2014053943;5;2;1;2;4;750;01/01/2014
2014053944;5;2;7;1;3;750;02/01/2014
2014053945;1;2;3;1;3;750;30/12/2014
2014053946;1;2;1;9;7;750;04/01/2014
2014053947;1;2;3;8;3;750;04/01/2014
2014053948;5;2;1;1;6;750;08/01/2014
2014053949;2;2;3;1;6;750;09/01/2014
2014053950;5;2;1;1;6;750;09/01/2014
2014053951;1;2;1;1;3;750;10/01/2014
2014053952;1;2;5;2;3;750;13/01/2014
2014053953;5;2;7;2;3;750;15/01/2014
2014053954;1;2;1;2;6;750;16/01/2014
2014053955;5;2;3;2;6;750;16/01/2014
2014053956;5;2;2;1;6;750;17/01/2014
2014053957;1;2;5;1;3;750;17/01/2014
2014053958;1;2;5;2;3;750;20/01/2014
2014053959;1;2;1;2;2;750;21/01/2014
2014053960;1;2;1;1;6;750;22/01/2014
2014053961;1;2;4;1;6;750;22/01/2014
2014053962;5;2;1;2;3;750;22/01/2014
2014053963;5;2;1;2;3;750;23/01/2014
2014053964;5;2;1;1;7;750;23/01/2014
2014053965;1;2;2;2;3;750;23/01/2014
2014053966;5;2;1;1;2;750;24/01/2014
2014053967;1;2;3;1;2;750;27/01/2014
2014053968;1;2;1;1;2;750;27/01/2014
2014053969;1;2;7;8;7;750;28/01/2014
2014053970;1;2;5;1;7;750;28/01/2014
2014053971;5;2;3;2;7;750;28/01/2014
2014053972;1;2;5;2;7;750;29/01/2014
2014053973;3;2;3;1;6;750;30/01/2014
2014053974;1;2;1;2;6;750;01/02/2014
2014053975;1;2;5;1;3;750;01/02/2014
2014053976;1;2;1;1;3;750;01/02/2014
2014053977;3;2;7;1;6;750;01/02/2014
2014053978;5;2;1;1;6;750;02/02/2014
2014053979;1;2;3;1;6;750;02/02/2014
2014053980;1;2;5;1;6;750;02/02/2014
2014053981;1;2;1;1;3;750;02/02/2014
2014053982;1;2;1;1;6;750;02/02/2014
2014053983;5;2;5;1;2;750;02/02/2014
2014053984;1;2;1;2;3;750;05/02/2014
2014053985;5;2;2;2;3;750;05/02/2014
2014053986;3;2;7;2;3;750;05/02/2014
2014053987;5;2;2;1;3;750;09/02/2014
2014053988;1;2;7;2;6;750;11/02/2014
2014053989;5;2;1;2;1;750;11/02/2014
2014053990;1;2;1;1;3;750;12/02/2014
2014053991;1;2;2;1;6;750;12/02/2014
2014053992;1;2;3;2;6;750;14/02/2014
2014053993;5;2;1;1;3;750;16/02/2014
2014053994;5;2;2;1;6;750;17/02/2014
2014053995;1;2;2;1;2;750;18/02/2014
2014053996;5;2;4;1;3;750;18/02/2014
2014053997;1;2;1;8;2;750;19/02/2014
2014053998;5;2;1;1;6;750;19/02/2014
2014053999;5;2;1;1;6;750;20/02/2014
2014054000;1;2;2;2;6;750;20/02/2014
2014054001;1;2;5;1;3;750;24/02/2014
2014054002;1;2;5;1;5;750;24/02/2014
2014054003;1;2;2;8;7;750;25/02/2014
2014054004;5;2;2;2;3;750;25/02/2014
2014054005;5;2;4;1;6;750;26/02/2014
2014054006;5;2;4;1;4;750;26/02/2014
2014054007;1;2;2;2;6;750;28/02/2014
2014054008;1;2;3;1;2;750;28/02/2014
2014054009;1;2;7;1;2;750;28/02/2014
2014054010;5;2;6;2;7;750;28/02/2014
2014054011;1;2;1;8;2;750;01/03/2014
2014054012;1;2;7;1;3;750;01/03/2014
2014054013;1;2;7;1;6;750;02/03/2014
2014054014;1;2;2;1;6;750;02/03/2014
2014054015;1;2;2;1;6;750;03/03/2014
2014054016;1;2;7;1;3;750;05/03/2014
2014054017;1;2;5;1;6;750;05/03/2014
2014054018;1;2;4;1;3;750;06/03/2014
2014054019;1;2;1;1;4;750;07/03/2014
2014054020;1;2;3;1;3;750;08/03/2014
2014054021;5;2;2;1;6;750;08/03/2014
2014054022;5;2;3;1;6;750;10/03/2014
2014054023;1;2;3;1;1;750;12/03/2014
2014054024;5;2;5;1;2;750;12/03/2014
2014054025;2;2;2;1;3;750;12/03/2014
2014054026;2;2;1;1;3;750;13/03/2014
2014054027;1;2;2;1;7;750;14/03/2014
2014054028;1;2;2;1;6;750;14/03/2014
2014054029;1;2;3;1;6;750;15/03/2014
2014054030;5;2;5;1;6;750;16/03/2014
2014054031;2;2;2;1;6;750;16/03/2014
2014054032;1;2;1;1;6;750;19/03/2014
2014054033;1;2;1;1;2;750;19/03/2014
2014054034;1;2;1;1;3;750;20/03/2014
2014054035;1;2;7;1;3;750;21/03/2014
2014054036;5;2;1;1;6;750;21/03/2014
2014054037;1;2;7;2;3;750;22/03/2014
2014054038;1;2;1;8;3;750;24/03/2014
2014054039;1;2;3;2;6;750;25/03/2014
2014054040;1;2;7;2;3;750;25/03/2014
2014054041;1;2;1;1;2;750;26/03/2014
2014054042;1;2;1;1;6;750;26/03/2014
2014054043;5;2;2;1;6;750;26/03/2014
2014054044;1;2;2;1;4;750;27/03/2014
2014054045;1;2;1;1;7;750;30/03/2014
2014054046;5;2;2;1;2;750;31/03/2014
2014054047;1;2;3;1;2;750;31/03/2014
2014054048;1;2;2;1;2;750;31/03/2014
2014054049;5;2;1;1;1;750;31/03/2014
2014054050;1;2;1;1;6;750;01/04/2014
2014054051;1;2;2;1;6;750;02/04/2014