num_acc;lum;agg;inter;atm;col;dep;date
2014054633;1;2;1;1;6;750;15/09/2014
2014054634;1;2;1;1;6;750;16/09/2014
2014054635;1;2;1;1;6;750;17/09/2014
2014054636;1;2;7;1;3;750;19/09/2014
2014054637;1;2;3;1;6;750;19/09/2014
2014054638;1;2;4;1;3;750;19/09/2014
2014054639;5;2;2;1;6;750;19/09/2014
2014054640;1;2;2;1;2;750;20/09/2014
2014054641;5;2;3;8;2;750;20/09/2014
2014054642;5;2;3;3;6;750;21/09/2014
2014054643;1;2;1;1;6;750;21/09/2014
2014054644;5;2;1;1;6;750;23/09/2014
2014054645;1;2;5;1;2;750;24/09/2014
2014054646;1;2;1;1;2;750;24/09/2014
2014054647;5;2;5;1;2;750;24/09/2014
2014054648;1;2;2;1;3;750;25/09/2014
2014054649;1;2;3;1;6;750;17/09/2014
2014054650;5;2;3;1;2;750;26/09/2014
2014054651;1;2;3;1;2;750;27/09/2014
2014054652;1;2;2;1;2;750;27/09/2014
2014054653;5;2;2;1;2;750;27/09/2014
2014054654;4;2;1;1;2;750;28/09/2014
2014054655;1;2;1;1;6;750;29/09/2014
2014054656;1;2;2;1;6;750;30/09/2014
2014054657;1;2;2;1;1;750;30/09/2014
2014054658;1;2;3;1;3;750;30/09/2014
2014054659;1;2;2;1;3;750;01/10/2014
2014054660;1;2;3;1;3;750;02/10/2014
2014054661;5;2;1;1;3;750;03/10/2014
2014054662;5;2;7;1;2;750;02/10/2014
2014054663;1;2;2;1;3;750;03/10/2014
2014054664;5;2;1;2;2;750;05/10/2014
2014054665;5;2;4;2;6;750;06/10/2014
2014054666;5;2;1;2;6;750;07/10/2014
2014054667;1;2;2;1;7;750;07/10/2014
2014054668;3;2;2;8;6;750;07/10/2014
2014054669;2;2;2;2;6;750;08/10/2014
2014054670;5;2;1;2;6;750;08/10/2014
2014054671;2;2;3;1;6;750;09/10/2014
2014054672;5;2;3;1;1;750;11/10/2014
2014054673;3;2;3;1;2;750;11/10/2014
2014054674;1;2;2;1;3;750;13/10/2014
2014054675;2;2;7;1;2;750;13/10/2014
2014054676;1;2;2;1;6;750;14/10/2014
2014054677;1;2;1;1;6;750;14/10/2014
2014054678;1;2;3;2;2;750;15/10/2014
2014054679;1;2;3;2;6;750;15/10/2014
2014054680;1;2;1;2;3;750;15/10/2014
2014054681;1;2;3;1;6;750;17/10/2014
2014054682;2;2;4;1;3;750;17/10/2014
2014054683;5;2;5;1;6;750;18/10/2014
2014054684;1;2;2;1;3;750;20/10/2014
2014054685;5;2;1;1;6;750;22/10/2014
2014054686;1;2;5;1;3;750;22/10/2014
2014054687;1;2;7;1;6;750;22/10/2014
2014054688;5;2;2;1;3;750;23/10/2014
2014054689;2;2;2;1;6;750;24/10/2014
2014054690;5;2;5;1;3;750;29/10/2014
2014054691;1;2;2;1;3;750;30/10/2014
2014054692;1;2;2;1;6;750;30/10/2014
2014054693;1;2;3;1;6;750;31/10/2014
2014054694;1;2;1;1;3;750;31/10/2014
2014054695;1;2;3;1;6;750;31/10/2014
2014054696;1;2;1;1;3;750;01/11/2014
2014054697;5;2;2;2;3;750;02/11/2014
2014054698;5;2;1;2;6;750;03/11/2014
2014054699;5;2;3;3;6;750;03/11/2014
2014054700;1;2;1;1;6;750;04/11/2014
2014054701;1;2;2;1;2;750;04/11/2014
2014054702;1;2;3;1;3;750;05/11/2014
2014054703;1;2;3;1;6;750;05/11/2014
2014054704;1;2;1;1;4;750;06/11/2014
2014054705;1;2;3;1;3;750;07/11/2014
2014054706;5;2;1;1;6;750;12/11/2014
2014054707;1;2;7;1;2;750;13/11/2014
2014054708;1;2;1;8;3;750;14/11/2014
2014054709;1;2;1;8;2;750;15/11/2014
2014054710;2;2;3;1;6;750;15/11/2014
2014054711;5;2;2;1;6;750;16/11/2014
2014054712;1;2;1;3;6;750;16/11/2014
2014054713;1;2;2;1;2;750;17/11/2014
2014054714;5;2;2;2;7;750;18/11/2014
2014054715;1;2;5;1;3;750;22/11/2014
2014054716;1;2;3;2;2;750;24/11/2014
2014054717;5;2;3;1;2;750;25/11/2014
2014054718;5;2;2;2;2;750;26/11/2014
2014054719;5;2;5;1;6;750;26/11/2014
2014054720;1;2;3;1;5;750;27/11/2014
2014054721;5;2;2;1;6;750;29/11/2014
2014054722;5;2;3;2;6;750;01/12/2014
2014054723;5;2;1;1;6;750;02/12/2014
2014054724;5;2;1;1;6;750;02/12/2014
2014054725;5;2;1;2;7;750;03/12/2014
2014054726;5;2;1;1;6;750;03/12/2014
2014054727;5;2;3;2;6;750;05/12/2014
2014054728;5;2;7;1;6;750;07/12/2014
2014054729;1;2;2;2;6;750;08/12/2014
2014054730;5;2;3;1;6;750;10/12/2014
2014054731;5;2;5;2;3;750;13/12/2014
2014054732;5;2;1;1;6;750;13/12/2014
2014054733;5;2;3;2;3;750;15/12/2014
2014054734;1;2;2;1;2;750;18/12/2014
2014054735;5;2;5;1;6;750;19/12/2014
2014054736;5;2;3;1;6;750;19/12/2014
2014054737;3;2;1;1;6;750;20/12/2014
2014054738;5;2;2;1;6;750;20/12/2014
2014054739;1;2;2;1;3;750;21/12/2014
2014054740;1;2;5;2;6;750;27/12/2014
2014054741;5;2;5;1;6;750;27/12/2014
2014054742;5;2;3;1;6;750;28/12/2014
2014054743;5;2;2;1;6;750;01/01/2014
2014054744;5;2;3;2;6;750;04/01/2014
2014054745;5;2;3;1;3;750;09/01/2014
2014054746;5;2;7;1;6;750;09/01/2014
2014054747;1;2;5;1;7;750;11/01/2014
2014054748;1;2;5;1;6;750;13/01/2014
2014054749;1;2;5;1;6;750;13/01/2014
2014054750;2;2;1;1;6;750;14/01/2014
2014054751;5;2;2;1;3;750;18/01/2014
2014054752;1;2;1;1;7;750;20/01/2014
2014054753;5;2;1;1;2;750;20/01/2014
2014054754;5;2;3;1;6;750;21/01/2014
2014054755;5;2;5;2;6;750;22/01/2014
2014054756;5;2;7;2;6;750;22/01/2014
2014054757;5;2;2;1;6;750;24/01/2014
2014054758;1;2;1;1;6;750;24/01/2014
2014054759;5;2;1;1;6;750;24/01/2014
2014054760;5;2;5;2;6;750;28/01/2014
2014054761;5;2;1;2;6;750;29/01/2014
2014054762;1;2;1;1;1;750;30/01/2014
2014054763;1;2;2;1;6;750;31/01/2014
2014054764;5;2;1;1;6;750;01/02/2014
2014054765;5;2;7;1;2;750;01/02/2014
2014054766;5;2;3;1;7;750;02/02/2014
2014054767;1;2;1;1;6;750;03/02/2014
2014054768;1;2;2;1;6;750;03/02/2014
2014054769;5;2;1;1;3;750;03/02/2014
2014054770;1;2;4;1;6;750;04/02/2014
2014054771;1;2;2;1;3;750;05/02/2014
2014054772;5;2;2;1;2;750;05/02/2014
2014054773;1;2;1;1;7;750;06/02/2014
2014054774;1;2;2;1;6;750;10/02/2014
2014054775;1;2;1;2;7;750;13/02/2014
2014054776;1;2;3;2;6;750;13/02/2014
2014054777;1;2;7;2;2;750;13/02/2014
2014054778;1;2;2;1;6;750;13/02/2014
2014054779;5;2;1;1;6;750;13/02/2014
2014054780;1;2;2;1;3;750;15/02/2014
2014054781;5;2;5;2;3;750;20/02/2014
2014054782;1;2;2;1;3;750;24/02/2014
2014054783;5;2;2;1;7;750;24/02/2014
2014054784;1;2;2;2;3;750;25/02/2014
2014054785;1;2;2;1;3;750;25/02/2014
2014054786;1;2;2;2;7;750;25/02/2014
2014054787;1;2;2;1;6;750;26/02/2014
2014054788;1;2;1;2;7;750;28/02/2014
2014054789;1;2;3;2;7;750;28/02/2014
2014054790;5;2;3;8;6;750;03/03/2014
2014054791;5;2;1;2;2;750;03/03/2014
2014054792;1;2;4;1;6;750;05/03/2014
2014054793;1;2;3;1;3;750;07/03/2014
2014054794;2;2;5;1;3;750;08/03/2014
2014054795;5;2;5;1;5;750;08/03/2014
2014054796;1;2;1;1;6;750;11/03/2014
2014054797;1;2;2;1;6;750;14/03/2014
2014054798;1;2;3;8;3;750;17/03/2014
2014054799;1;2;2;8;6;750;18/03/2014
2014054800;1;2;2;1;3;750;18/03/2014
2014054801;1;2;3;1;7;750;18/03/2014
2014054802;1;2;7;1;6;750;21/03/2014
2014054803;2;2;2;1;6;750;21/03/2014
2014054804;1;2;3;2;6;750;22/03/2014
2014054805;5;2;1;2;6;750;25/03/2014
2014054806;1;2;2;1;6;750;26/03/2014
2014054807;1;2;3;1;3;750;27/03/2014
2014054808;1;2;1;1;2;750;27/03/2014
2014054809;1;2;1;1;2;750;30/03/2014
2014054810;5;2;1;1;6;750;31/03/2014
2014054811;1;2;7;1;6;750;01/04/2014
2014054812;1;2;1;1;7;750;07/04/2014
2014054813;1;2;3;1;6;750;07/04/2014
2014054814;1;2;1;2;7;750;07/04/2014
2014054815;1;2;5;1;6;750;08/04/2014
2014054816;5;2;2;1;3;750;08/04/2014
2014054817;1;2;3;1;3;750;09/04/2014
2014054818;5;2;5;1;3;750;10/04/2014
2014054819;1;2;1;1;3;750;11/04/2014
2014054820;5;2;1;1;7;750;14/04/2014
2014054821;1;2;1;1;3;750;16/04/2014
2014054822;5;2;2;1;6;750;19/04/2014
2014054823;1;2;4;1;3;750;23/04/2014
2014054824;1;2;1;1;6;750;23/04/2014
2014054825;1;2;5;1;6;750;23/04/2014
2014054826;5;2;5;1;3;750;24/04/2014
2014054827;2;2;4;1;7;750;25/04/2014
2014054828;1;2;2;1;2;750;26/04/2014
2014054829;1;2;2;2;6;750;26/04/2014
2014054830;1;2;1;1;6;750;28/04/2014
2014054831;1;2;3;1;6;750;28/04/2014
2014054832;1;2;1;2;6;750;29/04/2014
2014054833;1;2;7;1;3;750;04/05/2014
2014054834;1;2;2;2;6;750;07/05/2014
2014054835;5;2;2;1;6;750;08/05/2014
2014054836;1;2;3;1;3;750;09/05/2014
2014054837;1;2;1;3;7;750;10/05/2014
2014054838;1;2;1;2;3;750;11/05/2014
2014054839;1;2;1;1;6;750;15/05/2014
2014054840;1;2;1;1;6;750;16/05/2014
2014054841;1;2;2;1;3;750;17/05/2014
2014054842;1;2;7;1;3;750;17/05/2014
2014054843;1;2;1;1;2;750;19/05/2014
2014054844;1;2;2;1;2;750;19/05/2014
2014054845;1;2;1;1;7;750;19/05/2014
2014054846;1;2;5;1;3;750;20/05/2014
2014054847;1;2;1;8;6;750;20/05/2014
2014054848;1;2;2;2;3;750;20/05/2014
2014054849;1;2;1;2;7;750;21/05/2014
2014054850;1;2;5;8;6;750;21/05/2014
2014054851;5;2;1;3;6;750;21/05/2014
2014054852;1;2;1;2;2;750;24/05/2014
2014054853;1;2;2;8;7;750;24/05/2014
2014054854;1;2;1;8;6;750;26/05/2014
2014054855;1;2;1;1;6;750;29/05/2014
2014054856;1;2;7;3;3;750;04/06/2014
2014054857;1;2;3;2;3;750;04/06/2014
2014054858;1;2;1;1;3;750;04/06/2014
2014054859;2;2;1;1;2;750;05/06/2014
2014054860;1;2;2;1;6;750;06/06/2014
2014054861;1;2;2;1;4;750;09/06/2014
2014054862;1;2;3;1;6;750;10/06/2014
2014054863;3;2;7;1;3;750;10/06/2014
2014054864;1;2;2;1;3;750;11/06/2014
2014054865;1;2;2;1;6;750;11/06/2014
2014054866;1;2;1;1;2;750;11/06/2014
2014054867;1;2;2;1;6;750;13/06/2014
2014054868;1;2;1;1;6;750;13/06/2014
2014054869;1;2;1;1;3;750;14/06/2014
2014054870;1;2;5;1;7;750;14/06/2014
2014054871;1;2;2;1;7;750;15/06/2014
2014054872;1;2;1;1;6;750;16/06/2014
2014054873;1;2;3;1;6;750;16/06/2014
2014054874;5;2;2;1;6;750;17/06/2014
2014054875;1;2;7;1;6;750;19/06/2014
2014054876;5;2;1;1;7;750;20/06/2014
2014054877;1;2;1;1;6;750;24/06/2014
2014054878;1;2;2;1;3;750;25/06/2014
2014054879;1;2;2;1;6;750;25/06/2014
2014054880;1;2;3;1;6;750;26/06/2014
2014054881;2;2;3;2;2;750;26/06/2014
2014054882;1;2;1;1;6;750;27/06/2014
2014054883;1;2;1;1;6;750;27/06/2014
2014054884;1;2;1;1;2;750;27/06/2014
2014054885;1;2;1;1;2;750;30/06/2014
2014054886;1;2;3;1;3;750;30/06/2014
2014054887;1;2;3;1;1;750;30/06/2014
2014054888;1;2;5;1;6;750;01/07/2014
2014054889;1;2;1;1;6;750;03/07/2014
2014054890;1;2;2;1;6;750;03/07/2014
2014054891;1;2;1;1;7;750;03/07/2014
2014054892;1;2;1;1;7;750;04/07/2014
2014054893;1;2;1;1;3;750;05/07/2014
2014054894;5;2;3;1;7;750;06/07/2014
2014054895;1;2;3;1;2;750;07/07/2014
2014054896;1;2;7;2;3;750;08/07/2014
2014054897;1;2;2;8;6;750;10/07/2014
2014054898;1;2;3;1;6;750;12/07/2014
2014054899;1;2;5;1;3;750;17/07/2014
2014054900;1;2;7;1;7;750;18/07/2014
2014054901;1;2;7;1;6;750;22/07/2014
2014054902;1;2;2;1;3;750;23/07/2014
2014054903;5;2;1;1;7;750;25/07/2014
2014054904;1;2;1;1;2;750;29/07/2014
2014054905;1;2;1;2;7;750;29/07/2014
2014054906;1;2;5;1;3;750;01/08/2014
2014054907;1;2;5;1;3;750;01/08/2014
2014054908;1;2;4;1;6;750;02/08/2014
2014054909;1;2;7;2;6;750;06/08/2014
2014054910;5;2;3;1;6;750;07/08/2014
2014054911;5;2;1;2;6;750;07/08/2014
2014054912;1;2;2;1;6;750;07/08/2014
2014054913;1;2;2;1;3;750;14/08/2014
2014054914;1;2;3;1;2;750;16/08/2014
2014054915;1;2;3;1;1;750;21/08/2014
2014054916;1;2;2;1;6;750;22/08/2014
2014054917;2;2;1;1;6;750;23/08/2014
2014054918;1;2;1;2;6;750;25/08/2014
2014054919;1;2;3;8;6;750;28/08/2014
2014054920;1;2;5;1;3;750;29/08/2014
2014054921;1;2;2;1;6;750;29/08/2014
2014054922;5;2;1;1;6;750;30/08/2014
2014054923;5;2;1;1;1;750;31/08/2014
2014054924;1;2;5;1;3;750;02/09/2014
2014054925;1;2;3;1;6;750;03/09/2014
2014054926;2;2;1;1;3;750;03/09/2014
2014054927;1;2;3;8;6;750;04/09/2014
2014054928;5;2;2;1;6;750;05/09/2014
2014054929;5;2;5;1;3;750;06/09/2014
2014054930;5;2;3;1;5;750;07/09/2014
2014054931;5;2;1;1;3;750;08/09/2014
2014054932;1;2;2;1;2;750;09/09/2014
2014054933;1;2;2;1;3;750;12/09/2014
2014054934;1;2;1;1;2;750;09/09/2014
2014054935;1;2;4;1;6;750;13/09/2014
2014054936;5;2;1;1;6;750;14/09/2014
2014054937;1;2;1;1;7;750;14/09/2014
2014054938;1;2;1;1;6;750;16/09/2014
2014054939;1;2;2;1;6;750;18/09/2014
2014054940;1;2;2;1;6;750;23/09/2014
2014054941;1;2;2;1;2;750;24/09/2014
2014054942;1;2;1;1;6;750;24/09/2014
2014054943;1;2;1;1;2;750;24/09/2014
2014054944;1;2;1;1;6;750;25/09/2014
2014054945;1;2;5;1;2;750;25/09/2014
2014054946;1;2;2;1;6;750;26/09/2014
2014054947;1;2;7;1;3;750;02/10/2014
2014054948;1;2;7;1;3;750;03/10/2014
2014054949;5;2;4;3;7;750;06/10/2014
2014054950;5;2;2;2;6;750;07/10/2014
2014054951;5;2;2;1;2;750;07/10/2014
2014054952;1;2;1;3;6;750;08/10/2014
2014054953;5;2;2;1;2;750;10/10/2014
2014054954;5;2;2;1;7;750;12/10/2014
2014054955;1;2;1;1;2;750;12/10/2014
2014054956;1;2;1;2;2;750;15/10/2014
2014054957;5;2;1;2;3;750;16/10/2014
2014054958;5;2;1;2;6;750;17/10/2014
2014054959;5;2;1;1;1;750;19/10/2014
2014054960;3;2;3;1;3;750;19/10/2014
2014054961;5;2;1;1;7;750;21/10/2014
2014054962;5;2;3;1;6;750;22/10/2014
2014054963;1;2;2;1;5;750;23/10/2014
2014054964;5;2;2;1;2;750;24/10/2014
2014054965;1;2;2;1;6;750;27/10/2014
2014054966;2;2;4;1;2;750;28/10/2014
2014054967;5;2;3;1;6;750;29/10/2014
2014054968;5;2;4;1;6;750;30/10/2014
2014054969;5;2;2;1;6;750;01/11/2014
2014054970;1;2;5;2;3;750;03/11/2014
2014054971;1;2;7;8;3;750;04/11/2014
2014054972;1;2;1;1;2;750;04/11/2014
2014054973;1;2;1;1;1;750;05/11/2014
2014054974;2;2;3;1;3;750;05/11/2014
2014054975;5;2;3;1;3;750;08/11/2014
2014054976;1;2;3;1;4;750;10/11/2014
2014054977;5;2;3;1;3;750;11/11/2014
2014054978;1;2;1;2;7;750;15/11/2014
2014054979;5;2;3;2;6;750;16/11/2014
2014054980;1;2;5;1;2;750;17/11/2014
2014054981;1;2;1;1;3;750;17/11/2014
2014054982;1;2;1;2;7;750;18/11/2014
2014054983;2;2;2;1;1;750;19/11/2014
2014054984;1;2;5;1;3;750;20/11/2014
2014054985;5;2;1;1;6;750;21/11/2014
2014054986;1;2;3;2;6;750;24/11/2014
2014054987;1;2;1;2;1;750;24/11/2014
2014054988;5;2;2;1;2;750;24/11/2014
2014054989;2;2;1;1;6;750;25/11/2014
2014054990;5;2;1;1;7;750;26/11/2014
2014054991;5;2;3;1;6;750;29/11/2014
2014054992;1;2;2;1;2;750;30/11/2014
2014054993;5;2;2;1;6;750;30/11/2014
2014054994;1;2;4;2;7;750;02/12/2014
2014054995;5;2;3;1;6;750;02/12/2014
2014054996;5;2;3;2;6;750;02/12/2014
2014054997;4;2;1;1;3;750;04/12/2014
2014054998;2;2;7;1;7;750;07/12/2014
2014054999;1;2;1;1;6;750;08/12/2014
2014055000;5;2;5;9;2;750;08/12/2014
2014055001;1;2;3;1;3;750;09/12/2014
2014055002;1;2;3;1;6;750;09/12/2014
2014055003;1;2;1;1;3;750;09/12/2014
2014055004;5;2;1;1;3;750;09/12/2014
2014055005;5;2;4;1;7;750;09/12/2014
2014055006;1;2;5;2;3;750;10/12/2014
2014055007;2;2;3;2;6;750;10/12/2014
2014055008;5;2;2;1;6;750;11/12/2014
2014055009;1;2;1;3;6;750;12/12/2014
2014055010;5;2;2;2;3;750;12/12/2014
2014055011;5;2;1;1;3;750;14/12/2014
2014055012;1;2;2;2;6;750;15/12/2014
2014055013;5;2;4;2;6;750;15/12/2014
2014055014;1;2;2;2;1;750;17/12/2014
2014055015;5;2;3;3;6;750;17/12/2014
2014055016;5;2;7;1;2;750;18/12/2014
2014055017;5;2;1;1;4;750;18/12/2014
2014055018;5;2;5;2;6;750;19/12/2014
2014055019;1;2;3;1;6;750;20/12/2014
2014055020;5;2;7;1;7;750;21/12/2014
2014055021;5;2;1;1;2;750;21/12/2014
2014055022;5;2;5;1;6;750;04/01/2014
2014055023;1;2;2;1;6;750;04/01/2014
2014055024;5;2;2;1;3;750;04/01/2014
2014055025;1;2;2;1;3;750;06/01/2014
2014055026;5;2;1;2;3;750;06/01/2014
2014055027;1;2;1;8;3;750;07/01/2014
2014055028;5;2;2;1;3;750;09/01/2014
2014055029;1;2;3;1;3;750;10/01/2014
2014055030;1;2;2;1;3;750;11/01/2014
2014055031;1;2;2;8;3;750;11/01/2014
2014055032;1;2;3;7;6;750;13/01/2014
2014055033;1;2;3;2;6;750;15/01/2014
2014055034;1;2;1;2;3;750;15/01/2014
2014055035;5;2;3;2;7;750;15/01/2014
2014055036;3;2;1;2;6;750;15/01/2014
2014055037;1;2;7;1;3;750;16/01/2014
2014055038;1;2;3;1;6;750;17/01/2014
2014055039;5;2;1;1;1;750;18/01/2014
2014055040;1;2;3;2;3;750;22/01/2014
2014055041;1;2;1;1;3;750;24/01/2014
2014055042;1;2;7;1;6;750;27/01/2014
2014055043;1;2;2;1;6;750;27/01/2014
2014055044;1;2;1;2;7;750;27/01/2014
2014055045;5;2;2;1;2;750;27/01/2014
2014055046;5;2;2;1;7;750;27/01/2014
2014055047;5;2;2;2;6;750;28/01/2014
2014055048;5;2;3;1;6;750;29/01/2014
2014055049;2;2;5;5;3;750;31/01/2014
2014055050;5;2;5;2;6;750;01/02/2014
2014055051;1;2;3;1;6;750;01/02/2014
2014055052;1;2;2;1;6;750;01/02/2014
2014055053;5;2;7;1;2;750;02/02/2014
2014055054;1;2;2;1;7;750;02/02/2014
2014055055;5;2;2;1;6;750;05/02/2014
2014055056;1;2;3;1;2;750;07/02/2014
2014055057;1;2;2;1;6;750;07/02/2014
2014055058;5;2;3;2;6;750;08/02/2014
2014055059;5;2;2;1;6;750;09/02/2014
2014055060;5;2;1;1;6;750;09/02/2014
2014055061;1;2;1;1;3;750;11/02/2014
2014055062;5;2;1;2;2;750;11/02/2014
2014055063;5;2;5;3;2;750;13/02/2014
2014055064;5;2;2;1;6;750;14/02/2014
2014055065;1;2;2;1;6;750;15/02/2014
2014055066;5;2;2;2;6;750;15/02/2014
2014055067;5;2;2;1;6;750;15/02/2014
2014055068;1;2;2;1;6;750;16/02/2014
2014055069;5;2;2;1;1;750;17/02/2014
2014055070;1;2;3;1;6;750;18/02/2014
2014055071;1;2;2;2;7;750;20/02/2014
2014055072;1;2;2;1;6;750;23/02/2014
2014055073;1;2;4;1;6;750;25/02/2014
2014055074;5;2;3;1;7;750;26/02/2014
2014055075;5;2;2;1;6;750;26/02/2014
2014055076;1;2;2;3;6;750;27/02/2014
2014055077;1;2;1;3;3;750;27/02/2014
2014055078;1;2;1;2;6;750;27/02/2014
2014055079;5;2;2;2;6;750;27/02/2014
2014055080;5;2;2;1;3;750;28/02/2014
2014055081;1;2;2;2;6;750;28/02/2014
2014055082;5;2;5;2;4;750;01/03/2014
2014055083;1;2;7;1;3;750;01/03/2014
2014055084;1;2;2;2;3;750;02/03/2014
2014055085;1;2;2;1;3;750;04/03/2014
2014055086;1;2;2;1;6;750;06/03/2014
2014055087;5;2;7;1;6;750;08/03/2014
2014055088;1;2;2;1;3;750;10/03/2014
2014055089;2;2;1;1;6;750;11/03/2014
2014055090;1;2;2;1;6;750;11/03/2014
2014055091;1;2;1;1;3;750;11/03/2014
2014055092;5;2;1;1;6;750;11/03/2014
2014055093;5;2;7;1;7;750;11/03/2014
2014055094;5;2;2;1;6;750;12/03/2014
2014055095;1;2;7;1;6;750;13/03/2014
2014055096;1;2;1;1;6;750;13/03/2014
2014055097;1;2;1;1;3;750;13/03/2014
2014055098;1;2;3;1;6;750;13/03/2014
2014055099;1;2;2;1;6;750;15/03/2014
2014055100;1;2;2;1;6;750;16/03/2014
2014055101;1;2;2;1;7;750;19/03/2014
2014055102;1;2;4;1;6;750;20/03/2014
2014055103;1;2;5;1;3;750;20/03/2014
2014055104;1;2;5;1;6;750;20/03/2014
2014055105;5;2;3;1;2;750;23/03/2014
2014055106;1;2;5;1;6;750;24/03/2014
2014055107;1;2;2;2;3;750;25/03/2014
2014055108;1;2;2;8;6;750;25/03/2014
2014055109;1;2;5;1;3;750;26/03/2014
2014055110;1;2;1;1;2;750;26/03/2014
2014055111;1;2;2;1;3;750;26/03/2014
2014055112;1;2;2;1;3;750;26/03/2014
2014055113;1;2;3;1;6;750;01/04/2014
2014055114;1;2;1;1;6;750;02/04/2014
2014055115;1;2;3;1;3;750;02/04/2014
2014055116;1;2;5;1;6;750;03/04/2014
2014055117;5;2;2;1;3;750;07/04/2014
2014055118;1;2;5;1;7;750;07/04/2014
2014055119;1;2;3;1;6;750;07/04/2014
2014055120;1;2;3;1;6;750;08/04/2014
2014055121;1;2;1;1;6;750;08/04/2014
2014055122;1;2;7;1;7;750;09/04/2014
2014055123;1;2;2;1;6;750;09/04/2014
2014055124;5;2;2;1;3;750;09/04/2014
2014055125;1;2;4;1;7;750;10/04/2014
2014055126;5;2;7;1;3;750;11/04/2014
2014055127;1;2;2;8;6;750;13/04/2014
2014055128;1;2;5;1;3;750;14/04/2014
2014055129;5;2;1;1;6;750;16/04/2014
2014055130;1;2;1;1;6;750;17/04/2014
2014055131;5;2;1;1;2;750;19/04/2014
2014055132;1;2;2;3;2;750;22/04/2014
2014055133;1;2;3;2;2;750;25/04/2014
2014055134;2;2;1;1;7;750;26/04/2014
2014055135;1;2;4;8;7;750;26/04/2014
2014055136;1;2;2;8;7;750;27/04/2014
2014055137;5;2;2;1;2;750;27/04/2014
2014055138;1;2;1;1;6;750;28/04/2014
2014055139;1;2;3;1;2;750;29/04/2014
2014055140;1;2;4;2;2;750;29/04/2014
2014055141;1;2;3;2;6;750;29/04/2014
2014055142;2;2;1;2;7;750;29/04/2014
2014055143;1;2;2;1;2;750;30/04/2014
2014055144;1;2;2;1;3;750;01/05/2014
2014055145;2;2;1;2;3;750;01/05/2014
2014055146;1;2;3;1;6;750;05/05/2014
2014055147;5;2;2;1;7;750;05/05/2014
2014055148;1;2;7;8;6;750;07/05/2014
2014055149;2;2;1;1;6;750;07/05/2014
2014055150;1;2;3;1;6;750;10/05/2014
2014055151;1;2;1;2;3;750;10/05/2014
2014055152;1;2;1;2;6;750;10/05/2014
2014055153;1;2;5;1;6;750;11/05/2014
2014055154;1;2;2;1;3;750;12/05/2014
2014055155;1;2;2;1;3;750;13/05/2014
2014055156;2;2;1;1;3;750;13/05/2014
2014055157;1;2;1;1;2;750;15/05/2014
2014055158;1;2;1;1;6;750;16/05/2014
2014055159;2;2;1;1;1;750;16/05/2014
2014055160;1;2;1;1;6;750;17/05/2014
2014055161;2;2;1;2;6;750;20/05/2014
2014055162;1;2;3;2;4;750;21/05/2014
2014055163;1;2;2;2;6;750;22/05/2014
2014055164;1;2;1;1;2;750;23/05/2014
2014055165;1;2;3;1;2;750;24/05/2014
2014055166;2;2;3;2;6;750;28/05/2014
2014055167;1;2;1;1;1;750;01/06/2014
2014055168;1;2;3;1;6;750;02/06/2014
2014055169;1;2;1;2;6;750;04/06/2014
2014055170;1;2;4;2;3;750;04/06/2014
2014055171;1;2;1;1;6;750;06/06/2014
2014055172;5;2;4;1;6;750;06/06/2014
2014055173;1;2;1;8;3;750;07/06/2014
2014055174;1;2;1;1;3;750;10/06/2014
2014055175;1;2;7;2;6;750;10/06/2014
2014055176;2;2;3;1;3;750;10/06/2014
2014055177;5;2;2;1;3;750;10/06/2014
2014055178;1;2;2;1;3;750;11/06/2014
2014055179;1;2;1;1;6;750;11/06/2014
2014055180;1;2;2;1;5;750;12/06/2014
2014055181;1;2;1;1;3;750;16/06/2014
2014055182;1;2;3;1;2;750;17/06/2014
2014055183;1;2;5;1;6;750;18/06/2014
2014055184;1;2;2;1;6;750;18/06/2014
2014055185;1;2;1;1;6;750;18/06/2014
2014055186;1;2;3;1;6;750;18/06/2014
2014055187;1;2;2;1;6;750;19/06/2014
2014055188;5;2;7;1;6;750;19/06/2014
2014055189;1;2;1;1;3;750;20/06/2014
2014055190;1;2;2;1;3;750;20/06/2014
2014055191;1;2;5;1;2;750;20/06/2014
2014055192;1;2;1;1;3;750;21/06/2014
2014055193;1;2;3;1;6;750;23/06/2014
2014055194;1;2;2;1;7;750;23/06/2014
2014055195;1;2;1;1;2;750;24/06/2014
2014055196;2;2;2;1;6;750;25/06/2014
2014055197;1;2;1;1;6;750;27/06/2014
2014055198;1;2;1;1;7;750;27/06/2014
2014055199;5;2;2;3;7;750;28/06/2014
2014055200;5;2;2;2;1;750;29/06/2014
2014055201;1;2;1;1;6;750;01/07/2014
2014055202;1;2;2;1;3;750;02/07/2014
2014055203;1;2;1;1;6;750;02/07/2014
2014055204;5;2;1;1;6;750;04/07/2014
2014055205;1;2;2;1;6;750;05/07/2014
2014055206;1;2;1;1;2;750;07/07/2014
2014055207;1;2;1;3;6;750;08/07/2014
2014055208;1;2;2;1;2;750;09/07/2014
2014055209;1;2;2;1;6;750;09/07/2014
2014055210;5;2;1;8;6;750;13/07/2014
2014055211;2;2;2;1;3;750;15/07/2014
2014055212;1;2;2;1;6;750;15/07/2014