num_acc;lum;agg;inter;atm;col;dep;date
2014055213;1;2;5;1;2;750;20/07/2014
2014055214;1;2;4;8;3;750;21/07/2014
2014055215;1;2;1;1;6;750;22/07/2014
2014055216;2;2;1;1;6;750;22/07/2014
2014055217;2;2;3;1;2;750;25/07/2014
2014055218;1;2;2;1;6;750;28/07/2014
2014055219;5;2;1;1;3;750;03/08/2014
2014055220;1;2;1;1;7;750;05/08/2014
2014055221;1;2;7;1;3;750;07/08/2014
2014055222;1;2;1;2;2;750;08/08/2014
2014055223;1;2;1;1;3;750;09/08/2014
2014055224;1;2;3;1;6;750;11/08/2014
2014055225;1;2;1;1;3;750;11/08/2014
2014055226;1;2;7;1;3;750;14/08/2014
2014055227;1;2;4;1;6;750;14/08/2014
2014055228;1;2;2;1;3;750;19/08/2014
2014055229;1;2;1;1;2;750;22/08/2014
2014055230;1;2;1;1;2;750;22/08/2014
2014055231;1;2;1;1;2;750;23/08/2014
2014055232;1;2;2;1;3;750;23/08/2014
2014055233;5;2;2;1;6;750;24/08/2014
2014055234;5;2;2;1;3;750;24/08/2014
2014055235;1;2;2;2;2;750;25/08/2014
2014055236;1;2;1;2;2;750;26/08/2014
2014055237;1;2;1;1;6;750;28/08/2014
2014055238;1;2;7;1;6;750;03/09/2014
2014055239;1;2;2;1;6;750;05/09/2014
2014055240;5;2;2;1;6;750;06/09/2014
2014055241;1;2;1;1;6;750;06/09/2014
2014055242;5;2;5;1;6;750;07/09/2014
2014055243;1;2;1;1;3;750;08/09/2014
2014055244;1;2;3;1;6;750;08/09/2014
2014055245;1;2;2;1;7;750;08/09/2014
2014055246;1;2;7;1;3;750;09/09/2014
2014055247;1;2;1;1;6;750;09/09/2014
2014055248;5;2;3;1;6;750;09/09/2014
2014055249;1;2;3;1;6;750;12/09/2014
2014055250;1;2;2;1;6;750;12/09/2014
2014055251;5;2;2;1;7;750;14/09/2014
2014055252;1;2;3;1;6;750;17/09/2014
2014055253;5;2;1;1;3;750;17/09/2014
2014055254;5;2;4;1;6;750;18/09/2014
2014055255;5;2;1;1;6;750;18/09/2014
2014055256;1;2;3;2;1;750;18/09/2014
2014055257;1;2;1;1;2;750;20/09/2014
2014055258;1;2;2;1;3;750;21/09/2014
2014055259;5;2;2;2;3;750;21/09/2014
2014055260;1;2;2;1;6;750;22/09/2014
2014055261;2;2;2;1;3;750;22/09/2014
2014055262;5;2;2;1;3;750;24/09/2014
2014055263;1;2;2;1;6;750;24/09/2014
2014055264;1;2;1;1;6;750;24/09/2014
2014055265;1;2;1;1;2;750;24/09/2014
2014055266;5;2;1;1;7;750;24/09/2014
2014055267;1;2;1;1;2;750;25/09/2014
2014055268;5;2;2;1;1;750;28/09/2014
2014055269;1;2;3;2;2;750;29/09/2014
2014055270;1;2;2;1;6;750;29/09/2014
2014055271;1;2;1;1;3;750;29/09/2014
2014055272;1;2;1;1;2;750;30/09/2014
2014055273;5;2;2;1;1;750;30/09/2014
2014055274;1;2;3;1;6;750;01/10/2014
2014055275;1;2;1;1;4;750;01/10/2014
2014055276;1;2;1;1;6;750;01/10/2014
2014055277;3;2;1;1;3;750;01/10/2014
2014055278;1;2;1;1;2;750;02/10/2014
2014055279;1;2;1;1;3;750;02/10/2014
2014055280;1;2;1;1;6;750;02/10/2014
2014055281;1;2;7;1;3;750;03/10/2014
2014055282;1;2;3;1;3;750;05/10/2014
2014055283;1;2;1;1;6;750;07/10/2014
2014055284;1;2;2;2;6;750;08/10/2014
2014055285;1;2;2;3;7;750;08/10/2014
2014055286;5;2;3;2;5;750;09/10/2014
2014055287;1;2;1;2;7;750;11/10/2014
2014055288;1;2;4;1;7;750;11/10/2014
2014055289;1;2;3;1;3;750;09/10/2014
2014055290;1;2;2;1;6;750;13/10/2014
2014055291;1;2;7;2;6;750;15/10/2014
2014055292;1;2;2;8;6;750;15/10/2014
2014055293;5;2;3;2;6;750;16/10/2014
2014055294;5;2;1;2;6;750;16/10/2014
2014055295;1;2;4;1;3;750;18/10/2014
2014055296;1;2;3;1;6;750;18/10/2014
2014055297;1;2;4;1;6;750;20/10/2014
2014055298;1;2;1;1;3;750;22/10/2014
2014055299;1;2;3;1;2;750;22/10/2014
2014055300;5;2;7;1;4;750;23/10/2014
2014055301;1;2;1;2;6;750;25/10/2014
2014055302;5;2;5;8;3;750;26/10/2014
2014055303;1;2;3;1;6;750;27/10/2014
2014055304;1;2;5;1;3;750;27/10/2014
2014055305;1;2;2;1;6;750;27/10/2014
2014055306;2;2;7;1;2;750;27/10/2014
2014055307;3;2;3;1;3;750;28/10/2014
2014055308;1;2;7;1;6;750;29/10/2014
2014055309;5;2;1;1;3;750;29/10/2014
2014055310;5;2;2;1;3;750;30/10/2014
2014055311;2;2;1;1;3;750;31/10/2014
2014055312;5;2;2;2;2;750;02/11/2014
2014055313;1;2;5;1;6;750;03/11/2014
2014055314;5;2;3;3;3;750;03/11/2014
2014055315;5;2;5;3;6;750;03/11/2014
2014055316;5;2;2;2;3;750;03/11/2014
2014055317;1;2;7;1;3;750;05/11/2014
2014055318;1;2;3;2;6;750;07/11/2014
2014055319;5;2;2;1;6;750;08/11/2014
2014055320;5;2;1;1;3;750;09/11/2014
2014055321;5;2;1;1;6;750;09/11/2014
2014055322;3;2;1;1;6;750;12/11/2014
2014055323;1;2;1;2;7;750;14/11/2014
2014055324;1;2;1;1;6;750;15/11/2014
2014055325;5;2;2;2;6;750;16/11/2014
2014055326;1;2;5;2;3;750;17/11/2014
2014055327;3;2;1;2;6;750;17/11/2014
2014055328;1;2;4;2;3;750;18/11/2014
2014055329;5;2;1;2;3;750;18/11/2014
2014055330;5;2;1;2;2;750;18/11/2014
2014055331;5;2;1;1;7;750;20/11/2014
2014055332;1;2;1;1;7;750;20/11/2014
2014055333;1;2;2;1;3;750;20/11/2014
2014055334;5;2;1;1;3;750;20/11/2014
2014055335;1;2;1;1;7;750;24/11/2014
2014055336;5;2;1;2;7;750;26/11/2014
2014055337;5;2;1;2;2;750;26/11/2014
2014055338;1;2;2;1;6;750;29/11/2014
2014055339;5;2;2;2;3;750;30/11/2014
2014055340;5;2;2;2;6;750;30/11/2014
2014055341;5;2;2;2;6;750;30/11/2014
2014055342;5;2;5;1;3;750;02/12/2014
2014055343;1;2;4;1;6;750;06/12/2014
2014055344;5;2;5;1;6;750;06/12/2014
2014055345;5;2;5;1;3;750;06/12/2014
2014055346;1;2;5;8;6;750;08/12/2014
2014055347;1;2;5;1;6;750;08/12/2014
2014055348;1;2;2;2;3;750;08/12/2014
2014055349;1;2;7;8;1;750;10/12/2014
2014055350;1;2;1;2;6;750;10/12/2014
2014055351;5;2;7;2;6;750;10/12/2014
2014055352;5;2;1;1;3;750;10/12/2014
2014055353;5;2;2;1;3;750;11/12/2014
2014055354;5;2;2;1;3;750;11/12/2014
2014055355;5;2;1;3;6;750;12/12/2014
2014055356;5;2;2;1;6;750;14/12/2014
2014055357;1;2;1;1;1;750;14/12/2014
2014055358;2;2;2;2;6;750;16/12/2014
2014055359;3;2;3;2;1;750;17/12/2014
2014055360;2;2;2;2;3;750;17/12/2014
2014055361;1;2;1;2;3;750;17/12/2014
2014055362;1;2;1;2;2;750;17/12/2014
2014055363;2;2;5;1;6;750;19/12/2014
2014055364;1;2;3;3;6;750;19/12/2014
2014055365;1;2;3;1;3;750;22/12/2014
2014055366;2;2;2;8;1;750;23/12/2014
2014055367;5;2;2;1;6;750;23/12/2014
2014055368;1;2;1;1;6;750;24/12/2014
2014055369;5;2;1;2;6;750;26/12/2014
2014055370;5;2;3;1;6;750;30/12/2014
2014055371;1;2;5;1;3;750;30/12/2014
2014055372;5;2;3;1;6;750;31/12/2014
2014055373;5;2;5;1;6;750;01/01/2014
2014055374;1;2;4;1;7;750;02/01/2014
2014055375;1;2;1;1;2;750;02/01/2014
2014055376;5;2;2;1;3;750;03/01/2014
2014055377;5;2;1;1;6;750;31/12/2014
2014055378;5;2;1;2;6;750;05/01/2014
2014055379;5;2;2;8;6;750;06/01/2014
2014055380;1;2;1;1;3;750;06/01/2014
2014055381;1;2;1;1;6;750;07/01/2014
2014055382;2;2;1;2;6;750;07/01/2014
2014055383;5;2;1;1;2;750;07/01/2014
2014055384;2;2;1;1;3;750;07/01/2014
2014055385;5;2;7;1;7;750;07/01/2014
2014055386;3;2;1;1;2;750;07/01/2014
2014055387;2;2;1;1;6;750;08/01/2014
2014055388;1;2;3;2;6;750;09/01/2014
2014055389;1;2;1;1;6;750;10/01/2014
2014055390;5;2;3;1;2;750;10/01/2014
2014055391;5;2;5;2;3;750;11/01/2014
2014055392;5;2;2;2;7;750;11/01/2014
2014055393;5;2;1;1;3;750;12/01/2014
2014055394;2;2;4;1;6;750;13/01/2014
2014055395;1;2;7;1;3;750;13/01/2014
2014055396;1;2;1;2;3;750;14/01/2014
2014055397;5;2;1;1;6;750;18/01/2014
2014055398;1;2;4;1;3;750;19/01/2014
2014055399;2;2;3;1;1;750;20/01/2014
2014055400;1;2;1;1;3;750;20/01/2014
2014055401;5;2;7;1;3;750;21/01/2014
2014055402;1;2;1;1;3;750;22/01/2014
2014055403;2;2;1;2;6;750;22/01/2014
2014055404;5;2;3;2;6;750;22/01/2014
2014055405;5;2;2;2;3;750;22/01/2014
2014055406;5;2;3;2;3;750;22/01/2014
2014055407;5;2;1;2;6;750;22/01/2014
2014055408;1;2;2;1;2;750;21/01/2014
2014055409;5;2;1;2;2;750;23/01/2014
2014055410;5;2;3;2;3;750;23/01/2014
2014055411;1;2;3;1;7;750;25/01/2014
2014055412;5;2;3;1;3;750;25/01/2014
2014055413;5;2;2;1;2;750;30/01/2014
2014055414;5;2;1;1;3;750;30/01/2014
2014055415;5;2;2;1;7;750;31/01/2014
2014055416;1;2;1;1;5;750;03/02/2014
2014055417;5;2;1;1;6;750;03/02/2014
2014055418;1;2;2;2;3;750;05/02/2014
2014055419;1;2;1;3;6;750;06/02/2014
2014055420;1;2;7;1;3;750;06/02/2014
2014055421;1;2;2;2;1;750;08/02/2014
2014055422;5;2;2;2;3;750;08/02/2014
2014055423;1;2;1;1;3;750;10/02/2014
2014055424;1;2;2;1;6;750;11/02/2014
2014055425;3;2;3;2;2;750;11/02/2014
2014055426;2;2;3;1;6;750;13/02/2014
2014055427;1;2;4;1;3;750;15/02/2014
2014055428;1;2;1;1;6;750;16/02/2014
2014055429;1;2;7;1;6;750;17/02/2014
2014055430;1;2;4;1;2;750;17/02/2014
2014055431;2;2;2;1;6;750;17/02/2014
2014055432;1;2;1;2;6;750;19/02/2014
2014055433;1;2;4;2;2;750;20/02/2014
2014055434;1;2;3;1;6;750;21/02/2014
2014055435;2;2;1;8;6;750;21/02/2014
2014055436;1;2;4;1;3;750;23/02/2014
2014055437;1;2;4;1;6;750;24/02/2014
2014055438;5;2;1;1;4;750;24/02/2014
2014055439;1;2;2;1;3;750;26/02/2014
2014055440;1;2;1;1;6;750;26/02/2014
2014055441;1;2;1;3;6;750;27/02/2014
2014055442;1;2;1;2;2;750;27/02/2014
2014055443;1;2;5;8;3;750;01/03/2014
2014055444;1;2;3;1;7;750;03/03/2014
2014055445;1;2;2;1;3;750;05/03/2014
2014055446;1;2;7;1;3;750;05/03/2014
2014055447;1;2;2;1;3;750;05/03/2014
2014055448;1;2;7;1;3;750;05/03/2014
2014055449;1;2;4;7;6;750;06/03/2014
2014055450;5;2;1;1;3;750;06/03/2014
2014055451;5;2;1;1;6;750;07/03/2014
2014055452;1;2;2;1;2;750;08/03/2014
2014055453;1;2;1;1;6;750;09/03/2014
2014055454;1;2;7;1;5;750;10/03/2014
2014055455;1;2;7;1;3;750;10/03/2014
2014055456;5;2;7;1;6;750;10/03/2014
2014055457;2;2;1;1;3;750;11/03/2014
2014055458;1;2;1;1;6;750;12/03/2014
2014055459;1;2;1;1;4;750;13/03/2014
2014055460;2;2;2;1;6;750;13/03/2014
2014055461;3;2;3;1;2;750;13/03/2014
2014055462;2;2;7;1;2;750;14/03/2014
2014055463;1;2;2;1;2;750;14/03/2014
2014055464;1;2;1;1;3;750;14/03/2014
2014055465;5;2;3;1;7;750;15/03/2014
2014055466;5;2;4;1;3;750;15/03/2014
2014055467;1;2;1;1;2;750;15/03/2014
2014055468;5;1;1;1;6;750;16/03/2014
2014055469;2;2;2;1;3;750;16/03/2014
2014055470;1;2;7;1;2;750;16/03/2014
2014055471;5;2;7;1;6;750;16/03/2014
2014055472;1;2;7;1;2;750;18/03/2014
2014055473;2;2;1;1;3;750;18/03/2014
2014055474;1;2;4;1;2;750;20/03/2014
2014055475;1;2;2;1;3;750;21/03/2014
2014055476;2;2;2;1;7;750;22/03/2014
2014055477;1;2;5;2;7;750;23/03/2014
2014055478;1;2;1;2;2;750;25/03/2014
2014055479;1;2;5;2;6;750;25/03/2014
2014055480;1;2;7;1;2;750;26/03/2014
2014055481;1;2;7;1;3;750;26/03/2014
2014055482;1;2;3;1;2;750;26/03/2014
2014055483;1;2;1;1;7;750;27/03/2014
2014055484;1;2;1;1;3;750;27/03/2014
2014055485;5;2;7;1;3;750;27/03/2014
2014055486;1;2;2;1;6;750;28/03/2014
2014055487;2;2;1;1;2;750;28/03/2014
2014055488;5;2;7;1;6;750;29/03/2014
2014055489;1;2;1;1;2;750;02/04/2014
2014055490;5;2;7;1;2;750;03/04/2014
2014055491;1;2;1;1;4;750;03/04/2014
2014055492;1;2;2;1;6;750;04/04/2014
2014055493;1;2;2;1;6;750;05/04/2014
2014055494;1;2;7;1;3;750;06/04/2014
2014055495;1;2;1;1;3;750;06/04/2014
2014055496;1;2;1;1;1;750;06/04/2014
2014055497;1;2;5;1;3;750;07/04/2014
2014055498;5;2;3;1;1;750;07/04/2014
2014055499;1;2;2;1;6;750;08/04/2014
2014055500;1;2;1;1;2;750;08/04/2014
2014055501;1;2;7;1;6;750;08/04/2014
2014055502;1;2;2;1;2;750;08/04/2014
2014055503;5;2;5;1;6;750;09/04/2014
2014055504;5;2;3;1;7;750;08/04/2014
2014055505;1;2;7;1;2;750;09/04/2014
2014055506;5;2;7;1;3;750;09/04/2014
2014055507;1;2;5;1;2;750;09/04/2014
2014055508;1;2;5;1;6;750;09/04/2014
2014055509;1;2;7;1;3;750;10/04/2014
2014055510;5;2;1;1;6;750;11/04/2014
2014055511;1;2;1;1;2;750;11/04/2014
2014055512;5;2;1;1;3;750;12/04/2014
2014055513;1;2;3;1;1;750;12/04/2014
2014055514;1;2;2;1;5;750;13/04/2014
2014055515;1;2;1;1;6;750;14/04/2014
2014055516;1;2;1;1;2;750;15/04/2014
2014055517;1;2;1;7;2;750;16/04/2014
2014055518;1;2;5;1;5;750;15/04/2014
2014055519;2;2;4;1;4;750;16/04/2014
2014055520;5;2;7;1;2;750;16/04/2014
2014055521;1;2;1;7;6;750;17/04/2014
2014055522;1;2;1;1;1;750;17/04/2014
2014055523;1;2;3;1;4;750;17/04/2014
2014055524;1;2;1;1;2;750;17/04/2014
2014055525;1;2;7;1;6;750;23/04/2014
2014055526;1;2;1;1;6;750;23/04/2014
2014055527;1;2;7;1;3;750;24/04/2014
2014055528;1;2;3;1;2;750;24/04/2014
2014055529;5;2;3;1;6;750;25/04/2014
2014055530;1;2;3;1;3;750;26/04/2014
2014055531;1;2;1;1;4;750;27/04/2014
2014055532;1;2;2;2;7;750;28/04/2014
2014055533;1;2;7;1;4;750;28/04/2014
2014055534;1;2;2;1;7;750;28/04/2014
2014055535;1;2;5;1;3;750;28/04/2014
2014055536;5;2;1;1;2;750;28/04/2014
2014055537;1;2;6;2;6;750;29/04/2014
2014055538;1;2;7;3;3;750;01/05/2014
2014055539;5;2;1;1;6;750;03/05/2014
2014055540;1;2;1;1;7;750;03/05/2014
2014055541;1;2;1;1;2;750;03/05/2014
2014055542;1;2;1;1;6;750;04/05/2014
2014055543;1;2;7;1;3;750;05/05/2014
2014055544;1;2;1;1;6;750;05/05/2014
2014055545;1;2;5;1;3;750;05/05/2014
2014055546;1;2;1;1;6;750;06/05/2014
2014055547;5;2;7;1;3;750;08/05/2014
2014055548;1;2;5;1;6;750;09/05/2014
2014055549;1;2;5;1;3;750;09/05/2014
2014055550;2;2;1;1;6;750;10/05/2014
2014055551;1;2;7;2;7;750;10/05/2014
2014055552;1;2;1;3;7;750;10/05/2014
2014055553;1;2;1;2;6;750;11/05/2014
2014055554;1;2;3;2;3;750;13/05/2014
2014055555;1;2;1;1;2;750;14/05/2014
2014055556;1;2;3;1;2;750;14/05/2014
2014055557;1;2;7;1;1;750;14/05/2014
2014055558;1;2;3;1;2;750;14/05/2014
2014055559;1;2;2;1;6;750;16/05/2014
2014055560;1;2;3;1;3;750;16/05/2014
2014055561;1;2;5;1;2;750;17/05/2014
2014055562;1;2;3;1;6;750;19/05/2014
2014055563;1;2;7;1;3;750;20/05/2014
2014055564;1;2;1;3;3;750;21/05/2014
2014055565;1;2;1;1;6;750;22/05/2014
2014055566;1;2;2;1;6;750;22/05/2014
2014055567;1;2;1;1;5;750;23/05/2014
2014055568;1;2;1;1;3;750;23/05/2014
2014055569;1;2;2;1;3;750;23/05/2014
2014055570;5;2;3;2;6;750;24/05/2014
2014055571;1;2;2;1;2;750;24/05/2014
2014055572;2;2;5;1;2;750;25/05/2014
2014055573;1;2;1;1;6;750;26/05/2014
2014055574;1;2;7;1;2;750;27/05/2014
2014055575;1;2;5;2;6;750;28/05/2014
2014055576;2;2;5;2;6;750;28/05/2014
2014055577;5;2;7;1;7;750;30/05/2014
2014055578;1;2;5;1;7;750;30/05/2014
2014055579;5;2;1;1;6;750;01/06/2014
2014055580;1;2;7;1;3;750;02/06/2014
2014055581;1;2;3;2;6;750;04/06/2014
2014055582;1;2;1;1;6;750;05/06/2014
2014055583;1;2;1;1;2;750;05/06/2014
2014055584;1;2;3;1;3;750;05/06/2014
2014055585;1;2;5;1;6;750;06/06/2014
2014055586;1;2;1;1;6;750;06/06/2014
2014055587;2;2;4;1;2;750;08/06/2014
2014055588;1;2;1;7;6;750;08/06/2014
2014055589;2;2;2;3;6;750;09/06/2014
2014055590;1;2;2;1;6;750;11/06/2014
2014055591;1;2;2;6;6;750;11/06/2014
2014055592;1;2;1;1;2;750;11/06/2014
2014055593;1;2;1;1;2;750;11/06/2014
2014055594;5;2;1;1;2;750;12/06/2014
2014055595;1;2;3;1;6;750;12/06/2014
2014055596;1;2;2;1;6;750;12/06/2014
2014055597;1;2;1;1;7;750;11/06/2014
2014055598;1;2;3;1;6;750;12/06/2014
2014055599;1;2;1;1;6;750;13/06/2014
2014055600;1;2;2;1;7;750;14/06/2014
2014055601;1;2;3;1;6;750;14/06/2014
2014055602;1;2;2;1;2;750;11/06/2014
2014055603;1;2;2;1;3;750;15/06/2014
2014055604;1;2;4;1;2;750;16/06/2014
2014055605;1;2;3;1;2;750;16/06/2014
2014055606;1;2;1;1;6;750;18/06/2014
2014055607;1;2;3;1;2;750;19/06/2014
2014055608;1;2;3;1;6;750;19/06/2014
2014055609;1;2;1;1;6;750;20/06/2014
2014055610;1;2;3;1;2;750;16/06/2014
2014055611;5;2;2;1;2;750;21/06/2014
2014055612;1;2;4;1;2;750;19/06/2014
2014055613;1;2;1;1;6;750;22/06/2014
2014055614;1;2;7;1;3;750;22/06/2014
2014055615;5;2;1;1;7;750;25/06/2014
2014055616;1;2;1;1;6;750;25/06/2014
2014055617;1;2;3;1;6;750;25/06/2014
2014055618;1;2;4;1;6;750;26/06/2014
2014055619;1;2;5;2;3;750;26/06/2014
2014055620;1;2;3;1;6;750;27/06/2014
2014055621;1;2;1;1;3;750;27/06/2014
2014055622;1;2;3;2;2;750;28/06/2014
2014055623;1;2;1;1;6;750;26/06/2014
2014055624;1;2;4;2;2;750;29/06/2014
2014055625;1;2;1;1;6;750;30/06/2014
2014055626;5;2;2;1;6;750;30/06/2014
2014055627;1;2;2;1;3;750;01/07/2014
2014055628;5;2;1;1;6;750;02/07/2014
2014055629;1;2;7;1;3;750;02/07/2014
2014055630;2;2;2;1;3;750;02/07/2014
2014055631;1;2;1;1;4;750;03/07/2014
2014055632;1;2;1;1;2;750;03/07/2014
2014055633;1;2;1;1;3;750;03/07/2014
2014055634;2;2;1;1;2;750;03/07/2014
2014055635;5;2;2;1;7;750;04/07/2014
2014055636;1;2;1;2;6;750;04/07/2014
2014055637;1;2;1;1;6;750;04/07/2014
2014055638;1;2;7;1;2;750;05/07/2014
2014055639;1;2;1;1;6;750;06/07/2014
2014055640;1;2;1;3;2;750;09/07/2014
2014055641;5;2;1;2;6;750;10/07/2014
2014055642;1;2;3;1;3;750;12/07/2014
2014055643;5;2;7;1;3;750;13/07/2014
2014055644;5;2;2;1;3;750;13/07/2014
2014055645;1;2;1;1;6;750;15/07/2014
2014055646;1;2;5;1;5;750;15/07/2014
2014055647;1;2;2;1;3;750;16/07/2014
2014055648;1;2;2;1;3;750;16/07/2014
2014055649;1;2;5;1;3;750;17/07/2014
2014055650;1;2;1;2;3;750;18/07/2014
2014055651;1;2;3;1;6;750;18/07/2014
2014055652;1;2;1;1;6;750;19/07/2014
2014055653;5;2;1;1;1;750;19/07/2014
2014055654;1;2;1;1;6;750;20/07/2014
2014055655;1;2;7;1;6;750;25/07/2014
2014055656;5;2;2;1;3;750;27/07/2014
2014055657;1;2;7;1;3;750;28/07/2014
2014055658;1;2;1;1;2;750;30/07/2014
2014055659;1;2;3;1;3;750;31/07/2014
2014055660;5;2;1;1;6;750;01/08/2014
2014055661;1;2;4;1;6;750;31/07/2014
2014055662;1;2;3;1;3;750;01/08/2014
2014055663;1;2;4;1;3;750;01/08/2014
2014055664;1;2;7;1;3;750;02/08/2014
2014055665;1;2;1;2;3;750;07/08/2014
2014055666;1;2;1;2;6;750;08/08/2014
2014055667;1;2;1;8;6;750;10/08/2014
2014055668;1;2;1;7;7;750;12/08/2014
2014055669;5;2;1;1;3;750;16/08/2014
2014055670;1;2;6;1;3;750;22/08/2014
2014055671;1;2;1;1;3;750;22/08/2014
2014055672;5;2;1;2;3;750;25/08/2014
2014055673;1;2;1;3;2;750;27/08/2014
2014055674;1;2;1;1;4;750;28/08/2014
2014055675;1;2;3;1;6;750;28/08/2014
2014055676;5;2;1;1;6;750;31/08/2014
2014055677;1;2;1;1;6;750;31/08/2014
2014055678;1;2;1;1;3;750;01/09/2014
2014055679;1;2;7;1;3;750;01/09/2014
2014055680;1;2;7;1;3;750;01/09/2014
2014055681;5;2;1;1;6;750;02/09/2014
2014055682;1;2;1;1;2;750;03/09/2014
2014055683;1;2;5;1;3;750;03/09/2014
2014055684;1;2;1;1;6;750;03/09/2014
2014055685;1;2;3;1;3;750;05/09/2014
2014055686;1;2;5;1;6;750;05/09/2014
2014055687;5;2;2;1;3;750;05/09/2014
2014055688;5;2;1;1;6;750;06/09/2014
2014055689;1;2;5;1;4;750;07/09/2014
2014055690;1;2;7;1;3;750;09/09/2014
2014055691;1;2;5;1;3;750;09/09/2014
2014055692;2;2;1;1;2;750;10/09/2014
2014055693;1;2;2;1;6;750;11/09/2014
2014055694;5;2;1;1;6;750;12/09/2014
2014055695;5;2;2;1;6;750;13/09/2014
2014055696;1;2;1;1;2;750;14/09/2014
2014055697;5;2;1;1;2;750;14/09/2014
2014055698;5;2;2;1;1;750;14/09/2014
2014055699;5;2;2;1;3;750;11/09/2014
2014055700;1;2;1;1;2;750;14/09/2014
2014055701;1;2;1;1;3;750;15/09/2014
2014055702;1;2;7;1;2;750;15/09/2014
2014055703;5;2;7;1;3;750;16/09/2014
2014055704;1;2;3;1;6;750;17/09/2014
2014055705;1;2;2;1;2;750;17/09/2014
2014055706;1;2;3;1;6;750;18/09/2014
2014055707;1;2;1;1;6;750;18/09/2014
2014055708;2;2;1;1;2;750;18/09/2014
2014055709;5;2;1;1;6;750;19/09/2014
2014055710;1;2;1;1;6;750;19/09/2014
2014055711;1;2;1;1;7;750;19/09/2014
2014055712;1;2;1;1;7;750;20/09/2014
2014055713;5;2;2;1;3;750;21/09/2014
2014055714;1;2;1;1;6;750;22/09/2014
2014055715;2;2;3;1;2;750;22/09/2014
2014055716;1;2;1;1;6;750;24/09/2014
2014055717;5;2;1;2;2;750;24/09/2014
2014055718;5;2;7;1;7;750;24/09/2014
2014055719;5;2;3;1;6;750;25/09/2014
2014055720;1;2;2;1;6;750;25/09/2014
2014055721;1;2;5;1;6;750;27/09/2014
2014055722;1;2;7;1;2;750;27/09/2014
2014055723;1;2;4;2;7;750;29/09/2014
2014055724;1;2;1;1;6;750;29/09/2014
2014055725;1;2;1;1;4;750;27/09/2014
2014055726;1;2;5;1;6;750;30/09/2014
2014055727;1;2;1;1;2;750;30/09/2014
2014055728;1;2;1;1;5;750;30/09/2014
2014055729;1;2;4;1;2;750;01/10/2014
2014055730;5;2;1;1;5;750;01/10/2014
2014055731;1;2;4;1;4;750;02/10/2014
2014055732;1;2;7;1;3;750;03/10/2014
2014055733;1;2;1;1;3;750;04/10/2014
2014055734;3;2;5;2;6;750;05/10/2014
2014055735;1;2;5;1;3;750;05/10/2014
2014055736;5;2;1;1;3;750;05/10/2014
2014055737;5;2;1;3;3;750;06/10/2014
2014055738;1;2;3;1;6;750;07/10/2014
2014055739;1;2;1;2;2;750;08/10/2014
2014055740;1;2;1;3;6;750;08/10/2014
2014055741;2;2;1;2;2;750;08/10/2014
2014055742;5;2;7;1;3;750;09/10/2014
2014055743;1;2;3;1;2;750;10/10/2014
2014055744;2;2;7;3;3;750;11/10/2014
2014055745;1;2;1;1;6;750;11/10/2014
2014055746;5;2;3;1;3;750;11/10/2014
2014055747;1;2;1;1;6;750;02/10/2014
2014055748;2;2;7;1;3;750;13/10/2014
2014055749;1;2;3;8;6;750;13/10/2014
2014055750;1;2;3;1;5;750;13/10/2014
2014055751;1;2;7;1;3;750;14/10/2014
2014055752;1;2;1;1;3;750;14/10/2014
2014055753;1;2;1;1;5;750;14/10/2014
2014055754;1;2;1;1;2;750;14/10/2014
2014055755;5;2;1;1;2;750;14/10/2014
2014055756;1;2;1;2;7;750;15/10/2014
2014055757;1;2;5;2;1;750;15/10/2014
2014055758;1;2;1;1;3;750;16/10/2014
2014055759;1;2;2;1;6;750;16/10/2014
2014055760;5;2;4;2;2;750;16/10/2014
2014055761;5;2;7;2;3;750;16/10/2014
2014055762;1;2;7;1;6;750;17/10/2014
2014055763;1;2;1;7;6;750;18/10/2014
2014055764;1;2;1;1;2;750;19/10/2014
2014055765;1;2;1;1;3;750;20/10/2014
2014055766;1;2;1;1;3;750;20/10/2014
2014055767;5;2;1;1;4;750;19/10/2014
2014055768;1;2;1;1;6;750;19/10/2014
2014055769;1;2;1;2;3;750;21/10/2014
2014055770;5;2;2;1;6;750;22/10/2014
2014055771;1;2;2;2;3;750;21/10/2014
2014055772;5;2;1;1;6;750;22/10/2014
2014055773;1;2;1;1;6;750;23/10/2014
2014055774;1;2;3;1;2;750;23/10/2014
2014055775;5;2;1;1;2;750;23/10/2014
2014055776;1;2;3;1;2;750;23/10/2014
2014055777;5;2;7;1;3;750;23/10/2014
2014055778;1;2;3;1;3;750;25/10/2014
2014055779;1;2;1;1;3;750;26/10/2014
2014055780;5;2;4;1;6;750;26/10/2014
2014055781;1;2;5;1;6;750;27/10/2014
2014055782;1;2;7;1;3;750;27/10/2014
2014055783;1;2;7;1;3;750;28/10/2014
2014055784;5;2;3;1;7;750;28/10/2014
2014055785;1;2;5;8;3;750;28/10/2014
2014055786;1;2;2;1;6;750;30/10/2014
2014055787;1;2;7;1;6;750;31/10/2014
2014055788;1;2;7;1;2;750;31/10/2014
2014055789;2;2;1;2;6;750;05/10/2014
2014055790;5;2;2;3;6;750;03/11/2014
2014055791;5;2;7;3;6;750;03/11/2014
2014055792;1;2;4;1;3;750;05/11/2014