num_acc;lum;agg;inter;atm;col;dep;date
2014059275;1;1;1;;1;973;20/09/2014
2014059276;1;1;2;2;1;973;23/09/2014
2014059277;5;1;1;1;6;973;23/09/2014
2014059278;1;2;2;3;6;973;19/09/2014
2014059279;1;1;3;1;1;973;01/10/2014
2014059280;5;2;1;1;3;973;02/10/2014
2014059281;1;1;1;1;3;973;03/10/2014
2014059282;1;2;1;1;3;973;06/10/2014
2014059283;1;2;3;1;3;973;17/10/2014
2014059284;1;1;1;1;5;973;17/10/2014
2014059285;5;2;1;9;2;973;22/10/2014
2014059286;5;2;3;1;3;973;24/10/2014
2014059287;1;2;1;1;6;973;27/10/2014
2014059288;1;2;1;1;3;973;31/10/2014
2014059289;1;2;1;1;3;973;01/11/2014
2014059290;1;2;1;1;3;973;03/11/2014
2014059291;1;1;1;1;6;973;13/11/2014
2014059292;1;2;2;1;3;973;17/11/2014
2014059293;1;1;1;1;3;973;25/11/2014
2014059294;1;2;3;1;3;973;28/11/2014
2014059295;1;2;1;1;3;973;29/11/2014
2014059296;1;2;3;1;3;973;29/11/2014
2014059297;1;2;1;1;3;973;01/12/2014
2014059298;1;2;1;1;3;973;01/12/2014
2014059299;1;1;3;1;5;973;02/12/2014
2014059300;5;2;1;1;3;973;02/12/2014
2014059301;1;2;1;1;6;973;03/12/2014
2014059302;1;1;1;1;6;973;04/12/2014
2014059303;5;1;3;2;3;973;06/12/2014
2014059304;5;2;1;1;3;973;03/12/2014
2014059305;1;2;2;1;6;973;05/12/2014
2014059306;1;2;1;1;3;973;08/12/2014
2014059307;5;1;1;1;6;973;08/12/2014
2014059308;5;2;2;1;3;973;10/12/2014
2014059309;1;2;1;1;3;973;12/12/2014
2014059310;1;2;1;2;1;973;13/12/2014
2014059311;5;2;1;1;2;973;13/12/2014
2014059312;1;1;1;1;2;973;16/12/2014
2014059313;1;1;1;1;6;973;15/12/2014
2014059314;1;2;1;1;1;973;17/12/2014
2014059315;1;1;1;1;2;973;17/12/2014
2014059316;5;1;1;1;3;973;17/12/2014
2014059317;5;2;1;1;3;973;19/12/2014
2014059318;1;1;1;1;5;973;20/12/2014
2014059319;1;2;1;1;3;973;20/12/2014
2014059320;5;2;1;1;6;973;21/12/2014
2014059321;5;1;1;1;6;973;22/12/2014
2014059322;1;1;1;2;5;973;23/12/2014
2014059323;1;2;1;2;4;973;24/12/2014
2014059324;5;1;1;1;6;973;24/12/2014
2014059325;1;1;1;2;2;973;27/12/2014
2014059326;1;1;1;1;2;973;20/01/2014
2014059327;5;2;3;1;3;974;01/01/2014
2014059328;1;2;1;1;6;974;24/01/2014
2014059329;2;2;1;1;6;974;01/01/2014
2014059330;5;2;1;1;6;974;08/01/2014
2014059331;1;2;2;1;3;974;09/01/2014
2014059332;2;2;1;1;6;974;12/01/2014
2014059333;1;2;1;1;6;974;16/01/2014
2014059334;1;2;1;1;2;974;17/01/2014
2014059335;1;2;2;1;7;974;21/01/2014
2014059336;1;2;1;1;6;974;31/01/2014
2014059337;1;2;1;1;2;974;01/02/2014
2014059338;5;1;1;2;3;974;05/02/2014
2014059339;1;2;1;1;2;974;07/02/2014
2014059340;1;2;1;1;7;974;09/02/2014
2014059341;1;1;1;1;6;974;10/02/2014
2014059342;1;2;1;1;6;974;12/02/2014
2014059343;1;1;9;1;6;974;22/02/2014
2014059344;5;2;3;1;3;974;02/03/2014
2014059345;2;1;1;1;7;974;04/03/2014
2014059346;1;2;2;1;6;974;06/03/2014
2014059347;1;1;1;1;3;974;07/03/2014
2014059348;5;2;1;1;1;974;08/03/2014
2014059349;1;2;1;1;1;974;09/03/2014
2014059350;1;2;2;1;7;974;19/03/2014
2014059351;1;2;1;1;2;974;20/03/2014
2014059352;1;2;1;1;2;974;26/03/2014
2014059353;1;2;1;1;1;974;28/03/2014
2014059354;2;1;1;1;7;974;29/03/2014
2014059355;2;2;2;1;1;974;02/04/2014
2014059356;1;2;1;1;7;974;04/04/2014
2014059357;5;2;1;1;3;974;05/04/2014
2014059358;2;1;1;2;2;974;15/04/2014
2014059359;1;2;1;1;1;974;16/04/2014
2014059360;1;2;1;1;2;974;22/04/2014
2014059361;1;1;1;1;1;974;26/04/2014
2014059362;5;1;1;1;6;974;28/04/2014
2014059363;2;2;1;1;2;974;29/04/2014
2014059364;2;2;1;1;1;974;03/05/2014
2014059365;1;2;2;1;3;974;06/05/2014
2014059366;2;2;1;1;6;974;08/05/2014
2014059367;3;2;1;1;3;974;12/05/2014
2014059368;2;2;1;1;7;974;17/05/2014
2014059369;1;2;1;1;6;974;26/05/2014
2014059370;2;2;1;8;1;974;27/05/2014
2014059371;1;1;4;1;3;974;03/06/2014
2014059372;1;2;6;1;2;974;04/06/2014
2014059373;2;2;1;1;2;974;06/06/2014
2014059374;3;2;1;1;5;974;07/06/2014
2014059375;1;2;1;1;4;974;11/06/2014
2014059376;3;2;3;1;3;974;13/06/2014
2014059377;1;2;1;1;3;974;21/06/2014
2014059378;4;2;1;1;7;974;29/06/2014
2014059379;2;1;1;1;7;974;12/07/2014
2014059380;1;2;1;1;6;974;12/07/2014
2014059381;1;2;3;1;3;974;21/07/2014
2014059382;4;2;1;2;3;974;30/07/2014
2014059383;5;2;1;1;6;974;01/08/2014
2014059384;5;1;1;1;7;974;03/08/2014
2014059385;3;1;1;1;6;974;07/08/2014
2014059386;2;1;1;1;2;974;09/08/2014
2014059387;1;2;3;1;3;974;11/08/2014
2014059388;2;1;1;1;3;974;14/08/2014
2014059389;2;2;2;1;3;974;19/08/2014
2014059390;1;2;1;1;3;974;19/08/2014
2014059391;1;2;1;1;2;974;21/08/2014
2014059392;1;1;1;1;3;974;21/08/2014
2014059393;1;2;1;1;2;974;23/08/2014
2014059394;1;2;1;2;3;974;26/08/2014
2014059395;3;2;3;1;3;974;05/09/2014
2014059396;1;2;2;1;3;974;09/09/2014
2014059397;1;2;1;1;3;974;11/09/2014
2014059398;1;2;1;1;2;974;17/09/2014
2014059399;1;2;1;1;6;974;22/09/2014
2014059400;1;1;1;1;6;974;25/09/2014
2014059401;5;2;1;1;2;974;26/09/2014
2014059402;5;2;1;1;7;974;27/09/2014
2014059403;1;2;1;1;1;974;03/10/2014
2014059404;5;2;1;1;3;974;11/10/2014
2014059405;1;2;1;1;2;974;17/10/2014
2014059406;3;1;1;1;4;974;25/10/2014
2014059407;4;2;1;1;7;974;08/11/2014
2014059408;1;2;1;1;2;974;12/11/2014
2014059409;1;1;1;1;7;974;15/11/2014
2014059410;3;1;1;1;7;974;23/11/2014
2014059411;1;2;1;1;3;974;24/11/2014
2014059412;1;2;3;1;3;974;30/11/2014
2014059413;1;2;1;1;3;974;02/12/2014
2014059414;1;1;1;1;3;974;02/12/2014
2014059415;3;2;6;1;7;974;04/12/2014
2014059416;1;1;1;1;6;974;05/12/2014
2014059417;3;2;1;1;7;974;09/12/2014
2014059418;5;2;1;1;7;974;12/12/2014
2014059419;1;2;1;1;6;974;13/12/2014
2014059420;1;2;2;1;3;974;16/12/2014
2014059421;3;1;1;2;5;974;19/12/2014
2014059422;1;1;1;1;2;974;22/12/2014
2014059423;3;1;1;1;1;974;23/12/2014
2014059424;5;2;1;1;7;974;26/12/2014
2014059425;3;1;1;1;7;974;27/12/2014
2014059426;4;2;2;1;1;974;31/10/2014
2014059427;2;1;1;1;3;974;10/01/2014
2014059428;1;1;1;1;6;974;15/01/2014
2014059429;3;1;1;1;3;974;15/01/2014
2014059430;2;1;1;1;3;974;26/01/2014
2014059431;5;2;1;2;7;974;29/01/2014
2014059432;1;2;1;1;3;974;20/03/2014
2014059433;1;2;1;1;2;974;09/03/2014
2014059434;2;2;1;1;7;974;24/03/2014
2014059435;4;2;1;1;2;974;25/03/2014
2014059436;1;2;1;1;3;974;05/03/2014
2014059437;1;1;1;1;2;974;12/03/2014
2014059438;1;2;1;2;2;974;13/03/2014
2014059439;1;2;1;3;7;974;22/03/2014
2014059440;2;2;1;1;3;974;04/04/2014
2014059441;1;1;1;1;7;974;26/03/2014
2014059442;1;2;1;1;6;974;31/03/2014
2014059443;3;2;1;1;7;974;18/01/2014
2014059444;1;2;1;1;7;974;24/01/2014
2014059445;5;2;1;1;7;974;29/01/2014
2014059446;5;2;1;1;6;974;11/01/2014
2014059447;1;2;1;1;3;974;09/02/2014
2014059448;1;2;1;1;3;974;19/02/2014
2014059449;1;2;1;1;7;974;21/02/2014
2014059450;5;2;1;1;3;974;26/02/2014
2014059451;5;2;1;2;7;974;16/03/2014
2014059452;1;2;1;3;7;974;26/02/2014
2014059453;5;2;1;2;7;974;04/04/2014
2014059454;1;2;1;1;3;974;15/04/2014
2014059455;1;2;1;1;6;974;25/04/2014
2014059456;1;2;1;1;7;974;25/04/2014
2014059457;1;2;1;2;1;974;14/04/2014
2014059458;1;2;1;3;1;974;14/04/2014
2014059459;1;2;2;1;3;974;03/05/2014
2014059460;1;1;1;1;5;974;08/05/2014
2014059461;2;1;1;1;6;974;15/05/2014
2014059462;5;2;1;1;2;974;17/05/2014
2014059463;5;1;1;1;7;974;21/05/2014
2014059464;1;1;1;1;1;974;23/05/2014
2014059465;5;1;1;1;3;974;23/05/2014
2014059466;1;1;6;1;3;974;29/05/2014
2014059467;1;2;1;1;2;974;06/06/2014
2014059468;2;1;1;1;1;974;08/06/2014
2014059469;1;1;1;1;3;974;12/11/2014
2014059470;1;1;1;1;3;974;13/06/2014
2014059471;3;1;1;1;7;974;22/06/2014
2014059472;5;2;1;1;2;974;28/06/2014
2014059473;1;1;1;1;2;974;30/06/2014
2014059474;1;2;1;1;6;974;21/04/2014
2014059475;3;2;1;1;7;974;21/04/2014
2014059476;1;2;2;;6;974;03/04/2014
2014059477;5;2;1;2;1;974;19/04/2014
2014059478;5;1;1;1;6;974;01/08/2014
2014059479;5;2;6;1;2;974;08/08/2014
2014059480;1;1;1;1;6;974;09/08/2014
2014059481;5;1;1;1;7;974;09/08/2014
2014059482;5;1;1;1;3;974;16/08/2014
2014059483;1;1;1;1;6;974;27/08/2014
2014059484;1;2;1;1;6;974;09/09/2014
2014059485;1;2;1;1;3;974;11/09/2014
2014059486;1;1;1;1;7;974;14/09/2014
2014059487;1;2;3;1;3;974;16/09/2014
2014059488;5;2;1;1;6;974;07/09/2014
2014059489;1;1;1;1;3;974;05/09/2014
2014059490;1;1;1;1;3;974;02/09/2014
2014059491;1;1;1;1;1;974;01/09/2014
2014059492;3;2;1;1;7;974;01/05/2014
2014059493;1;2;1;1;2;974;01/06/2014
2014059494;1;1;1;2;6;974;19/06/2014
2014059495;1;1;1;1;3;974;27/06/2014
2014059496;1;1;1;1;7;974;09/07/2014
2014059497;1;2;1;1;6;974;12/07/2014
2014059498;3;1;1;1;7;974;19/07/2014
2014059499;1;2;9;1;7;974;25/07/2014
2014059500;1;2;1;1;6;974;31/07/2014
2014059501;3;1;1;1;6;974;28/09/2014
2014059502;1;1;1;1;6;974;10/10/2014
2014059503;1;1;1;1;3;974;11/10/2014
2014059504;1;1;1;1;3;974;12/10/2014
2014059505;1;2;1;1;3;974;17/10/2014
2014059506;1;1;3;1;3;974;23/10/2014
2014059507;1;2;1;1;2;974;12/11/2014
2014059508;1;2;1;1;7;974;13/08/2014
2014059509;1;1;1;1;7;974;18/11/2014
2014059510;1;2;1;1;6;974;23/11/2014
2014059511;1;2;1;1;4;974;24/11/2014
2014059512;5;2;1;1;6;974;29/11/2014
2014059513;5;1;1;1;6;974;29/11/2014
2014059514;5;1;1;1;6;974;30/11/2014
2014059515;1;1;1;1;2;974;03/12/2014
2014059516;1;2;1;1;6;974;10/12/2014
2014059517;1;1;1;1;4;974;10/12/2014
2014059518;1;1;1;1;1;974;16/12/2014
2014059519;1;1;1;1;7;974;16/12/2014
2014059520;5;2;1;1;6;974;19/12/2014
2014059521;1;2;1;1;6;974;20/12/2014
2014059522;1;2;1;1;7;974;24/12/2014
2014059523;1;2;1;3;6;974;26/12/2014
2014059524;3;1;1;1;2;974;31/12/2014
2014059525;1;2;1;1;3;974;09/11/2014
2014059526;1;2;1;1;1;974;14/11/2014
2014059527;3;1;1;1;6;974;26/11/2014
2014059528;1;2;1;1;6;974;01/12/2014
2014059529;3;1;1;1;1;974;01/01/2014
2014059530;1;2;2;2;6;974;10/01/2014
2014059531;5;2;2;2;6;974;12/01/2014
2014059532;5;2;9;1;3;974;18/01/2014
2014059533;2;2;2;1;3;974;21/01/2014
2014059534;1;2;1;8;6;974;24/01/2014
2014059535;2;2;2;1;6;974;23/01/2014
2014059536;4;2;1;1;6;974;29/01/2014
2014059537;5;2;5;1;3;974;31/01/2014
2014059538;5;1;1;1;6;974;02/02/2014
2014059539;1;2;1;1;2;974;13/02/2014
2014059540;1;1;1;1;2;974;13/02/2014
2014059541;5;2;2;1;3;974;14/02/2014
2014059542;1;2;1;1;6;974;18/02/2014
2014059543;5;2;2;1;3;974;21/02/2014
2014059544;4;2;1;1;6;974;28/02/2014
2014059545;1;2;4;1;3;974;02/03/2014
2014059546;5;2;1;1;5;974;02/03/2014
2014059547;5;2;1;1;5;974;08/03/2014
2014059548;1;2;9;8;6;974;18/03/2014
2014059549;1;2;4;1;6;974;21/03/2014
2014059550;1;2;1;1;3;974;21/03/2014
2014059551;1;2;9;1;3;974;29/03/2014
2014059552;1;2;1;1;6;974;21/03/2014
2014059553;5;2;2;1;3;974;28/03/2014
2014059554;1;2;1;1;6;974;02/04/2014
2014059555;5;2;1;1;2;974;05/04/2014
2014059556;3;2;4;2;1;974;22/03/2014
2014059557;3;2;1;1;1;974;19/04/2014
2014059558;5;2;2;8;3;974;15/04/2014
2014059559;5;1;1;1;7;974;19/04/2014
2014059560;5;2;1;1;6;974;07/04/2014
2014059561;1;2;1;1;6;974;24/04/2014
2014059562;1;2;9;1;3;974;26/04/2014
2014059563;5;2;1;1;2;974;03/05/2014
2014059564;5;2;2;2;6;974;07/05/2014
2014059565;1;2;1;1;6;974;02/05/2014
2014059566;1;2;1;1;6;974;05/05/2014
2014059567;1;1;1;1;6;974;10/05/2014
2014059568;2;2;2;1;3;974;23/05/2014
2014059569;1;1;1;1;3;974;19/05/2014
2014059570;1;2;1;1;1;974;21/05/2014
2014059571;1;2;2;1;6;974;21/05/2014
2014059572;3;2;6;1;2;974;13/06/2014
2014059573;1;2;1;1;3;974;23/06/2014
2014059574;1;2;1;1;6;974;04/07/2014
2014059575;1;2;1;1;3;974;19/07/2014
2014059576;2;2;4;1;6;974;11/07/2014
2014059577;1;2;2;2;1;974;25/07/2014
2014059578;1;2;2;9;1;974;05/08/2014
2014059579;1;1;1;1;1;974;31/08/2014
2014059580;1;1;1;1;3;974;30/06/2014
2014059581;1;2;2;2;1;974;21/08/2014
2014059582;5;2;2;2;1;974;19/09/2014
2014059583;1;2;2;1;1;974;20/09/2014
2014059584;1;2;2;2;6;974;25/09/2014
2014059585;2;2;2;2;6;974;10/09/2014
2014059586;5;2;2;1;6;974;27/09/2014
2014059587;1;2;6;1;6;974;18/10/2014
2014059588;1;1;1;1;2;974;31/10/2014
2014059589;5;1;1;1;2;974;31/10/2014
2014059590;3;2;2;1;3;974;06/11/2014
2014059591;1;1;1;1;5;974;06/11/2014
2014059592;1;2;2;1;6;974;17/12/2014
2014059593;1;2;1;1;3;974;14/11/2014
2014059594;1;2;1;2;3;974;15/11/2014
2014059595;4;2;1;1;6;974;15/11/2014
2014059596;1;2;1;1;3;974;13/11/2014
2014059597;1;2;2;3;1;974;05/09/2014
2014059598;1;2;2;1;1;974;20/09/2014
2014059599;2;2;4;1;6;974;22/11/2014
2014059600;5;2;1;1;6;974;07/12/2014
2014059601;1;2;1;1;4;974;09/12/2014
2014059602;5;2;1;1;6;974;10/12/2014
2014059603;5;2;1;1;3;974;11/12/2014
2014059604;1;2;1;1;3;974;14/11/2014
2014059605;2;2;1;1;1;974;20/12/2014
2014059606;5;1;6;2;6;974;18/12/2014
2014059607;1;1;1;1;7;974;01/01/2014
2014059608;1;1;1;1;7;974;05/01/2014
2014059609;1;2;1;1;2;974;05/01/2014
2014059610;3;1;1;1;7;974;08/01/2014
2014059611;1;1;1;1;4;974;13/01/2014
2014059612;1;1;1;1;2;974;15/01/2014
2014059613;1;1;1;1;2;974;21/01/2014
2014059614;1;1;1;1;4;974;22/01/2014
2014059615;5;2;1;1;3;974;22/01/2014
2014059616;2;1;1;1;1;974;25/01/2014
2014059617;1;2;1;1;3;974;27/01/2014
2014059618;1;1;1;1;1;974;29/01/2014
2014059619;1;2;6;1;1;974;01/02/2014
2014059620;4;2;1;1;7;974;01/02/2014
2014059621;1;2;1;1;7;974;04/02/2014
2014059622;1;1;1;1;2;974;04/02/2014
2014059623;1;1;1;2;7;974;06/02/2014
2014059624;1;1;1;1;3;974;07/02/2014
2014059625;1;1;1;1;2;974;10/02/2014
2014059626;1;1;1;1;7;974;11/02/2014
2014059627;1;1;1;1;2;974;12/02/2014
2014059628;1;1;1;1;7;974;14/02/2014
2014059629;1;2;3;1;1;974;14/02/2014
2014059630;5;2;1;1;7;974;15/02/2014
2014059631;1;1;1;1;3;974;16/02/2014
2014059632;1;1;1;1;1;974;16/02/2014
2014059633;1;1;1;1;7;974;17/02/2014
2014059634;1;1;1;1;6;974;19/02/2014
2014059635;1;2;3;1;5;974;19/02/2014
2014059636;1;2;1;1;2;974;20/02/2014
2014059637;1;2;1;1;2;974;20/02/2014
2014059638;1;2;1;1;1;974;21/02/2014
2014059639;3;1;1;1;7;974;21/02/2014
2014059640;2;2;1;1;7;974;26/02/2014
2014059641;2;2;1;1;2;974;27/02/2014
2014059642;2;2;1;1;3;974;01/03/2014
2014059643;1;2;1;1;3;974;05/03/2014
2014059644;2;1;3;1;3;974;06/03/2014
2014059645;1;1;6;1;2;974;07/03/2014
2014059646;1;1;1;1;7;974;07/03/2014
2014059647;3;1;1;1;7;974;08/03/2014
2014059648;2;2;1;1;7;974;12/03/2014
2014059649;1;1;1;1;2;974;14/03/2014
2014059650;2;2;3;1;1;974;16/03/2014
2014059651;1;2;1;1;7;974;17/03/2014
2014059652;1;1;1;1;4;974;17/03/2014
2014059653;2;2;1;1;2;974;17/03/2014
2014059654;1;1;1;1;2;974;18/03/2014
2014059655;1;1;2;1;3;974;20/03/2014
2014059656;1;2;3;1;3;974;22/03/2014
2014059657;1;1;1;1;7;974;22/03/2014
2014059658;1;2;1;1;7;974;25/03/2014
2014059659;1;2;1;1;2;974;25/03/2014
2014059660;1;2;1;1;7;974;28/03/2014
2014059661;5;2;2;1;3;974;28/03/2014
2014059662;1;1;1;1;2;974;02/04/2014
2014059663;1;2;2;1;7;974;02/04/2014
2014059664;5;2;1;1;7;974;05/04/2014
2014059665;2;1;1;1;7;974;06/04/2014
2014059666;1;1;1;1;2;974;08/04/2014
2014059667;2;2;1;1;2;974;09/04/2014
2014059668;2;2;1;1;3;974;11/04/2014
2014059669;3;1;1;1;6;974;11/04/2014
2014059670;2;1;1;3;7;974;12/04/2014
2014059671;3;1;3;1;2;974;12/04/2014
2014059672;3;1;9;1;7;974;14/04/2014
2014059673;3;1;1;1;7;974;16/04/2014
2014059674;3;1;1;1;7;974;18/04/2014
2014059675;3;1;1;1;7;974;19/04/2014
2014059676;3;1;1;1;7;974;19/04/2014
2014059677;5;2;3;1;7;974;19/04/2014
2014059678;1;1;1;1;7;974;24/04/2014
2014059679;1;2;1;1;7;974;25/04/2014
2014059680;1;2;1;1;6;974;28/04/2014
2014059681;1;1;1;1;7;974;29/04/2014
2014059682;1;2;3;1;3;974;29/04/2014
2014059683;1;2;1;1;7;974;30/04/2014
2014059684;5;1;1;1;7;974;01/05/2014
2014059685;2;1;1;1;7;974;01/05/2014
2014059686;1;1;1;1;2;974;01/05/2014
2014059687;1;1;1;1;7;974;01/05/2014
2014059688;3;1;1;1;7;974;05/05/2014
2014059689;2;1;1;1;7;974;05/05/2014
2014059690;1;1;1;1;7;974;06/05/2014
2014059691;1;1;3;1;7;974;06/05/2014
2014059692;1;1;1;1;2;974;07/05/2014
2014059693;1;1;1;1;7;974;08/05/2014
2014059694;1;2;3;1;6;974;12/05/2014
2014059695;1;2;3;1;7;974;15/05/2014
2014059696;1;1;1;1;7;974;15/05/2014
2014059697;1;1;3;1;3;974;16/05/2014
2014059698;1;1;1;1;4;974;17/05/2014
2014059699;5;2;1;1;7;974;17/05/2014
2014059700;2;2;3;1;3;974;19/05/2014
2014059701;1;1;1;1;7;974;21/05/2014
2014059702;1;2;1;1;7;974;23/05/2014
2014059703;1;2;2;1;3;974;23/05/2014
2014059704;3;1;1;2;7;974;24/05/2014
2014059705;1;1;1;1;7;974;25/05/2014
2014059706;3;1;1;1;7;974;30/05/2014
2014059707;2;1;1;1;7;974;31/05/2014
2014059708;5;2;6;1;7;974;01/06/2014
2014059709;2;2;1;1;2;974;02/06/2014
2014059710;1;1;2;1;3;974;03/06/2014
2014059711;2;1;1;1;3;974;06/06/2014
2014059712;1;1;1;1;7;974;08/06/2014
2014059713;1;1;1;1;7;974;15/06/2014
2014059714;5;2;2;1;7;974;15/06/2014
2014059715;1;1;1;1;7;974;19/06/2014
2014059716;2;2;1;1;7;974;20/06/2014
2014059717;1;2;3;1;6;974;20/06/2014
2014059718;3;1;1;1;6;974;22/06/2014
2014059719;3;1;1;1;1;974;22/06/2014
2014059720;2;1;1;1;7;974;24/06/2014
2014059721;2;1;3;1;2;974;28/06/2014
2014059722;2;1;1;1;7;974;30/06/2014
2014059723;2;2;1;1;7;974;01/07/2014
2014059724;1;2;1;1;7;974;03/07/2014
2014059725;2;1;3;1;3;974;05/07/2014
2014059726;1;1;1;1;1;974;06/07/2014
2014059727;1;1;1;1;3;974;08/07/2014
2014059728;3;1;1;1;7;974;08/07/2014
2014059729;1;2;2;1;7;974;09/07/2014
2014059730;1;1;1;1;2;974;10/07/2014
2014059731;5;2;3;1;1;974;10/07/2014
2014059732;4;1;1;8;7;974;11/07/2014
2014059733;1;1;1;1;6;974;16/07/2014
2014059734;1;2;1;1;7;974;16/07/2014
2014059735;1;2;1;1;7;974;19/07/2014
2014059736;2;1;1;1;7;974;20/07/2014
2014059737;1;2;1;1;7;974;20/07/2014
2014059738;1;1;1;1;2;974;22/07/2014
2014059739;1;1;1;1;4;974;24/07/2014
2014059740;1;1;1;1;1;974;25/07/2014
2014059741;1;1;1;1;7;974;25/07/2014
2014059742;3;1;1;1;7;974;26/07/2014
2014059743;3;2;1;1;7;974;27/07/2014
2014059744;1;2;1;1;2;974;29/07/2014
2014059745;1;1;1;1;7;974;30/07/2014
2014059746;3;1;1;1;4;974;01/08/2014
2014059747;1;1;2;1;1;974;02/08/2014
2014059748;1;1;1;1;7;974;03/08/2014
2014059749;3;1;1;1;2;974;03/08/2014
2014059750;3;1;1;1;7;974;06/08/2014
2014059751;1;1;3;1;3;974;08/08/2014
2014059752;1;1;1;1;3;974;08/08/2014
2014059753;1;1;3;1;3;974;09/08/2014
2014059754;2;2;1;1;6;974;10/08/2014
2014059755;1;2;3;1;3;974;11/08/2014
2014059756;3;1;1;1;7;974;13/08/2014
2014059757;3;1;1;1;7;974;15/08/2014
2014059758;1;1;1;1;6;974;17/08/2014
2014059759;3;1;1;2;2;974;18/08/2014
2014059760;1;1;3;1;4;974;20/08/2014
2014059761;5;2;1;1;1;974;20/08/2014
2014059762;1;2;1;1;7;974;21/08/2014
2014059763;1;2;6;1;3;974;25/08/2014
2014059764;5;2;1;1;7;974;28/05/2014
2014059765;1;1;1;2;4;974;26/08/2014
2014059766;1;1;1;2;2;974;26/08/2014
2014059767;3;1;1;1;2;974;29/08/2014
2014059768;1;2;1;1;7;974;02/09/2014
2014059769;1;1;1;1;7;974;05/09/2014
2014059770;5;2;1;1;7;974;05/09/2014
2014059771;1;2;1;1;7;974;06/09/2014
2014059772;1;2;1;1;7;974;06/09/2014
2014059773;3;1;1;1;7;974;07/09/2014
2014059774;1;1;1;1;3;974;09/09/2014
2014059775;1;2;1;1;7;974;17/09/2014
2014059776;1;1;1;1;3;974;17/09/2014
2014059777;1;2;1;1;7;974;17/09/2014
2014059778;2;2;1;1;7;974;18/09/2014
2014059779;2;2;1;1;7;974;19/09/2014
2014059780;3;1;1;1;7;974;19/09/2014
2014059781;2;1;1;1;2;974;20/09/2014
2014059782;2;2;1;1;7;974;25/09/2014
2014059783;1;2;1;1;7;974;28/09/2014
2014059784;2;1;1;1;1;974;29/09/2014
2014059785;1;2;2;1;7;974;29/09/2014
2014059786;1;2;2;1;7;974;30/09/2014
2014059787;3;1;1;1;7;974;30/09/2014
2014059788;1;1;1;1;2;974;01/10/2014
2014059789;1;2;1;1;7;974;01/10/2014
2014059790;1;1;1;1;4;974;07/10/2014
2014059791;2;2;1;1;7;974;03/10/2014
2014059792;5;2;6;1;7;974;04/10/2014
2014059793;2;2;1;1;5;974;05/10/2014
2014059794;1;1;1;1;7;974;06/10/2014
2014059795;3;1;1;1;2;974;07/10/2014
2014059796;1;1;3;1;7;974;09/10/2014
2014059797;1;1;1;2;7;974;13/10/2014
2014059798;1;1;2;1;3;974;13/10/2014
2014059799;1;1;9;1;2;974;13/10/2014
2014059800;1;2;1;1;2;974;13/10/2014
2014059801;2;2;3;1;3;974;16/10/2014
2014059802;1;1;1;1;7;974;17/10/2014
2014059803;5;2;3;1;2;974;17/10/2014
2014059804;3;1;1;1;1;974;18/10/2014
2014059805;3;1;1;1;7;974;20/10/2014
2014059806;3;1;1;1;7;974;22/10/2014
2014059807;1;1;1;1;7;974;23/10/2014
2014059808;3;1;1;1;7;974;26/10/2014
2014059809;1;1;1;1;3;974;26/10/2014
2014059810;3;1;1;1;7;974;28/10/2014
2014059811;1;1;2;1;3;974;29/10/2014
2014059812;1;1;1;1;7;974;30/10/2014
2014059813;1;2;2;1;7;974;03/11/2014
2014059814;1;1;9;1;2;974;06/11/2014
2014059815;2;1;1;1;1;974;06/11/2014
2014059816;2;2;1;1;7;974;06/11/2014
2014059817;1;1;1;1;2;974;06/11/2014
2014059818;2;1;1;1;4;974;08/11/2014
2014059819;5;2;2;1;3;974;09/11/2014
2014059820;5;2;3;1;7;974;11/11/2014
2014059821;3;1;1;1;7;974;12/11/2014
2014059822;1;1;1;1;7;974;12/11/2014
2014059823;3;2;3;1;7;974;13/11/2014
2014059824;1;1;1;1;7;974;13/11/2014
2014059825;1;1;1;1;1;974;13/11/2014
2014059826;2;1;3;1;2;974;14/11/2014
2014059827;1;2;1;1;7;974;15/11/2014
2014059828;3;1;1;1;7;974;16/11/2014
2014059829;3;1;2;1;3;974;16/11/2014
2014059830;3;1;1;1;7;974;19/11/2014
2014059831;2;2;1;1;3;974;20/11/2014
2014059832;1;2;1;1;2;974;20/11/2014
2014059833;1;2;1;1;7;974;23/11/2014
2014059834;1;1;1;1;1;974;23/11/2014
2014059835;3;1;1;1;7;974;26/11/2014
2014059836;1;1;1;1;7;974;28/11/2014
2014059837;1;1;1;1;7;974;28/11/2014
2014059838;3;1;1;1;1;974;29/11/2014
2014059839;1;1;1;1;3;974;30/11/2014
2014059840;1;1;1;1;2;974;01/12/2014
2014059841;1;2;1;1;7;974;05/12/2014
2014059842;3;1;1;1;1;974;05/12/2014
2014059843;1;1;1;1;3;974;07/12/2014
2014059844;3;1;1;1;1;974;14/12/2014
2014059845;2;1;6;1;2;974;17/12/2014
2014059846;1;1;1;2;7;974;17/12/2014
2014059847;1;1;1;1;2;974;20/12/2014
2014059848;3;2;1;1;7;974;20/12/2014
2014059849;2;2;1;1;3;974;23/12/2014
2014059850;1;2;1;1;7;974;24/12/2014
2014059851;2;2;1;1;7;974;24/12/2014
2014059852;3;1;1;1;7;974;27/12/2014
2014059853;1;1;1;1;7;974;28/12/2014
2014059854;1;1;2;1;5;974;13/12/2014